[2026-07-16 12:29:06,494][root][INFO] - JAX backend=cpu | devices=[CpuDevice(id=0), CpuDevice(id=1), CpuDevice(id=2), CpuDevice(id=3), CpuDevice(id=4), CpuDevice(id=5), CpuDevice(id=6), CpuDevice(id=7), CpuDevice(id=8), CpuDevice(id=9), CpuDevice(id=10), CpuDevice(id=11)] | using 12
[2026-07-16 12:29:10,154][root][INFO] - Skipping Initialisation: cfg.case_study.extendedDS_bounds is pre-set; the bounds consumers use it directly and would ignore init's per-edge input_data_bounds.
[2026-07-16 12:29:10,154][root][INFO] - ------- Characterising node 49 according to precedence order -------
[2026-07-16 12:29:10,156][root][INFO] - Bounds: {'d1': {'d1': [np.float64(290.0), np.float64(302.0)]}, 'd2': {'d2': [np.float64(0.78), np.float64(0.97)]}, 'd3': {'d3': [np.float64(314.0), np.float64(332.0)]}, 'd4': {'d4': [np.float64(290.0), np.float64(302.0)]}, 'd5': {'d5': [np.float64(0.8), np.float64(0.95)]}}
[2026-07-16 12:29:10,156][root][INFO] - EXTENDED DS DIM.: 5
[2026-07-16 12:29:10,350][root][INFO] - Integration took 0.11297202110290527 seconds
[2026-07-16 12:29:11,051][root][INFO] - Solver iteration: 0
[2026-07-16 12:29:11,051][root][INFO] - 	 *Phase: INITIAL
[2026-07-16 12:29:11,051][root][INFO] - 	 *lowest F value: -1.38744 | # live points: 1000
[2026-07-16 12:29:11,058][root][INFO] - Phase INITIAL is over.
[2026-07-16 12:29:11,078][root][INFO] - Solver iteration: 1
[2026-07-16 12:29:11,078][root][INFO] - 	 *Phase: DETERMINISTIC
[2026-07-16 12:29:11,078][root][INFO] - 	 *lowest F value: -1.38598 | # live points: 1000 | # proposals: 100
[2026-07-16 12:29:11,078][root][INFO] - 	 *Fraction of live points in DS~nominal: 1.0000
[2026-07-16 12:29:11,078][root][INFO] - 	 *Evidence estimate: 0.00000
[2026-07-16 12:29:11,078][root][INFO] - Phase DETERMINISTIC is over.
[2026-07-16 12:29:11,078][root][INFO] - Phase NMVP_SEARCH is skipped.
[2026-07-16 12:29:11,172][root][INFO] - Solver iteration: 1
[2026-07-16 12:29:11,172][root][INFO] - 	 *Phase: TRANSITION
[2026-07-16 12:29:11,172][root][INFO] - 	 *lowest F value: 1.00000 | # live points: 1000
[2026-07-16 12:29:11,195][root][INFO] - Phase TRANSITION is over.
[2026-07-16 12:29:11,214][root][INFO] - Solver iteration: 2
[2026-07-16 12:29:11,214][root][INFO] - 	 *Phase: PROBABILISTIC
[2026-07-16 12:29:11,214][root][INFO] - 	 *lowest F value: 1.00000 | # live points: 1000 | # proposals: 100
[2026-07-16 12:29:11,214][root][INFO] - 	 *Fraction of live points in DS~100.00%: 1.0000
[2026-07-16 12:29:11,214][root][INFO] - 	 *Evidence estimate: 2.31581
[2026-07-16 12:29:11,214][root][INFO] - Phase PROBABILISTIC is over.
[2026-07-16 12:29:11,339][root][INFO] - Design Space Characterization is done.
[2026-07-16 12:29:11,339][root][INFO] - Time taken to solve the problem: 1.1763420104980469 seconds
[2026-07-16 12:29:51,352][root][INFO] - training_performance (regressor): {'mse': Array(0.00024465, dtype=float64), 'standardised_mape': Array(0.06156077, dtype=float64)} | best_hyperparams={'hidden_size': [50, 50, 25], 'activation_function': 'gelu', 'output_units': 1} | best_avg_val_loss=0.001755
[2026-07-16 12:29:57,109][root][INFO] - training_performance: {'acc': 0.9655898876404494, 'tn': np.int64(1989), 'fp': np.int64(0), 'fn': np.int64(147), 'tp': np.int64(2136)}
[2026-07-16 12:29:57,708][root][INFO] - ------- Characterising node 48 according to precedence order -------
[2026-07-16 12:29:57,710][root][INFO] - Bounds: {'d1': {'d1': [np.float64(290.0), np.float64(302.0)]}, 'd2': {'d2': [np.float64(0.78), np.float64(0.97)]}, 'd3': {'d3': [np.float64(314.0), np.float64(332.0)]}, 'd4': {'d4': [np.float64(290.0), np.float64(302.0)]}, 'd5': {'d5': [np.float64(0.8), np.float64(0.95)]}}
[2026-07-16 12:29:57,710][root][INFO] - EXTENDED DS DIM.: 5
[2026-07-16 12:29:57,865][root][INFO] - Integration took 0.10395073890686035 seconds
[2026-07-16 12:30:00,403][root][INFO] - Backward constraint evaluation time for node 48: 2.1094 seconds
[2026-07-16 12:30:03,227][root][INFO] - Cost-to-go evaluation time for node 48: 2.5458 seconds
[2026-07-16 12:30:04,096][root][INFO] - Backward constraint evaluation time for node 48: 0.7750 seconds
[2026-07-16 12:30:04,915][root][INFO] - Cost-to-go evaluation time for node 48: 0.8174 seconds
[2026-07-16 12:30:05,695][root][INFO] - Backward constraint evaluation time for node 48: 0.7726 seconds
[2026-07-16 12:30:06,520][root][INFO] - Cost-to-go evaluation time for node 48: 0.8236 seconds
[2026-07-16 12:30:07,311][root][INFO] - Backward constraint evaluation time for node 48: 0.7828 seconds
[2026-07-16 12:30:08,132][root][INFO] - Cost-to-go evaluation time for node 48: 0.8206 seconds
[2026-07-16 12:30:08,912][root][INFO] - Backward constraint evaluation time for node 48: 0.7722 seconds
[2026-07-16 12:30:09,731][root][INFO] - Cost-to-go evaluation time for node 48: 0.8181 seconds
[2026-07-16 12:30:10,514][root][INFO] - Backward constraint evaluation time for node 48: 0.7744 seconds
[2026-07-16 12:30:11,328][root][INFO] - Cost-to-go evaluation time for node 48: 0.8139 seconds
[2026-07-16 12:30:12,108][root][INFO] - Backward constraint evaluation time for node 48: 0.7718 seconds
[2026-07-16 12:30:12,923][root][INFO] - Cost-to-go evaluation time for node 48: 0.8140 seconds
[2026-07-16 12:30:13,703][root][INFO] - Backward constraint evaluation time for node 48: 0.7722 seconds
[2026-07-16 12:30:14,515][root][INFO] - Cost-to-go evaluation time for node 48: 0.8116 seconds
[2026-07-16 12:30:15,297][root][INFO] - Backward constraint evaluation time for node 48: 0.7737 seconds
[2026-07-16 12:30:16,115][root][INFO] - Cost-to-go evaluation time for node 48: 0.8166 seconds
[2026-07-16 12:30:16,897][root][INFO] - Backward constraint evaluation time for node 48: 0.7744 seconds
[2026-07-16 12:30:17,714][root][INFO] - Cost-to-go evaluation time for node 48: 0.8161 seconds
[2026-07-16 12:30:17,721][root][INFO] - Solver iteration: 0
[2026-07-16 12:30:17,721][root][INFO] - 	 *Phase: INITIAL
[2026-07-16 12:30:17,721][root][INFO] - 	 *lowest F value: -2.08058 | # live points: 1000
[2026-07-16 12:30:17,728][root][INFO] - Phase INITIAL is over.
[2026-07-16 12:30:18,514][root][INFO] - Backward constraint evaluation time for node 48: 0.7744 seconds
[2026-07-16 12:30:19,329][root][INFO] - Cost-to-go evaluation time for node 48: 0.8144 seconds
[2026-07-16 12:30:19,330][root][INFO] - [s] SQP feasible:  bwd-cls 100/100 (100%), bwd-CTG 100/100 (100%)
[2026-07-16 12:30:19,330][root][INFO] - [s] SQP converged: bwd-cls 100/100 (100%), bwd-CTG 100/100 (100%)
[2026-07-16 12:30:19,338][root][INFO] - Solver iteration: 1
[2026-07-16 12:30:19,338][root][INFO] - 	 *Phase: DETERMINISTIC
[2026-07-16 12:30:19,338][root][INFO] - 	 *lowest F value: -1.61874 | # live points: 1000 | # proposals: 100
[2026-07-16 12:30:19,338][root][INFO] - 	 *Fraction of live points in DS~nominal: 1.0000
[2026-07-16 12:30:19,338][root][INFO] - 	 *Evidence estimate: 0.00000
[2026-07-16 12:30:19,338][root][INFO] - Phase DETERMINISTIC is over.
[2026-07-16 12:30:19,338][root][INFO] - Phase NMVP_SEARCH is skipped.
[2026-07-16 12:30:20,130][root][INFO] - Backward constraint evaluation time for node 48: 0.7748 seconds
[2026-07-16 12:30:20,946][root][INFO] - Cost-to-go evaluation time for node 48: 0.8151 seconds
[2026-07-16 12:30:21,727][root][INFO] - Backward constraint evaluation time for node 48: 0.7737 seconds
[2026-07-16 12:30:22,543][root][INFO] - Cost-to-go evaluation time for node 48: 0.8149 seconds
[2026-07-16 12:30:23,324][root][INFO] - Backward constraint evaluation time for node 48: 0.7726 seconds
[2026-07-16 12:30:24,139][root][INFO] - Cost-to-go evaluation time for node 48: 0.8148 seconds
[2026-07-16 12:30:24,921][root][INFO] - Backward constraint evaluation time for node 48: 0.7740 seconds
[2026-07-16 12:30:25,735][root][INFO] - Cost-to-go evaluation time for node 48: 0.8129 seconds
[2026-07-16 12:30:26,517][root][INFO] - Backward constraint evaluation time for node 48: 0.7748 seconds
[2026-07-16 12:30:27,332][root][INFO] - Cost-to-go evaluation time for node 48: 0.8137 seconds
[2026-07-16 12:30:28,114][root][INFO] - Backward constraint evaluation time for node 48: 0.7746 seconds
[2026-07-16 12:30:28,932][root][INFO] - Cost-to-go evaluation time for node 48: 0.8171 seconds
[2026-07-16 12:30:29,711][root][INFO] - Backward constraint evaluation time for node 48: 0.7714 seconds
[2026-07-16 12:30:30,526][root][INFO] - Cost-to-go evaluation time for node 48: 0.8138 seconds
[2026-07-16 12:30:31,307][root][INFO] - Backward constraint evaluation time for node 48: 0.7734 seconds
[2026-07-16 12:30:32,123][root][INFO] - Cost-to-go evaluation time for node 48: 0.8142 seconds
[2026-07-16 12:30:32,902][root][INFO] - Backward constraint evaluation time for node 48: 0.7721 seconds
[2026-07-16 12:30:33,718][root][INFO] - Cost-to-go evaluation time for node 48: 0.8143 seconds
[2026-07-16 12:30:34,499][root][INFO] - Backward constraint evaluation time for node 48: 0.7735 seconds
[2026-07-16 12:30:35,314][root][INFO] - Cost-to-go evaluation time for node 48: 0.8138 seconds
[2026-07-16 12:30:35,314][root][INFO] - [s] SQP feasible:  bwd-cls 1000/1000 (100%), bwd-CTG 1000/1000 (100%)
[2026-07-16 12:30:35,315][root][INFO] - [s] SQP converged: bwd-cls 1000/1000 (100%), bwd-CTG 1000/1000 (100%)
[2026-07-16 12:30:35,320][root][INFO] - Solver iteration: 1
[2026-07-16 12:30:35,320][root][INFO] - 	 *Phase: TRANSITION
[2026-07-16 12:30:35,320][root][INFO] - 	 *lowest F value: 1.00000 | # live points: 1000
[2026-07-16 12:30:35,328][root][INFO] - Phase TRANSITION is over.
[2026-07-16 12:30:36,115][root][INFO] - Backward constraint evaluation time for node 48: 0.7728 seconds
[2026-07-16 12:30:36,929][root][INFO] - Cost-to-go evaluation time for node 48: 0.8128 seconds
[2026-07-16 12:30:36,930][root][INFO] - [s] SQP feasible:  bwd-cls 100/100 (100%), bwd-CTG 100/100 (100%)
[2026-07-16 12:30:36,930][root][INFO] - [s] SQP converged: bwd-cls 100/100 (100%), bwd-CTG 100/100 (100%)
[2026-07-16 12:30:36,935][root][INFO] - Solver iteration: 2
[2026-07-16 12:30:36,936][root][INFO] - 	 *Phase: PROBABILISTIC
[2026-07-16 12:30:36,936][root][INFO] - 	 *lowest F value: 1.00000 | # live points: 1000 | # proposals: 100
[2026-07-16 12:30:36,936][root][INFO] - 	 *Fraction of live points in DS~100.00%: 1.0000
[2026-07-16 12:30:36,936][root][INFO] - 	 *Evidence estimate: 2.30029
[2026-07-16 12:30:36,936][root][INFO] - Phase PROBABILISTIC is over.
[2026-07-16 12:30:37,028][root][INFO] - Design Space Characterization is done.
[2026-07-16 12:30:37,028][root][INFO] - Time taken to solve the problem: 39.308566093444824 seconds
[2026-07-16 12:30:37,045][root][INFO] - Node 48: bwd-cls — feasible 2200/2200 (100.0%), converged 2200/2200 (100.0%)
[2026-07-16 12:30:37,045][root][INFO] - Node 48: bwd-CTG — feasible 2200/2200 (100.0%), converged 2200/2200 (100.0%)
[2026-07-16 12:31:17,163][root][INFO] - training_performance (regressor): {'mse': Array(0.00025137, dtype=float64), 'standardised_mape': Array(0.04148093, dtype=float64)} | best_hyperparams={'hidden_size': [50, 50, 25], 'activation_function': 'gelu', 'output_units': 1} | best_avg_val_loss=0.001686
[2026-07-16 12:31:19,005][root][INFO] - training_performance: {'acc': 0.9660580524344569, 'tn': np.int64(1991), 'fp': np.int64(0), 'fn': np.int64(145), 'tp': np.int64(2136)}
[2026-07-16 12:31:19,571][root][INFO] - ------- Characterising node 47 according to precedence order -------
[2026-07-16 12:31:19,572][root][INFO] - Bounds: {'d1': {'d1': [np.float64(290.0), np.float64(302.0)]}, 'd2': {'d2': [np.float64(0.78), np.float64(0.97)]}, 'd3': {'d3': [np.float64(314.0), np.float64(332.0)]}, 'd4': {'d4': [np.float64(290.0), np.float64(302.0)]}, 'd5': {'d5': [np.float64(0.8), np.float64(0.95)]}}
[2026-07-16 12:31:19,572][root][INFO] - EXTENDED DS DIM.: 5
[2026-07-16 12:31:19,726][root][INFO] - Integration took 0.10240006446838379 seconds
[2026-07-16 12:31:22,250][root][INFO] - Backward constraint evaluation time for node 47: 2.0963 seconds
[2026-07-16 12:31:24,937][root][INFO] - Cost-to-go evaluation time for node 47: 2.4162 seconds
[2026-07-16 12:31:25,809][root][INFO] - Backward constraint evaluation time for node 47: 0.7761 seconds
[2026-07-16 12:31:26,625][root][INFO] - Cost-to-go evaluation time for node 47: 0.8144 seconds
[2026-07-16 12:31:27,407][root][INFO] - Backward constraint evaluation time for node 47: 0.7748 seconds
[2026-07-16 12:31:28,223][root][INFO] - Cost-to-go evaluation time for node 47: 0.8142 seconds
[2026-07-16 12:31:29,006][root][INFO] - Backward constraint evaluation time for node 47: 0.7756 seconds
[2026-07-16 12:31:29,822][root][INFO] - Cost-to-go evaluation time for node 47: 0.8151 seconds
[2026-07-16 12:31:30,609][root][INFO] - Backward constraint evaluation time for node 47: 0.7795 seconds
[2026-07-16 12:31:31,425][root][INFO] - Cost-to-go evaluation time for node 47: 0.8147 seconds
[2026-07-16 12:31:32,205][root][INFO] - Backward constraint evaluation time for node 47: 0.7721 seconds
[2026-07-16 12:31:33,022][root][INFO] - Cost-to-go evaluation time for node 47: 0.8156 seconds
[2026-07-16 12:31:33,803][root][INFO] - Backward constraint evaluation time for node 47: 0.7732 seconds
[2026-07-16 12:31:34,619][root][INFO] - Cost-to-go evaluation time for node 47: 0.8157 seconds
[2026-07-16 12:31:35,401][root][INFO] - Backward constraint evaluation time for node 47: 0.7734 seconds
[2026-07-16 12:31:36,214][root][INFO] - Cost-to-go evaluation time for node 47: 0.8121 seconds
[2026-07-16 12:31:36,996][root][INFO] - Backward constraint evaluation time for node 47: 0.7744 seconds
[2026-07-16 12:31:37,813][root][INFO] - Cost-to-go evaluation time for node 47: 0.8165 seconds
[2026-07-16 12:31:38,594][root][INFO] - Backward constraint evaluation time for node 47: 0.7728 seconds
[2026-07-16 12:31:39,412][root][INFO] - Cost-to-go evaluation time for node 47: 0.8167 seconds
[2026-07-16 12:31:39,419][root][INFO] - Solver iteration: 0
[2026-07-16 12:31:39,419][root][INFO] - 	 *Phase: INITIAL
[2026-07-16 12:31:39,419][root][INFO] - 	 *lowest F value: -2.08058 | # live points: 1000
[2026-07-16 12:31:39,426][root][INFO] - Phase INITIAL is over.
[2026-07-16 12:31:40,209][root][INFO] - Backward constraint evaluation time for node 47: 0.7722 seconds
[2026-07-16 12:31:41,026][root][INFO] - Cost-to-go evaluation time for node 47: 0.8156 seconds
[2026-07-16 12:31:41,027][root][INFO] - [s] SQP feasible:  bwd-cls 100/100 (100%), bwd-CTG 100/100 (100%)
[2026-07-16 12:31:41,027][root][INFO] - [s] SQP converged: bwd-cls 100/100 (100%), bwd-CTG 100/100 (100%)
[2026-07-16 12:31:41,035][root][INFO] - Solver iteration: 1
[2026-07-16 12:31:41,035][root][INFO] - 	 *Phase: DETERMINISTIC
[2026-07-16 12:31:41,035][root][INFO] - 	 *lowest F value: -1.60762 | # live points: 1000 | # proposals: 100
[2026-07-16 12:31:41,035][root][INFO] - 	 *Fraction of live points in DS~nominal: 1.0000
[2026-07-16 12:31:41,035][root][INFO] - 	 *Evidence estimate: 0.00000
[2026-07-16 12:31:41,035][root][INFO] - Phase DETERMINISTIC is over.
[2026-07-16 12:31:41,035][root][INFO] - Phase NMVP_SEARCH is skipped.
[2026-07-16 12:31:41,822][root][INFO] - Backward constraint evaluation time for node 47: 0.7710 seconds
[2026-07-16 12:31:42,637][root][INFO] - Cost-to-go evaluation time for node 47: 0.8141 seconds
[2026-07-16 12:31:43,420][root][INFO] - Backward constraint evaluation time for node 47: 0.7750 seconds
[2026-07-16 12:31:44,237][root][INFO] - Cost-to-go evaluation time for node 47: 0.8160 seconds
[2026-07-16 12:31:45,019][root][INFO] - Backward constraint evaluation time for node 47: 0.7734 seconds
[2026-07-16 12:31:45,835][root][INFO] - Cost-to-go evaluation time for node 47: 0.8150 seconds
[2026-07-16 12:31:46,614][root][INFO] - Backward constraint evaluation time for node 47: 0.7712 seconds
[2026-07-16 12:31:47,426][root][INFO] - Cost-to-go evaluation time for node 47: 0.8116 seconds
[2026-07-16 12:31:48,208][root][INFO] - Backward constraint evaluation time for node 47: 0.7746 seconds
[2026-07-16 12:31:49,023][root][INFO] - Cost-to-go evaluation time for node 47: 0.8137 seconds
[2026-07-16 12:31:49,803][root][INFO] - Backward constraint evaluation time for node 47: 0.7728 seconds
[2026-07-16 12:31:50,621][root][INFO] - Cost-to-go evaluation time for node 47: 0.8169 seconds
[2026-07-16 12:31:51,401][root][INFO] - Backward constraint evaluation time for node 47: 0.7722 seconds
[2026-07-16 12:31:52,215][root][INFO] - Cost-to-go evaluation time for node 47: 0.8129 seconds
[2026-07-16 12:31:52,996][root][INFO] - Backward constraint evaluation time for node 47: 0.7732 seconds
[2026-07-16 12:31:53,810][root][INFO] - Cost-to-go evaluation time for node 47: 0.8138 seconds
[2026-07-16 12:31:54,590][root][INFO] - Backward constraint evaluation time for node 47: 0.7713 seconds
[2026-07-16 12:31:55,403][root][INFO] - Cost-to-go evaluation time for node 47: 0.8120 seconds
[2026-07-16 12:31:56,182][root][INFO] - Backward constraint evaluation time for node 47: 0.7717 seconds
[2026-07-16 12:31:56,998][root][INFO] - Cost-to-go evaluation time for node 47: 0.8148 seconds
[2026-07-16 12:31:56,998][root][INFO] - [s] SQP feasible:  bwd-cls 1000/1000 (100%), bwd-CTG 1000/1000 (100%)
[2026-07-16 12:31:56,998][root][INFO] - [s] SQP converged: bwd-cls 1000/1000 (100%), bwd-CTG 1000/1000 (100%)
[2026-07-16 12:31:57,004][root][INFO] - Solver iteration: 1
[2026-07-16 12:31:57,004][root][INFO] - 	 *Phase: TRANSITION
[2026-07-16 12:31:57,004][root][INFO] - 	 *lowest F value: 1.00000 | # live points: 1000
[2026-07-16 12:31:57,012][root][INFO] - Phase TRANSITION is over.
[2026-07-16 12:31:57,799][root][INFO] - Backward constraint evaluation time for node 47: 0.7743 seconds
[2026-07-16 12:31:58,616][root][INFO] - Cost-to-go evaluation time for node 47: 0.8153 seconds
[2026-07-16 12:31:58,616][root][INFO] - [s] SQP feasible:  bwd-cls 100/100 (100%), bwd-CTG 100/100 (100%)
[2026-07-16 12:31:58,616][root][INFO] - [s] SQP converged: bwd-cls 100/100 (100%), bwd-CTG 100/100 (100%)
[2026-07-16 12:31:58,622][root][INFO] - Solver iteration: 2
[2026-07-16 12:31:58,622][root][INFO] - 	 *Phase: PROBABILISTIC
[2026-07-16 12:31:58,622][root][INFO] - 	 *lowest F value: 1.00000 | # live points: 1000 | # proposals: 100
[2026-07-16 12:31:58,622][root][INFO] - 	 *Fraction of live points in DS~100.00%: 1.0000
[2026-07-16 12:31:58,622][root][INFO] - 	 *Evidence estimate: 2.30041
[2026-07-16 12:31:58,622][root][INFO] - Phase PROBABILISTIC is over.
[2026-07-16 12:31:58,731][root][INFO] - Design Space Characterization is done.
[2026-07-16 12:31:58,731][root][INFO] - Time taken to solve the problem: 39.149142026901245 seconds
[2026-07-16 12:31:58,743][root][INFO] - Node 47: bwd-cls — feasible 2200/2200 (100.0%), converged 2200/2200 (100.0%)
[2026-07-16 12:31:58,743][root][INFO] - Node 47: bwd-CTG — feasible 2200/2200 (100.0%), converged 2200/2200 (100.0%)
[2026-07-16 12:32:38,630][root][INFO] - training_performance (regressor): {'mse': Array(0.00033132, dtype=float64), 'standardised_mape': Array(0.06271644, dtype=float64)} | best_hyperparams={'hidden_size': [50, 50, 25], 'activation_function': 'gelu', 'output_units': 1} | best_avg_val_loss=0.002039
[2026-07-16 12:32:40,909][root][INFO] - training_performance: {'acc': 0.967741935483871, 'tn': np.int64(2001), 'fp': np.int64(0), 'fn': np.int64(138), 'tp': np.int64(2139)}
[2026-07-16 12:32:41,505][root][INFO] - ------- Characterising node 46 according to precedence order -------
[2026-07-16 12:32:41,506][root][INFO] - Bounds: {'d1': {'d1': [np.float64(290.0), np.float64(302.0)]}, 'd2': {'d2': [np.float64(0.78), np.float64(0.97)]}, 'd3': {'d3': [np.float64(314.0), np.float64(332.0)]}, 'd4': {'d4': [np.float64(290.0), np.float64(302.0)]}, 'd5': {'d5': [np.float64(0.8), np.float64(0.95)]}}
[2026-07-16 12:32:41,506][root][INFO] - EXTENDED DS DIM.: 5
[2026-07-16 12:32:41,660][root][INFO] - Integration took 0.10333108901977539 seconds
[2026-07-16 12:32:44,207][root][INFO] - Backward constraint evaluation time for node 46: 2.1186 seconds
[2026-07-16 12:32:46,866][root][INFO] - Cost-to-go evaluation time for node 46: 2.3865 seconds
[2026-07-16 12:32:47,739][root][INFO] - Backward constraint evaluation time for node 46: 0.7748 seconds
[2026-07-16 12:32:48,563][root][INFO] - Cost-to-go evaluation time for node 46: 0.8237 seconds
[2026-07-16 12:32:49,342][root][INFO] - Backward constraint evaluation time for node 46: 0.7711 seconds
[2026-07-16 12:32:50,157][root][INFO] - Cost-to-go evaluation time for node 46: 0.8141 seconds
[2026-07-16 12:32:50,937][root][INFO] - Backward constraint evaluation time for node 46: 0.7713 seconds
[2026-07-16 12:32:51,750][root][INFO] - Cost-to-go evaluation time for node 46: 0.8123 seconds
[2026-07-16 12:32:52,529][root][INFO] - Backward constraint evaluation time for node 46: 0.7711 seconds
[2026-07-16 12:32:53,347][root][INFO] - Cost-to-go evaluation time for node 46: 0.8170 seconds
[2026-07-16 12:32:54,124][root][INFO] - Backward constraint evaluation time for node 46: 0.7702 seconds
[2026-07-16 12:32:54,945][root][INFO] - Cost-to-go evaluation time for node 46: 0.8198 seconds
[2026-07-16 12:32:55,722][root][INFO] - Backward constraint evaluation time for node 46: 0.7692 seconds
[2026-07-16 12:32:56,535][root][INFO] - Cost-to-go evaluation time for node 46: 0.8121 seconds
[2026-07-16 12:32:57,315][root][INFO] - Backward constraint evaluation time for node 46: 0.7718 seconds
[2026-07-16 12:32:58,130][root][INFO] - Cost-to-go evaluation time for node 46: 0.8149 seconds
[2026-07-16 12:32:58,910][root][INFO] - Backward constraint evaluation time for node 46: 0.7718 seconds
[2026-07-16 12:32:59,731][root][INFO] - Cost-to-go evaluation time for node 46: 0.8195 seconds
[2026-07-16 12:33:00,517][root][INFO] - Backward constraint evaluation time for node 46: 0.7790 seconds
[2026-07-16 12:33:01,331][root][INFO] - Cost-to-go evaluation time for node 46: 0.8125 seconds
[2026-07-16 12:33:01,338][root][INFO] - Solver iteration: 0
[2026-07-16 12:33:01,338][root][INFO] - 	 *Phase: INITIAL
[2026-07-16 12:33:01,338][root][INFO] - 	 *lowest F value: -2.08058 | # live points: 1000
[2026-07-16 12:33:01,345][root][INFO] - Phase INITIAL is over.
[2026-07-16 12:33:02,125][root][INFO] - Backward constraint evaluation time for node 46: 0.7696 seconds
[2026-07-16 12:33:02,939][root][INFO] - Cost-to-go evaluation time for node 46: 0.8125 seconds
[2026-07-16 12:33:02,940][root][INFO] - [s] SQP feasible:  bwd-cls 100/100 (100%), bwd-CTG 100/100 (100%)
[2026-07-16 12:33:02,940][root][INFO] - [s] SQP converged: bwd-cls 100/100 (100%), bwd-CTG 100/100 (100%)
[2026-07-16 12:33:02,948][root][INFO] - Solver iteration: 1
[2026-07-16 12:33:02,948][root][INFO] - 	 *Phase: DETERMINISTIC
[2026-07-16 12:33:02,948][root][INFO] - 	 *lowest F value: -1.60910 | # live points: 1000 | # proposals: 100
[2026-07-16 12:33:02,948][root][INFO] - 	 *Fraction of live points in DS~nominal: 1.0000
[2026-07-16 12:33:02,948][root][INFO] - 	 *Evidence estimate: 0.00000
[2026-07-16 12:33:02,948][root][INFO] - Phase DETERMINISTIC is over.
[2026-07-16 12:33:02,948][root][INFO] - Phase NMVP_SEARCH is skipped.
[2026-07-16 12:33:03,735][root][INFO] - Backward constraint evaluation time for node 46: 0.7713 seconds
[2026-07-16 12:33:04,551][root][INFO] - Cost-to-go evaluation time for node 46: 0.8146 seconds
[2026-07-16 12:33:05,329][root][INFO] - Backward constraint evaluation time for node 46: 0.7704 seconds
[2026-07-16 12:33:06,147][root][INFO] - Cost-to-go evaluation time for node 46: 0.8171 seconds
[2026-07-16 12:33:06,926][root][INFO] - Backward constraint evaluation time for node 46: 0.7713 seconds
[2026-07-16 12:33:07,738][root][INFO] - Cost-to-go evaluation time for node 46: 0.8111 seconds
[2026-07-16 12:33:08,522][root][INFO] - Backward constraint evaluation time for node 46: 0.7756 seconds
[2026-07-16 12:33:09,335][root][INFO] - Cost-to-go evaluation time for node 46: 0.8128 seconds
[2026-07-16 12:33:10,131][root][INFO] - Backward constraint evaluation time for node 46: 0.7874 seconds
[2026-07-16 12:33:10,969][root][INFO] - Cost-to-go evaluation time for node 46: 0.8370 seconds
[2026-07-16 12:33:11,774][root][INFO] - Backward constraint evaluation time for node 46: 0.7974 seconds
[2026-07-16 12:33:12,617][root][INFO] - Cost-to-go evaluation time for node 46: 0.8422 seconds
[2026-07-16 12:33:13,425][root][INFO] - Backward constraint evaluation time for node 46: 0.7995 seconds
[2026-07-16 12:33:14,267][root][INFO] - Cost-to-go evaluation time for node 46: 0.8409 seconds
[2026-07-16 12:33:15,072][root][INFO] - Backward constraint evaluation time for node 46: 0.7978 seconds
[2026-07-16 12:33:15,906][root][INFO] - Cost-to-go evaluation time for node 46: 0.8321 seconds
[2026-07-16 12:33:16,705][root][INFO] - Backward constraint evaluation time for node 46: 0.7915 seconds
[2026-07-16 12:33:17,533][root][INFO] - Cost-to-go evaluation time for node 46: 0.8266 seconds
[2026-07-16 12:33:18,331][root][INFO] - Backward constraint evaluation time for node 46: 0.7908 seconds
[2026-07-16 12:33:19,161][root][INFO] - Cost-to-go evaluation time for node 46: 0.8289 seconds
[2026-07-16 12:33:19,162][root][INFO] - [s] SQP feasible:  bwd-cls 1000/1000 (100%), bwd-CTG 1000/1000 (100%)
[2026-07-16 12:33:19,162][root][INFO] - [s] SQP converged: bwd-cls 1000/1000 (100%), bwd-CTG 1000/1000 (100%)
[2026-07-16 12:33:19,167][root][INFO] - Solver iteration: 1
[2026-07-16 12:33:19,167][root][INFO] - 	 *Phase: TRANSITION
[2026-07-16 12:33:19,167][root][INFO] - 	 *lowest F value: 1.00000 | # live points: 1000
[2026-07-16 12:33:19,176][root][INFO] - Phase TRANSITION is over.
[2026-07-16 12:33:19,989][root][INFO] - Backward constraint evaluation time for node 46: 0.7998 seconds
[2026-07-16 12:33:20,843][root][INFO] - Cost-to-go evaluation time for node 46: 0.8530 seconds
[2026-07-16 12:33:20,844][root][INFO] - [s] SQP feasible:  bwd-cls 100/100 (100%), bwd-CTG 100/100 (100%)
[2026-07-16 12:33:20,844][root][INFO] - [s] SQP converged: bwd-cls 100/100 (100%), bwd-CTG 100/100 (100%)
[2026-07-16 12:33:20,850][root][INFO] - Solver iteration: 2
[2026-07-16 12:33:20,850][root][INFO] - 	 *Phase: PROBABILISTIC
[2026-07-16 12:33:20,850][root][INFO] - 	 *lowest F value: 1.00000 | # live points: 1000 | # proposals: 100
[2026-07-16 12:33:20,850][root][INFO] - 	 *Fraction of live points in DS~100.00%: 1.0000
[2026-07-16 12:33:20,850][root][INFO] - 	 *Evidence estimate: 2.30038
[2026-07-16 12:33:20,850][root][INFO] - Phase PROBABILISTIC is over.
[2026-07-16 12:33:20,964][root][INFO] - Design Space Characterization is done.
[2026-07-16 12:33:20,964][root][INFO] - Time taken to solve the problem: 39.4478600025177 seconds
[2026-07-16 12:33:20,977][root][INFO] - Node 46: bwd-cls — feasible 2200/2200 (100.0%), converged 2200/2200 (100.0%)
[2026-07-16 12:33:20,977][root][INFO] - Node 46: bwd-CTG — feasible 2200/2200 (100.0%), converged 2200/2200 (100.0%)
[2026-07-16 12:34:01,488][root][INFO] - training_performance (regressor): {'mse': Array(0.00035002, dtype=float64), 'standardised_mape': Array(0.06099888, dtype=float64)} | best_hyperparams={'hidden_size': [50, 50, 25], 'activation_function': 'gelu', 'output_units': 1} | best_avg_val_loss=0.002054
[2026-07-16 12:34:03,711][root][INFO] - training_performance: {'acc': 0.9672744273024778, 'tn': np.int64(1999), 'fp': np.int64(0), 'fn': np.int64(140), 'tp': np.int64(2139)}
[2026-07-16 12:34:04,330][root][INFO] - ------- Characterising node 45 according to precedence order -------
[2026-07-16 12:34:04,331][root][INFO] - Bounds: {'d1': {'d1': [np.float64(290.0), np.float64(302.0)]}, 'd2': {'d2': [np.float64(0.78), np.float64(0.97)]}, 'd3': {'d3': [np.float64(314.0), np.float64(332.0)]}, 'd4': {'d4': [np.float64(290.0), np.float64(302.0)]}, 'd5': {'d5': [np.float64(0.8), np.float64(0.95)]}}
[2026-07-16 12:34:04,331][root][INFO] - EXTENDED DS DIM.: 5
[2026-07-16 12:34:04,484][root][INFO] - Integration took 0.10289216041564941 seconds
[2026-07-16 12:34:07,008][root][INFO] - Backward constraint evaluation time for node 45: 2.0972 seconds
[2026-07-16 12:34:09,651][root][INFO] - Cost-to-go evaluation time for node 45: 2.3640 seconds
[2026-07-16 12:34:10,522][root][INFO] - Backward constraint evaluation time for node 45: 0.7728 seconds
[2026-07-16 12:34:11,339][root][INFO] - Cost-to-go evaluation time for node 45: 0.8167 seconds
[2026-07-16 12:34:12,121][root][INFO] - Backward constraint evaluation time for node 45: 0.7741 seconds
[2026-07-16 12:34:12,936][root][INFO] - Cost-to-go evaluation time for node 45: 0.8140 seconds
[2026-07-16 12:34:13,721][root][INFO] - Backward constraint evaluation time for node 45: 0.7769 seconds
[2026-07-16 12:34:14,536][root][INFO] - Cost-to-go evaluation time for node 45: 0.8143 seconds
[2026-07-16 12:34:15,317][root][INFO] - Backward constraint evaluation time for node 45: 0.7727 seconds
[2026-07-16 12:34:16,131][root][INFO] - Cost-to-go evaluation time for node 45: 0.8133 seconds
[2026-07-16 12:34:16,915][root][INFO] - Backward constraint evaluation time for node 45: 0.7755 seconds
[2026-07-16 12:34:17,730][root][INFO] - Cost-to-go evaluation time for node 45: 0.8142 seconds
[2026-07-16 12:34:18,510][root][INFO] - Backward constraint evaluation time for node 45: 0.7726 seconds
[2026-07-16 12:34:19,324][root][INFO] - Cost-to-go evaluation time for node 45: 0.8123 seconds
[2026-07-16 12:34:20,104][root][INFO] - Backward constraint evaluation time for node 45: 0.7733 seconds
[2026-07-16 12:34:20,919][root][INFO] - Cost-to-go evaluation time for node 45: 0.8136 seconds
[2026-07-16 12:34:21,702][root][INFO] - Backward constraint evaluation time for node 45: 0.7755 seconds
[2026-07-16 12:34:22,517][root][INFO] - Cost-to-go evaluation time for node 45: 0.8134 seconds
[2026-07-16 12:34:23,299][root][INFO] - Backward constraint evaluation time for node 45: 0.7747 seconds
[2026-07-16 12:34:24,112][root][INFO] - Cost-to-go evaluation time for node 45: 0.8122 seconds
[2026-07-16 12:34:24,120][root][INFO] - Solver iteration: 0
[2026-07-16 12:34:24,120][root][INFO] - 	 *Phase: INITIAL
[2026-07-16 12:34:24,120][root][INFO] - 	 *lowest F value: -2.08058 | # live points: 1000
[2026-07-16 12:34:24,126][root][INFO] - Phase INITIAL is over.
[2026-07-16 12:34:24,914][root][INFO] - Backward constraint evaluation time for node 45: 0.7759 seconds
[2026-07-16 12:34:25,727][root][INFO] - Cost-to-go evaluation time for node 45: 0.8121 seconds
[2026-07-16 12:34:25,728][root][INFO] - [s] SQP feasible:  bwd-cls 100/100 (100%), bwd-CTG 100/100 (100%)
[2026-07-16 12:34:25,731][root][INFO] - [s] SQP converged: bwd-cls 100/100 (100%), bwd-CTG 100/100 (100%)
[2026-07-16 12:34:25,739][root][INFO] - Solver iteration: 1
[2026-07-16 12:34:25,739][root][INFO] - 	 *Phase: DETERMINISTIC
[2026-07-16 12:34:25,739][root][INFO] - 	 *lowest F value: -1.60950 | # live points: 1000 | # proposals: 100
[2026-07-16 12:34:25,739][root][INFO] - 	 *Fraction of live points in DS~nominal: 1.0000
[2026-07-16 12:34:25,739][root][INFO] - 	 *Evidence estimate: 0.00000
[2026-07-16 12:34:25,739][root][INFO] - Phase DETERMINISTIC is over.
[2026-07-16 12:34:25,739][root][INFO] - Phase NMVP_SEARCH is skipped.
[2026-07-16 12:34:26,531][root][INFO] - Backward constraint evaluation time for node 45: 0.7764 seconds
[2026-07-16 12:34:27,347][root][INFO] - Cost-to-go evaluation time for node 45: 0.8155 seconds
[2026-07-16 12:34:28,129][root][INFO] - Backward constraint evaluation time for node 45: 0.7743 seconds
[2026-07-16 12:34:28,949][root][INFO] - Cost-to-go evaluation time for node 45: 0.8187 seconds
[2026-07-16 12:34:29,732][root][INFO] - Backward constraint evaluation time for node 45: 0.7755 seconds
[2026-07-16 12:34:30,546][root][INFO] - Cost-to-go evaluation time for node 45: 0.8127 seconds
[2026-07-16 12:34:31,329][root][INFO] - Backward constraint evaluation time for node 45: 0.7750 seconds
[2026-07-16 12:34:32,143][root][INFO] - Cost-to-go evaluation time for node 45: 0.8133 seconds
[2026-07-16 12:34:32,924][root][INFO] - Backward constraint evaluation time for node 45: 0.7734 seconds
[2026-07-16 12:34:33,739][root][INFO] - Cost-to-go evaluation time for node 45: 0.8133 seconds
[2026-07-16 12:34:34,520][root][INFO] - Backward constraint evaluation time for node 45: 0.7737 seconds
[2026-07-16 12:34:35,333][root][INFO] - Cost-to-go evaluation time for node 45: 0.8129 seconds
[2026-07-16 12:34:36,116][root][INFO] - Backward constraint evaluation time for node 45: 0.7747 seconds
[2026-07-16 12:34:36,930][root][INFO] - Cost-to-go evaluation time for node 45: 0.8129 seconds
[2026-07-16 12:34:37,712][root][INFO] - Backward constraint evaluation time for node 45: 0.7740 seconds
[2026-07-16 12:34:38,525][root][INFO] - Cost-to-go evaluation time for node 45: 0.8128 seconds
[2026-07-16 12:34:39,308][root][INFO] - Backward constraint evaluation time for node 45: 0.7747 seconds
[2026-07-16 12:34:40,124][root][INFO] - Cost-to-go evaluation time for node 45: 0.8150 seconds
[2026-07-16 12:34:40,907][root][INFO] - Backward constraint evaluation time for node 45: 0.7755 seconds
[2026-07-16 12:34:41,722][root][INFO] - Cost-to-go evaluation time for node 45: 0.8142 seconds
[2026-07-16 12:34:41,723][root][INFO] - [s] SQP feasible:  bwd-cls 1000/1000 (100%), bwd-CTG 1000/1000 (100%)
[2026-07-16 12:34:41,723][root][INFO] - [s] SQP converged: bwd-cls 1000/1000 (100%), bwd-CTG 1000/1000 (100%)
[2026-07-16 12:34:41,728][root][INFO] - Solver iteration: 1
[2026-07-16 12:34:41,728][root][INFO] - 	 *Phase: TRANSITION
[2026-07-16 12:34:41,728][root][INFO] - 	 *lowest F value: 1.00000 | # live points: 1000
[2026-07-16 12:34:41,737][root][INFO] - Phase TRANSITION is over.
[2026-07-16 12:34:42,524][root][INFO] - Backward constraint evaluation time for node 45: 0.7738 seconds
[2026-07-16 12:34:43,339][root][INFO] - Cost-to-go evaluation time for node 45: 0.8149 seconds
[2026-07-16 12:34:43,340][root][INFO] - [s] SQP feasible:  bwd-cls 100/100 (100%), bwd-CTG 100/100 (100%)
[2026-07-16 12:34:43,340][root][INFO] - [s] SQP converged: bwd-cls 100/100 (100%), bwd-CTG 100/100 (100%)
[2026-07-16 12:34:43,346][root][INFO] - Solver iteration: 2
[2026-07-16 12:34:43,346][root][INFO] - 	 *Phase: PROBABILISTIC
[2026-07-16 12:34:43,346][root][INFO] - 	 *lowest F value: 1.00000 | # live points: 1000 | # proposals: 100
[2026-07-16 12:34:43,346][root][INFO] - 	 *Fraction of live points in DS~100.00%: 1.0000
[2026-07-16 12:34:43,346][root][INFO] - 	 *Evidence estimate: 2.30039
[2026-07-16 12:34:43,346][root][INFO] - Phase PROBABILISTIC is over.
[2026-07-16 12:34:43,453][root][INFO] - Design Space Characterization is done.
[2026-07-16 12:34:43,453][root][INFO] - Time taken to solve the problem: 39.112828969955444 seconds
[2026-07-16 12:34:43,466][root][INFO] - Node 45: bwd-cls — feasible 2200/2200 (100.0%), converged 2200/2200 (100.0%)
[2026-07-16 12:34:43,466][root][INFO] - Node 45: bwd-CTG — feasible 2200/2200 (100.0%), converged 2200/2200 (100.0%)
[2026-07-16 12:35:23,226][root][INFO] - training_performance (regressor): {'mse': Array(0.00051778, dtype=float64), 'standardised_mape': Array(0.22677101, dtype=float64)} | best_hyperparams={'hidden_size': [75, 75], 'activation_function': 'tanh', 'output_units': 1} | best_avg_val_loss=0.001775
[2026-07-16 12:35:25,554][root][INFO] - training_performance: {'acc': 0.9670406732117812, 'tn': np.int64(1998), 'fp': np.int64(0), 'fn': np.int64(141), 'tp': np.int64(2139)}
[2026-07-16 12:35:26,158][root][INFO] - ------- Characterising node 44 according to precedence order -------
[2026-07-16 12:35:26,159][root][INFO] - Bounds: {'d1': {'d1': [np.float64(290.0), np.float64(302.0)]}, 'd2': {'d2': [np.float64(0.78), np.float64(0.97)]}, 'd3': {'d3': [np.float64(314.0), np.float64(332.0)]}, 'd4': {'d4': [np.float64(290.0), np.float64(302.0)]}, 'd5': {'d5': [np.float64(0.8), np.float64(0.95)]}}
[2026-07-16 12:35:26,159][root][INFO] - EXTENDED DS DIM.: 5
[2026-07-16 12:35:26,312][root][INFO] - Integration took 0.10269284248352051 seconds
[2026-07-16 12:35:28,834][root][INFO] - Backward constraint evaluation time for node 44: 2.0994 seconds
[2026-07-16 12:35:31,574][root][INFO] - Cost-to-go evaluation time for node 44: 2.4593 seconds
[2026-07-16 12:35:32,442][root][INFO] - Backward constraint evaluation time for node 44: 0.7714 seconds
[2026-07-16 12:35:33,270][root][INFO] - Cost-to-go evaluation time for node 44: 0.8263 seconds
[2026-07-16 12:35:34,050][root][INFO] - Backward constraint evaluation time for node 44: 0.7717 seconds
[2026-07-16 12:35:34,875][root][INFO] - Cost-to-go evaluation time for node 44: 0.8247 seconds
[2026-07-16 12:35:35,655][root][INFO] - Backward constraint evaluation time for node 44: 0.7722 seconds
[2026-07-16 12:35:36,485][root][INFO] - Cost-to-go evaluation time for node 44: 0.8287 seconds
[2026-07-16 12:35:37,266][root][INFO] - Backward constraint evaluation time for node 44: 0.7732 seconds
[2026-07-16 12:35:38,094][root][INFO] - Cost-to-go evaluation time for node 44: 0.8276 seconds
[2026-07-16 12:35:38,878][root][INFO] - Backward constraint evaluation time for node 44: 0.7753 seconds
[2026-07-16 12:35:39,703][root][INFO] - Cost-to-go evaluation time for node 44: 0.8248 seconds
[2026-07-16 12:35:40,483][root][INFO] - Backward constraint evaluation time for node 44: 0.7714 seconds
[2026-07-16 12:35:41,306][root][INFO] - Cost-to-go evaluation time for node 44: 0.8224 seconds
[2026-07-16 12:35:42,086][root][INFO] - Backward constraint evaluation time for node 44: 0.7725 seconds
[2026-07-16 12:35:42,924][root][INFO] - Cost-to-go evaluation time for node 44: 0.8365 seconds
[2026-07-16 12:35:43,706][root][INFO] - Backward constraint evaluation time for node 44: 0.7746 seconds
[2026-07-16 12:35:44,533][root][INFO] - Cost-to-go evaluation time for node 44: 0.8257 seconds
[2026-07-16 12:35:45,312][root][INFO] - Backward constraint evaluation time for node 44: 0.7712 seconds
[2026-07-16 12:35:46,143][root][INFO] - Cost-to-go evaluation time for node 44: 0.8302 seconds
[2026-07-16 12:35:46,151][root][INFO] - Solver iteration: 0
[2026-07-16 12:35:46,151][root][INFO] - 	 *Phase: INITIAL
[2026-07-16 12:35:46,151][root][INFO] - 	 *lowest F value: -2.08058 | # live points: 1000
[2026-07-16 12:35:46,158][root][INFO] - Phase INITIAL is over.
[2026-07-16 12:35:46,944][root][INFO] - Backward constraint evaluation time for node 44: 0.7743 seconds
[2026-07-16 12:35:47,776][root][INFO] - Cost-to-go evaluation time for node 44: 0.8314 seconds
[2026-07-16 12:35:47,777][root][INFO] - [s] SQP feasible:  bwd-cls 100/100 (100%), bwd-CTG 100/100 (100%)
[2026-07-16 12:35:47,777][root][INFO] - [s] SQP converged: bwd-cls 100/100 (100%), bwd-CTG 100/100 (100%)
[2026-07-16 12:35:47,785][root][INFO] - Solver iteration: 1
[2026-07-16 12:35:47,785][root][INFO] - 	 *Phase: DETERMINISTIC
[2026-07-16 12:35:47,785][root][INFO] - 	 *lowest F value: -1.61014 | # live points: 1000 | # proposals: 100
[2026-07-16 12:35:47,785][root][INFO] - 	 *Fraction of live points in DS~nominal: 1.0000
[2026-07-16 12:35:47,785][root][INFO] - 	 *Evidence estimate: 0.00000
[2026-07-16 12:35:47,785][root][INFO] - Phase DETERMINISTIC is over.
[2026-07-16 12:35:47,785][root][INFO] - Phase NMVP_SEARCH is skipped.
[2026-07-16 12:35:48,578][root][INFO] - Backward constraint evaluation time for node 44: 0.7770 seconds
[2026-07-16 12:35:49,406][root][INFO] - Cost-to-go evaluation time for node 44: 0.8269 seconds
[2026-07-16 12:35:50,186][root][INFO] - Backward constraint evaluation time for node 44: 0.7715 seconds
[2026-07-16 12:35:51,019][root][INFO] - Cost-to-go evaluation time for node 44: 0.8322 seconds
[2026-07-16 12:35:51,801][root][INFO] - Backward constraint evaluation time for node 44: 0.7743 seconds
[2026-07-16 12:35:52,629][root][INFO] - Cost-to-go evaluation time for node 44: 0.8270 seconds
[2026-07-16 12:35:53,409][root][INFO] - Backward constraint evaluation time for node 44: 0.7723 seconds
[2026-07-16 12:35:54,235][root][INFO] - Cost-to-go evaluation time for node 44: 0.8251 seconds
[2026-07-16 12:35:55,017][root][INFO] - Backward constraint evaluation time for node 44: 0.7741 seconds
[2026-07-16 12:35:55,844][root][INFO] - Cost-to-go evaluation time for node 44: 0.8256 seconds
[2026-07-16 12:35:56,622][root][INFO] - Backward constraint evaluation time for node 44: 0.7707 seconds
[2026-07-16 12:35:57,448][root][INFO] - Cost-to-go evaluation time for node 44: 0.8250 seconds
[2026-07-16 12:35:58,229][root][INFO] - Backward constraint evaluation time for node 44: 0.7730 seconds
[2026-07-16 12:35:59,058][root][INFO] - Cost-to-go evaluation time for node 44: 0.8281 seconds
[2026-07-16 12:35:59,840][root][INFO] - Backward constraint evaluation time for node 44: 0.7743 seconds
[2026-07-16 12:36:00,666][root][INFO] - Cost-to-go evaluation time for node 44: 0.8247 seconds
[2026-07-16 12:36:01,445][root][INFO] - Backward constraint evaluation time for node 44: 0.7711 seconds
[2026-07-16 12:36:02,272][root][INFO] - Cost-to-go evaluation time for node 44: 0.8258 seconds
[2026-07-16 12:36:03,052][root][INFO] - Backward constraint evaluation time for node 44: 0.7723 seconds
[2026-07-16 12:36:03,882][root][INFO] - Cost-to-go evaluation time for node 44: 0.8292 seconds
[2026-07-16 12:36:03,883][root][INFO] - [s] SQP feasible:  bwd-cls 1000/1000 (100%), bwd-CTG 1000/1000 (100%)
[2026-07-16 12:36:03,883][root][INFO] - [s] SQP converged: bwd-cls 1000/1000 (100%), bwd-CTG 1000/1000 (100%)
[2026-07-16 12:36:03,888][root][INFO] - Solver iteration: 1
[2026-07-16 12:36:03,888][root][INFO] - 	 *Phase: TRANSITION
[2026-07-16 12:36:03,888][root][INFO] - 	 *lowest F value: 1.00000 | # live points: 1000
[2026-07-16 12:36:03,897][root][INFO] - Phase TRANSITION is over.
[2026-07-16 12:36:04,683][root][INFO] - Backward constraint evaluation time for node 44: 0.7725 seconds
[2026-07-16 12:36:05,510][root][INFO] - Cost-to-go evaluation time for node 44: 0.8260 seconds
[2026-07-16 12:36:05,511][root][INFO] - [s] SQP feasible:  bwd-cls 100/100 (100%), bwd-CTG 100/100 (100%)
[2026-07-16 12:36:05,511][root][INFO] - [s] SQP converged: bwd-cls 100/100 (100%), bwd-CTG 100/100 (100%)
[2026-07-16 12:36:05,517][root][INFO] - Solver iteration: 2
[2026-07-16 12:36:05,517][root][INFO] - 	 *Phase: PROBABILISTIC
[2026-07-16 12:36:05,517][root][INFO] - 	 *lowest F value: 1.00000 | # live points: 1000 | # proposals: 100
[2026-07-16 12:36:05,517][root][INFO] - 	 *Fraction of live points in DS~100.00%: 1.0000
[2026-07-16 12:36:05,517][root][INFO] - 	 *Evidence estimate: 2.30038
[2026-07-16 12:36:05,517][root][INFO] - Phase PROBABILISTIC is over.
[2026-07-16 12:36:05,624][root][INFO] - Design Space Characterization is done.
[2026-07-16 12:36:05,624][root][INFO] - Time taken to solve the problem: 39.454641819000244 seconds
[2026-07-16 12:36:05,635][root][INFO] - Node 44: bwd-cls — feasible 2200/2200 (100.0%), converged 2200/2200 (100.0%)
[2026-07-16 12:36:05,635][root][INFO] - Node 44: bwd-CTG — feasible 2200/2200 (100.0%), converged 2200/2200 (100.0%)
[2026-07-16 12:36:45,607][root][INFO] - training_performance (regressor): {'mse': Array(0.00039238, dtype=float64), 'standardised_mape': Array(0.09979931, dtype=float64)} | best_hyperparams={'hidden_size': [50, 50, 25], 'activation_function': 'gelu', 'output_units': 1} | best_avg_val_loss=0.00178
[2026-07-16 12:36:47,755][root][INFO] - training_performance: {'acc': 0.9670406732117812, 'tn': np.int64(1998), 'fp': np.int64(0), 'fn': np.int64(141), 'tp': np.int64(2139)}
[2026-07-16 12:36:48,347][root][INFO] - ------- Characterising node 43 according to precedence order -------
[2026-07-16 12:36:48,348][root][INFO] - Bounds: {'d1': {'d1': [np.float64(290.0), np.float64(302.0)]}, 'd2': {'d2': [np.float64(0.78), np.float64(0.97)]}, 'd3': {'d3': [np.float64(314.0), np.float64(332.0)]}, 'd4': {'d4': [np.float64(290.0), np.float64(302.0)]}, 'd5': {'d5': [np.float64(0.8), np.float64(0.95)]}}
[2026-07-16 12:36:48,348][root][INFO] - EXTENDED DS DIM.: 5
[2026-07-16 12:36:48,503][root][INFO] - Integration took 0.105010986328125 seconds
[2026-07-16 12:36:51,039][root][INFO] - Backward constraint evaluation time for node 43: 2.1018 seconds
[2026-07-16 12:36:53,705][root][INFO] - Cost-to-go evaluation time for node 43: 2.3909 seconds
[2026-07-16 12:36:54,572][root][INFO] - Backward constraint evaluation time for node 43: 0.7737 seconds
[2026-07-16 12:36:55,390][root][INFO] - Cost-to-go evaluation time for node 43: 0.8163 seconds
[2026-07-16 12:36:56,175][root][INFO] - Backward constraint evaluation time for node 43: 0.7775 seconds
[2026-07-16 12:36:56,991][root][INFO] - Cost-to-go evaluation time for node 43: 0.8148 seconds
[2026-07-16 12:36:57,774][root][INFO] - Backward constraint evaluation time for node 43: 0.7752 seconds
[2026-07-16 12:36:58,595][root][INFO] - Cost-to-go evaluation time for node 43: 0.8193 seconds
[2026-07-16 12:36:59,381][root][INFO] - Backward constraint evaluation time for node 43: 0.7790 seconds
[2026-07-16 12:37:00,197][root][INFO] - Cost-to-go evaluation time for node 43: 0.8148 seconds
[2026-07-16 12:37:00,979][root][INFO] - Backward constraint evaluation time for node 43: 0.7737 seconds
[2026-07-16 12:37:01,801][root][INFO] - Cost-to-go evaluation time for node 43: 0.8216 seconds
[2026-07-16 12:37:02,585][root][INFO] - Backward constraint evaluation time for node 43: 0.7757 seconds
[2026-07-16 12:37:03,404][root][INFO] - Cost-to-go evaluation time for node 43: 0.8183 seconds
[2026-07-16 12:37:04,188][root][INFO] - Backward constraint evaluation time for node 43: 0.7762 seconds
[2026-07-16 12:37:05,008][root][INFO] - Cost-to-go evaluation time for node 43: 0.8191 seconds
[2026-07-16 12:37:05,791][root][INFO] - Backward constraint evaluation time for node 43: 0.7749 seconds
[2026-07-16 12:37:06,605][root][INFO] - Cost-to-go evaluation time for node 43: 0.8134 seconds
[2026-07-16 12:37:07,385][root][INFO] - Backward constraint evaluation time for node 43: 0.7724 seconds
[2026-07-16 12:37:08,209][root][INFO] - Cost-to-go evaluation time for node 43: 0.8222 seconds
[2026-07-16 12:37:08,216][root][INFO] - Solver iteration: 0
[2026-07-16 12:37:08,216][root][INFO] - 	 *Phase: INITIAL
[2026-07-16 12:37:08,216][root][INFO] - 	 *lowest F value: -2.08058 | # live points: 1000
[2026-07-16 12:37:08,223][root][INFO] - Phase INITIAL is over.
[2026-07-16 12:37:09,011][root][INFO] - Backward constraint evaluation time for node 43: 0.7751 seconds
[2026-07-16 12:37:09,828][root][INFO] - Cost-to-go evaluation time for node 43: 0.8158 seconds
[2026-07-16 12:37:09,829][root][INFO] - [s] SQP feasible:  bwd-cls 100/100 (100%), bwd-CTG 100/100 (100%)
[2026-07-16 12:37:09,829][root][INFO] - [s] SQP converged: bwd-cls 100/100 (100%), bwd-CTG 100/100 (100%)
[2026-07-16 12:37:09,837][root][INFO] - Solver iteration: 1
[2026-07-16 12:37:09,837][root][INFO] - 	 *Phase: DETERMINISTIC
[2026-07-16 12:37:09,837][root][INFO] - 	 *lowest F value: -1.61014 | # live points: 1000 | # proposals: 100
[2026-07-16 12:37:09,837][root][INFO] - 	 *Fraction of live points in DS~nominal: 1.0000
[2026-07-16 12:37:09,837][root][INFO] - 	 *Evidence estimate: 0.00000
[2026-07-16 12:37:09,837][root][INFO] - Phase DETERMINISTIC is over.
[2026-07-16 12:37:09,837][root][INFO] - Phase NMVP_SEARCH is skipped.
[2026-07-16 12:37:10,628][root][INFO] - Backward constraint evaluation time for node 43: 0.7747 seconds
[2026-07-16 12:37:11,443][root][INFO] - Cost-to-go evaluation time for node 43: 0.8139 seconds
[2026-07-16 12:37:12,227][root][INFO] - Backward constraint evaluation time for node 43: 0.7762 seconds
[2026-07-16 12:37:13,045][root][INFO] - Cost-to-go evaluation time for node 43: 0.8166 seconds
[2026-07-16 12:37:13,829][root][INFO] - Backward constraint evaluation time for node 43: 0.7760 seconds
[2026-07-16 12:37:14,643][root][INFO] - Cost-to-go evaluation time for node 43: 0.8131 seconds
[2026-07-16 12:37:15,425][root][INFO] - Backward constraint evaluation time for node 43: 0.7737 seconds
[2026-07-16 12:37:16,240][root][INFO] - Cost-to-go evaluation time for node 43: 0.8138 seconds
[2026-07-16 12:37:17,021][root][INFO] - Backward constraint evaluation time for node 43: 0.7731 seconds
[2026-07-16 12:37:17,835][root][INFO] - Cost-to-go evaluation time for node 43: 0.8131 seconds
[2026-07-16 12:37:18,614][root][INFO] - Backward constraint evaluation time for node 43: 0.7716 seconds
[2026-07-16 12:37:19,434][root][INFO] - Cost-to-go evaluation time for node 43: 0.8185 seconds
[2026-07-16 12:37:20,216][root][INFO] - Backward constraint evaluation time for node 43: 0.7741 seconds
[2026-07-16 12:37:21,034][root][INFO] - Cost-to-go evaluation time for node 43: 0.8175 seconds
[2026-07-16 12:37:21,821][root][INFO] - Backward constraint evaluation time for node 43: 0.7785 seconds
[2026-07-16 12:37:22,633][root][INFO] - Cost-to-go evaluation time for node 43: 0.8111 seconds
[2026-07-16 12:37:23,412][root][INFO] - Backward constraint evaluation time for node 43: 0.7710 seconds
[2026-07-16 12:37:24,223][root][INFO] - Cost-to-go evaluation time for node 43: 0.8106 seconds
[2026-07-16 12:37:25,003][root][INFO] - Backward constraint evaluation time for node 43: 0.7723 seconds
[2026-07-16 12:37:25,817][root][INFO] - Cost-to-go evaluation time for node 43: 0.8125 seconds
[2026-07-16 12:37:25,817][root][INFO] - [s] SQP feasible:  bwd-cls 1000/1000 (100%), bwd-CTG 1000/1000 (100%)
[2026-07-16 12:37:25,817][root][INFO] - [s] SQP converged: bwd-cls 1000/1000 (100%), bwd-CTG 1000/1000 (100%)
[2026-07-16 12:37:25,823][root][INFO] - Solver iteration: 1
[2026-07-16 12:37:25,823][root][INFO] - 	 *Phase: TRANSITION
[2026-07-16 12:37:25,823][root][INFO] - 	 *lowest F value: 1.00000 | # live points: 1000
[2026-07-16 12:37:25,831][root][INFO] - Phase TRANSITION is over.
[2026-07-16 12:37:26,617][root][INFO] - Backward constraint evaluation time for node 43: 0.7731 seconds
[2026-07-16 12:37:27,433][root][INFO] - Cost-to-go evaluation time for node 43: 0.8148 seconds
[2026-07-16 12:37:27,434][root][INFO] - [s] SQP feasible:  bwd-cls 100/100 (100%), bwd-CTG 100/100 (100%)
[2026-07-16 12:37:27,434][root][INFO] - [s] SQP converged: bwd-cls 100/100 (100%), bwd-CTG 100/100 (100%)
[2026-07-16 12:37:27,439][root][INFO] - Solver iteration: 2
[2026-07-16 12:37:27,439][root][INFO] - 	 *Phase: PROBABILISTIC
[2026-07-16 12:37:27,439][root][INFO] - 	 *lowest F value: 1.00000 | # live points: 1000 | # proposals: 100
[2026-07-16 12:37:27,439][root][INFO] - 	 *Fraction of live points in DS~100.00%: 1.0000
[2026-07-16 12:37:27,440][root][INFO] - 	 *Evidence estimate: 2.30038
[2026-07-16 12:37:27,440][root][INFO] - Phase PROBABILISTIC is over.
[2026-07-16 12:37:27,550][root][INFO] - Design Space Characterization is done.
[2026-07-16 12:37:27,550][root][INFO] - Time taken to solve the problem: 39.19225001335144 seconds
[2026-07-16 12:37:27,562][root][INFO] - Node 43: bwd-cls — feasible 2200/2200 (100.0%), converged 2200/2200 (100.0%)
[2026-07-16 12:37:27,562][root][INFO] - Node 43: bwd-CTG — feasible 2200/2200 (100.0%), converged 2200/2200 (100.0%)
[2026-07-16 12:38:07,249][root][INFO] - training_performance (regressor): {'mse': Array(0.00031065, dtype=float64), 'standardised_mape': Array(0.05467526, dtype=float64)} | best_hyperparams={'hidden_size': [50, 50, 25], 'activation_function': 'gelu', 'output_units': 1} | best_avg_val_loss=0.001116
[2026-07-16 12:38:09,155][root][INFO] - training_performance: {'acc': 0.9670406732117812, 'tn': np.int64(1998), 'fp': np.int64(0), 'fn': np.int64(141), 'tp': np.int64(2139)}
[2026-07-16 12:38:09,768][root][INFO] - ------- Characterising node 42 according to precedence order -------
[2026-07-16 12:38:09,769][root][INFO] - Bounds: {'d1': {'d1': [np.float64(290.0), np.float64(302.0)]}, 'd2': {'d2': [np.float64(0.78), np.float64(0.97)]}, 'd3': {'d3': [np.float64(314.0), np.float64(332.0)]}, 'd4': {'d4': [np.float64(290.0), np.float64(302.0)]}, 'd5': {'d5': [np.float64(0.8), np.float64(0.95)]}}
[2026-07-16 12:38:09,769][root][INFO] - EXTENDED DS DIM.: 5
[2026-07-16 12:38:09,922][root][INFO] - Integration took 0.1033477783203125 seconds
[2026-07-16 12:38:12,435][root][INFO] - Backward constraint evaluation time for node 42: 2.0923 seconds
[2026-07-16 12:38:15,089][root][INFO] - Cost-to-go evaluation time for node 42: 2.3746 seconds
[2026-07-16 12:38:15,962][root][INFO] - Backward constraint evaluation time for node 42: 0.7758 seconds
[2026-07-16 12:38:16,778][root][INFO] - Cost-to-go evaluation time for node 42: 0.8156 seconds
[2026-07-16 12:38:17,560][root][INFO] - Backward constraint evaluation time for node 42: 0.7741 seconds
[2026-07-16 12:38:18,375][root][INFO] - Cost-to-go evaluation time for node 42: 0.8139 seconds
[2026-07-16 12:38:19,160][root][INFO] - Backward constraint evaluation time for node 42: 0.7769 seconds
[2026-07-16 12:38:19,973][root][INFO] - Cost-to-go evaluation time for node 42: 0.8120 seconds
[2026-07-16 12:38:20,755][root][INFO] - Backward constraint evaluation time for node 42: 0.7740 seconds
[2026-07-16 12:38:21,571][root][INFO] - Cost-to-go evaluation time for node 42: 0.8146 seconds
[2026-07-16 12:38:22,351][root][INFO] - Backward constraint evaluation time for node 42: 0.7724 seconds
[2026-07-16 12:38:23,167][root][INFO] - Cost-to-go evaluation time for node 42: 0.8144 seconds
[2026-07-16 12:38:23,949][root][INFO] - Backward constraint evaluation time for node 42: 0.7749 seconds
[2026-07-16 12:38:24,763][root][INFO] - Cost-to-go evaluation time for node 42: 0.8133 seconds
[2026-07-16 12:38:25,543][root][INFO] - Backward constraint evaluation time for node 42: 0.7726 seconds
[2026-07-16 12:38:26,357][root][INFO] - Cost-to-go evaluation time for node 42: 0.8130 seconds
[2026-07-16 12:38:27,138][root][INFO] - Backward constraint evaluation time for node 42: 0.7732 seconds
[2026-07-16 12:38:27,955][root][INFO] - Cost-to-go evaluation time for node 42: 0.8159 seconds
[2026-07-16 12:38:28,738][root][INFO] - Backward constraint evaluation time for node 42: 0.7755 seconds
[2026-07-16 12:38:29,556][root][INFO] - Cost-to-go evaluation time for node 42: 0.8165 seconds
[2026-07-16 12:38:29,563][root][INFO] - Solver iteration: 0
[2026-07-16 12:38:29,563][root][INFO] - 	 *Phase: INITIAL
[2026-07-16 12:38:29,563][root][INFO] - 	 *lowest F value: -2.08058 | # live points: 1000
[2026-07-16 12:38:29,571][root][INFO] - Phase INITIAL is over.
[2026-07-16 12:38:30,358][root][INFO] - Backward constraint evaluation time for node 42: 0.7747 seconds
[2026-07-16 12:38:31,175][root][INFO] - Cost-to-go evaluation time for node 42: 0.8159 seconds
[2026-07-16 12:38:31,175][root][INFO] - [s] SQP feasible:  bwd-cls 100/100 (100%), bwd-CTG 100/100 (100%)
[2026-07-16 12:38:31,175][root][INFO] - [s] SQP converged: bwd-cls 100/100 (100%), bwd-CTG 100/100 (100%)
[2026-07-16 12:38:31,184][root][INFO] - Solver iteration: 1
[2026-07-16 12:38:31,184][root][INFO] - 	 *Phase: DETERMINISTIC
[2026-07-16 12:38:31,184][root][INFO] - 	 *lowest F value: -1.61014 | # live points: 1000 | # proposals: 100
[2026-07-16 12:38:31,184][root][INFO] - 	 *Fraction of live points in DS~nominal: 1.0000
[2026-07-16 12:38:31,184][root][INFO] - 	 *Evidence estimate: 0.00000
[2026-07-16 12:38:31,184][root][INFO] - Phase DETERMINISTIC is over.
[2026-07-16 12:38:31,184][root][INFO] - Phase NMVP_SEARCH is skipped.
[2026-07-16 12:38:31,976][root][INFO] - Backward constraint evaluation time for node 42: 0.7760 seconds
[2026-07-16 12:38:32,793][root][INFO] - Cost-to-go evaluation time for node 42: 0.8160 seconds
[2026-07-16 12:38:33,576][root][INFO] - Backward constraint evaluation time for node 42: 0.7750 seconds
[2026-07-16 12:38:34,393][root][INFO] - Cost-to-go evaluation time for node 42: 0.8169 seconds
[2026-07-16 12:38:35,177][root][INFO] - Backward constraint evaluation time for node 42: 0.7760 seconds
[2026-07-16 12:38:35,993][root][INFO] - Cost-to-go evaluation time for node 42: 0.8150 seconds
[2026-07-16 12:38:36,774][root][INFO] - Backward constraint evaluation time for node 42: 0.7730 seconds
[2026-07-16 12:38:37,589][root][INFO] - Cost-to-go evaluation time for node 42: 0.8140 seconds
[2026-07-16 12:38:38,370][root][INFO] - Backward constraint evaluation time for node 42: 0.7736 seconds
[2026-07-16 12:38:39,186][root][INFO] - Cost-to-go evaluation time for node 42: 0.8150 seconds
[2026-07-16 12:38:39,969][root][INFO] - Backward constraint evaluation time for node 42: 0.7742 seconds
[2026-07-16 12:38:40,783][root][INFO] - Cost-to-go evaluation time for node 42: 0.8135 seconds
[2026-07-16 12:38:41,565][root][INFO] - Backward constraint evaluation time for node 42: 0.7743 seconds
[2026-07-16 12:38:42,380][root][INFO] - Cost-to-go evaluation time for node 42: 0.8141 seconds
[2026-07-16 12:38:43,161][root][INFO] - Backward constraint evaluation time for node 42: 0.7735 seconds
[2026-07-16 12:38:43,977][root][INFO] - Cost-to-go evaluation time for node 42: 0.8147 seconds
[2026-07-16 12:38:44,760][root][INFO] - Backward constraint evaluation time for node 42: 0.7758 seconds
[2026-07-16 12:38:45,576][root][INFO] - Cost-to-go evaluation time for node 42: 0.8150 seconds
[2026-07-16 12:38:46,359][root][INFO] - Backward constraint evaluation time for node 42: 0.7749 seconds
[2026-07-16 12:38:47,174][root][INFO] - Cost-to-go evaluation time for node 42: 0.8148 seconds
[2026-07-16 12:38:47,175][root][INFO] - [s] SQP feasible:  bwd-cls 1000/1000 (100%), bwd-CTG 1000/1000 (100%)
[2026-07-16 12:38:47,175][root][INFO] - [s] SQP converged: bwd-cls 1000/1000 (100%), bwd-CTG 1000/1000 (100%)
[2026-07-16 12:38:47,181][root][INFO] - Solver iteration: 1
[2026-07-16 12:38:47,181][root][INFO] - 	 *Phase: TRANSITION
[2026-07-16 12:38:47,181][root][INFO] - 	 *lowest F value: 1.00000 | # live points: 1000
[2026-07-16 12:38:47,189][root][INFO] - Phase TRANSITION is over.
[2026-07-16 12:38:47,977][root][INFO] - Backward constraint evaluation time for node 42: 0.7745 seconds
[2026-07-16 12:38:48,792][root][INFO] - Cost-to-go evaluation time for node 42: 0.8147 seconds
[2026-07-16 12:38:48,793][root][INFO] - [s] SQP feasible:  bwd-cls 100/100 (100%), bwd-CTG 100/100 (100%)
[2026-07-16 12:38:48,793][root][INFO] - [s] SQP converged: bwd-cls 100/100 (100%), bwd-CTG 100/100 (100%)
[2026-07-16 12:38:48,799][root][INFO] - Solver iteration: 2
[2026-07-16 12:38:48,799][root][INFO] - 	 *Phase: PROBABILISTIC
[2026-07-16 12:38:48,799][root][INFO] - 	 *lowest F value: 1.00000 | # live points: 1000 | # proposals: 100
[2026-07-16 12:38:48,799][root][INFO] - 	 *Fraction of live points in DS~100.00%: 1.0000
[2026-07-16 12:38:48,799][root][INFO] - 	 *Evidence estimate: 2.30038
[2026-07-16 12:38:48,799][root][INFO] - Phase PROBABILISTIC is over.
[2026-07-16 12:38:48,905][root][INFO] - Design Space Characterization is done.
[2026-07-16 12:38:48,905][root][INFO] - Time taken to solve the problem: 39.126039028167725 seconds
[2026-07-16 12:38:48,917][root][INFO] - Node 42: bwd-cls — feasible 2200/2200 (100.0%), converged 2200/2200 (100.0%)
[2026-07-16 12:38:48,917][root][INFO] - Node 42: bwd-CTG — feasible 2200/2200 (100.0%), converged 2200/2200 (100.0%)
[2026-07-16 12:39:28,934][root][INFO] - training_performance (regressor): {'mse': Array(0.00031944, dtype=float64), 'standardised_mape': Array(0.06521394, dtype=float64)} | best_hyperparams={'hidden_size': [75, 75], 'activation_function': 'gelu', 'output_units': 1} | best_avg_val_loss=0.00113
[2026-07-16 12:39:31,033][root][INFO] - training_performance: {'acc': 0.9670406732117812, 'tn': np.int64(1998), 'fp': np.int64(0), 'fn': np.int64(141), 'tp': np.int64(2139)}
[2026-07-16 12:39:31,658][root][INFO] - ------- Characterising node 41 according to precedence order -------
[2026-07-16 12:39:31,660][root][INFO] - Bounds: {'d1': {'d1': [np.float64(290.0), np.float64(302.0)]}, 'd2': {'d2': [np.float64(0.78), np.float64(0.97)]}, 'd3': {'d3': [np.float64(314.0), np.float64(332.0)]}, 'd4': {'d4': [np.float64(290.0), np.float64(302.0)]}, 'd5': {'d5': [np.float64(0.8), np.float64(0.95)]}}
[2026-07-16 12:39:31,660][root][INFO] - EXTENDED DS DIM.: 5
[2026-07-16 12:39:31,812][root][INFO] - Integration took 0.10240602493286133 seconds
[2026-07-16 12:39:34,339][root][INFO] - Backward constraint evaluation time for node 41: 2.1149 seconds
[2026-07-16 12:39:36,899][root][INFO] - Cost-to-go evaluation time for node 41: 2.2764 seconds
[2026-07-16 12:39:37,770][root][INFO] - Backward constraint evaluation time for node 41: 0.7749 seconds
[2026-07-16 12:39:38,590][root][INFO] - Cost-to-go evaluation time for node 41: 0.8192 seconds
[2026-07-16 12:39:39,371][root][INFO] - Backward constraint evaluation time for node 41: 0.7726 seconds
[2026-07-16 12:39:40,188][root][INFO] - Cost-to-go evaluation time for node 41: 0.8169 seconds
[2026-07-16 12:39:40,970][root][INFO] - Backward constraint evaluation time for node 41: 0.7732 seconds
[2026-07-16 12:39:41,789][root][INFO] - Cost-to-go evaluation time for node 41: 0.8186 seconds
[2026-07-16 12:39:42,572][root][INFO] - Backward constraint evaluation time for node 41: 0.7751 seconds
[2026-07-16 12:39:43,396][root][INFO] - Cost-to-go evaluation time for node 41: 0.8232 seconds
[2026-07-16 12:39:44,176][root][INFO] - Backward constraint evaluation time for node 41: 0.7720 seconds
[2026-07-16 12:39:44,996][root][INFO] - Cost-to-go evaluation time for node 41: 0.8189 seconds
[2026-07-16 12:39:45,775][root][INFO] - Backward constraint evaluation time for node 41: 0.7714 seconds
[2026-07-16 12:39:46,596][root][INFO] - Cost-to-go evaluation time for node 41: 0.8198 seconds
[2026-07-16 12:39:47,377][root][INFO] - Backward constraint evaluation time for node 41: 0.7736 seconds
[2026-07-16 12:39:48,196][root][INFO] - Cost-to-go evaluation time for node 41: 0.8175 seconds
[2026-07-16 12:39:48,976][root][INFO] - Backward constraint evaluation time for node 41: 0.7726 seconds
[2026-07-16 12:39:49,794][root][INFO] - Cost-to-go evaluation time for node 41: 0.8171 seconds
[2026-07-16 12:39:50,577][root][INFO] - Backward constraint evaluation time for node 41: 0.7750 seconds
[2026-07-16 12:39:51,397][root][INFO] - Cost-to-go evaluation time for node 41: 0.8196 seconds
[2026-07-16 12:39:51,405][root][INFO] - Solver iteration: 0
[2026-07-16 12:39:51,405][root][INFO] - 	 *Phase: INITIAL
[2026-07-16 12:39:51,405][root][INFO] - 	 *lowest F value: -2.08058 | # live points: 1000
[2026-07-16 12:39:51,413][root][INFO] - Phase INITIAL is over.
[2026-07-16 12:39:52,197][root][INFO] - Backward constraint evaluation time for node 41: 0.7737 seconds
[2026-07-16 12:39:53,016][root][INFO] - Cost-to-go evaluation time for node 41: 0.8182 seconds
[2026-07-16 12:39:53,017][root][INFO] - [s] SQP feasible:  bwd-cls 100/100 (100%), bwd-CTG 100/100 (100%)
[2026-07-16 12:39:53,017][root][INFO] - [s] SQP converged: bwd-cls 100/100 (100%), bwd-CTG 100/100 (100%)
[2026-07-16 12:39:53,025][root][INFO] - Solver iteration: 1
[2026-07-16 12:39:53,025][root][INFO] - 	 *Phase: DETERMINISTIC
[2026-07-16 12:39:53,025][root][INFO] - 	 *lowest F value: -1.61014 | # live points: 1000 | # proposals: 100
[2026-07-16 12:39:53,025][root][INFO] - 	 *Fraction of live points in DS~nominal: 1.0000
[2026-07-16 12:39:53,025][root][INFO] - 	 *Evidence estimate: 0.00000
[2026-07-16 12:39:53,025][root][INFO] - Phase DETERMINISTIC is over.
[2026-07-16 12:39:53,025][root][INFO] - Phase NMVP_SEARCH is skipped.
[2026-07-16 12:39:53,815][root][INFO] - Backward constraint evaluation time for node 41: 0.7732 seconds
[2026-07-16 12:39:54,637][root][INFO] - Cost-to-go evaluation time for node 41: 0.8203 seconds
[2026-07-16 12:39:55,419][root][INFO] - Backward constraint evaluation time for node 41: 0.7742 seconds
[2026-07-16 12:39:56,239][root][INFO] - Cost-to-go evaluation time for node 41: 0.8195 seconds
[2026-07-16 12:39:57,023][root][INFO] - Backward constraint evaluation time for node 41: 0.7757 seconds
[2026-07-16 12:39:57,842][root][INFO] - Cost-to-go evaluation time for node 41: 0.8179 seconds
[2026-07-16 12:39:58,625][root][INFO] - Backward constraint evaluation time for node 41: 0.7758 seconds
[2026-07-16 12:39:59,445][root][INFO] - Cost-to-go evaluation time for node 41: 0.8184 seconds
[2026-07-16 12:40:00,227][root][INFO] - Backward constraint evaluation time for node 41: 0.7743 seconds
[2026-07-16 12:40:01,045][root][INFO] - Cost-to-go evaluation time for node 41: 0.8177 seconds
[2026-07-16 12:40:01,833][root][INFO] - Backward constraint evaluation time for node 41: 0.7797 seconds
[2026-07-16 12:40:02,655][root][INFO] - Cost-to-go evaluation time for node 41: 0.8206 seconds
[2026-07-16 12:40:03,434][root][INFO] - Backward constraint evaluation time for node 41: 0.7715 seconds
[2026-07-16 12:40:04,252][root][INFO] - Cost-to-go evaluation time for node 41: 0.8166 seconds
[2026-07-16 12:40:05,033][root][INFO] - Backward constraint evaluation time for node 41: 0.7739 seconds
[2026-07-16 12:40:05,853][root][INFO] - Cost-to-go evaluation time for node 41: 0.8190 seconds
[2026-07-16 12:40:06,635][root][INFO] - Backward constraint evaluation time for node 41: 0.7744 seconds
[2026-07-16 12:40:07,456][root][INFO] - Cost-to-go evaluation time for node 41: 0.8199 seconds
[2026-07-16 12:40:08,239][root][INFO] - Backward constraint evaluation time for node 41: 0.7747 seconds
[2026-07-16 12:40:09,064][root][INFO] - Cost-to-go evaluation time for node 41: 0.8247 seconds
[2026-07-16 12:40:09,065][root][INFO] - [s] SQP feasible:  bwd-cls 1000/1000 (100%), bwd-CTG 1000/1000 (100%)
[2026-07-16 12:40:09,065][root][INFO] - [s] SQP converged: bwd-cls 1000/1000 (100%), bwd-CTG 1000/1000 (100%)
[2026-07-16 12:40:09,070][root][INFO] - Solver iteration: 1
[2026-07-16 12:40:09,070][root][INFO] - 	 *Phase: TRANSITION
[2026-07-16 12:40:09,070][root][INFO] - 	 *lowest F value: 1.00000 | # live points: 1000
[2026-07-16 12:40:09,079][root][INFO] - Phase TRANSITION is over.
[2026-07-16 12:40:09,865][root][INFO] - Backward constraint evaluation time for node 41: 0.7732 seconds
[2026-07-16 12:40:10,687][root][INFO] - Cost-to-go evaluation time for node 41: 0.8203 seconds
[2026-07-16 12:40:10,687][root][INFO] - [s] SQP feasible:  bwd-cls 100/100 (100%), bwd-CTG 100/100 (100%)
[2026-07-16 12:40:10,687][root][INFO] - [s] SQP converged: bwd-cls 100/100 (100%), bwd-CTG 100/100 (100%)
[2026-07-16 12:40:10,693][root][INFO] - Solver iteration: 2
[2026-07-16 12:40:10,693][root][INFO] - 	 *Phase: PROBABILISTIC
[2026-07-16 12:40:10,693][root][INFO] - 	 *lowest F value: 1.00000 | # live points: 1000 | # proposals: 100
[2026-07-16 12:40:10,693][root][INFO] - 	 *Fraction of live points in DS~100.00%: 1.0000
[2026-07-16 12:40:10,693][root][INFO] - 	 *Evidence estimate: 2.30038
[2026-07-16 12:40:10,693][root][INFO] - Phase PROBABILISTIC is over.
[2026-07-16 12:40:10,802][root][INFO] - Design Space Characterization is done.
[2026-07-16 12:40:10,802][root][INFO] - Time taken to solve the problem: 39.13229012489319 seconds
[2026-07-16 12:40:10,815][root][INFO] - Node 41: bwd-cls — feasible 2200/2200 (100.0%), converged 2200/2200 (100.0%)
[2026-07-16 12:40:10,815][root][INFO] - Node 41: bwd-CTG — feasible 2200/2200 (100.0%), converged 2200/2200 (100.0%)
[2026-07-16 12:40:51,453][root][INFO] - training_performance (regressor): {'mse': Array(0.00020742, dtype=float64), 'standardised_mape': Array(0.05026537, dtype=float64)} | best_hyperparams={'hidden_size': [50, 50, 25], 'activation_function': 'gelu', 'output_units': 1} | best_avg_val_loss=0.0008858
[2026-07-16 12:40:53,381][root][INFO] - training_performance: {'acc': 0.9670406732117812, 'tn': np.int64(1998), 'fp': np.int64(0), 'fn': np.int64(141), 'tp': np.int64(2139)}
[2026-07-16 12:40:54,010][root][INFO] - ------- Characterising node 40 according to precedence order -------
[2026-07-16 12:40:54,011][root][INFO] - Bounds: {'d1': {'d1': [np.float64(290.0), np.float64(302.0)]}, 'd2': {'d2': [np.float64(0.78), np.float64(0.97)]}, 'd3': {'d3': [np.float64(314.0), np.float64(332.0)]}, 'd4': {'d4': [np.float64(290.0), np.float64(302.0)]}, 'd5': {'d5': [np.float64(0.8), np.float64(0.95)]}}
[2026-07-16 12:40:54,011][root][INFO] - EXTENDED DS DIM.: 5
[2026-07-16 12:40:54,166][root][INFO] - Integration took 0.10425996780395508 seconds
[2026-07-16 12:40:56,689][root][INFO] - Backward constraint evaluation time for node 40: 2.0992 seconds
[2026-07-16 12:40:59,364][root][INFO] - Cost-to-go evaluation time for node 40: 2.3949 seconds
[2026-07-16 12:41:00,240][root][INFO] - Backward constraint evaluation time for node 40: 0.7790 seconds
[2026-07-16 12:41:01,058][root][INFO] - Cost-to-go evaluation time for node 40: 0.8178 seconds
[2026-07-16 12:41:01,838][root][INFO] - Backward constraint evaluation time for node 40: 0.7720 seconds
[2026-07-16 12:41:02,657][root][INFO] - Cost-to-go evaluation time for node 40: 0.8181 seconds
[2026-07-16 12:41:03,441][root][INFO] - Backward constraint evaluation time for node 40: 0.7757 seconds
[2026-07-16 12:41:04,259][root][INFO] - Cost-to-go evaluation time for node 40: 0.8174 seconds
[2026-07-16 12:41:05,041][root][INFO] - Backward constraint evaluation time for node 40: 0.7740 seconds
[2026-07-16 12:41:05,859][root][INFO] - Cost-to-go evaluation time for node 40: 0.8171 seconds
[2026-07-16 12:41:06,640][root][INFO] - Backward constraint evaluation time for node 40: 0.7730 seconds
[2026-07-16 12:41:07,458][root][INFO] - Cost-to-go evaluation time for node 40: 0.8171 seconds
[2026-07-16 12:41:08,240][root][INFO] - Backward constraint evaluation time for node 40: 0.7734 seconds
[2026-07-16 12:41:09,066][root][INFO] - Cost-to-go evaluation time for node 40: 0.8254 seconds
[2026-07-16 12:41:09,848][root][INFO] - Backward constraint evaluation time for node 40: 0.7743 seconds
[2026-07-16 12:41:10,667][root][INFO] - Cost-to-go evaluation time for node 40: 0.8185 seconds
[2026-07-16 12:41:11,449][root][INFO] - Backward constraint evaluation time for node 40: 0.7740 seconds
[2026-07-16 12:41:12,267][root][INFO] - Cost-to-go evaluation time for node 40: 0.8172 seconds
[2026-07-16 12:41:13,047][root][INFO] - Backward constraint evaluation time for node 40: 0.7713 seconds
[2026-07-16 12:41:13,865][root][INFO] - Cost-to-go evaluation time for node 40: 0.8176 seconds
[2026-07-16 12:41:13,873][root][INFO] - Solver iteration: 0
[2026-07-16 12:41:13,873][root][INFO] - 	 *Phase: INITIAL
[2026-07-16 12:41:13,873][root][INFO] - 	 *lowest F value: -2.08058 | # live points: 1000
[2026-07-16 12:41:13,880][root][INFO] - Phase INITIAL is over.
[2026-07-16 12:41:14,664][root][INFO] - Backward constraint evaluation time for node 40: 0.7725 seconds
[2026-07-16 12:41:15,490][root][INFO] - Cost-to-go evaluation time for node 40: 0.8252 seconds
[2026-07-16 12:41:15,491][root][INFO] - [s] SQP feasible:  bwd-cls 100/100 (100%), bwd-CTG 100/100 (100%)
[2026-07-16 12:41:15,491][root][INFO] - [s] SQP converged: bwd-cls 100/100 (100%), bwd-CTG 100/100 (100%)
[2026-07-16 12:41:15,499][root][INFO] - Solver iteration: 1
[2026-07-16 12:41:15,499][root][INFO] - 	 *Phase: DETERMINISTIC
[2026-07-16 12:41:15,499][root][INFO] - 	 *lowest F value: -1.61014 | # live points: 1000 | # proposals: 100
[2026-07-16 12:41:15,499][root][INFO] - 	 *Fraction of live points in DS~nominal: 1.0000
[2026-07-16 12:41:15,500][root][INFO] - 	 *Evidence estimate: 0.00000
[2026-07-16 12:41:15,500][root][INFO] - Phase DETERMINISTIC is over.
[2026-07-16 12:41:15,500][root][INFO] - Phase NMVP_SEARCH is skipped.
[2026-07-16 12:41:16,291][root][INFO] - Backward constraint evaluation time for node 40: 0.7744 seconds
[2026-07-16 12:41:17,110][root][INFO] - Cost-to-go evaluation time for node 40: 0.8184 seconds
[2026-07-16 12:41:17,891][root][INFO] - Backward constraint evaluation time for node 40: 0.7734 seconds
[2026-07-16 12:41:18,709][root][INFO] - Cost-to-go evaluation time for node 40: 0.8166 seconds
[2026-07-16 12:41:19,489][root][INFO] - Backward constraint evaluation time for node 40: 0.7720 seconds
[2026-07-16 12:41:20,305][root][INFO] - Cost-to-go evaluation time for node 40: 0.8151 seconds
[2026-07-16 12:41:21,086][root][INFO] - Backward constraint evaluation time for node 40: 0.7734 seconds
[2026-07-16 12:41:21,906][root][INFO] - Cost-to-go evaluation time for node 40: 0.8185 seconds
[2026-07-16 12:41:22,688][root][INFO] - Backward constraint evaluation time for node 40: 0.7751 seconds
[2026-07-16 12:41:23,506][root][INFO] - Cost-to-go evaluation time for node 40: 0.8167 seconds
[2026-07-16 12:41:24,286][root][INFO] - Backward constraint evaluation time for node 40: 0.7728 seconds
[2026-07-16 12:41:25,103][root][INFO] - Cost-to-go evaluation time for node 40: 0.8158 seconds
[2026-07-16 12:41:25,884][root][INFO] - Backward constraint evaluation time for node 40: 0.7730 seconds
[2026-07-16 12:41:26,702][root][INFO] - Cost-to-go evaluation time for node 40: 0.8168 seconds
[2026-07-16 12:41:27,483][root][INFO] - Backward constraint evaluation time for node 40: 0.7741 seconds
[2026-07-16 12:41:28,300][root][INFO] - Cost-to-go evaluation time for node 40: 0.8153 seconds
[2026-07-16 12:41:29,081][root][INFO] - Backward constraint evaluation time for node 40: 0.7740 seconds
[2026-07-16 12:41:29,899][root][INFO] - Cost-to-go evaluation time for node 40: 0.8166 seconds
[2026-07-16 12:41:30,681][root][INFO] - Backward constraint evaluation time for node 40: 0.7747 seconds
[2026-07-16 12:41:31,497][root][INFO] - Cost-to-go evaluation time for node 40: 0.8147 seconds
[2026-07-16 12:41:31,498][root][INFO] - [s] SQP feasible:  bwd-cls 1000/1000 (100%), bwd-CTG 1000/1000 (100%)
[2026-07-16 12:41:31,498][root][INFO] - [s] SQP converged: bwd-cls 1000/1000 (100%), bwd-CTG 1000/1000 (100%)
[2026-07-16 12:41:31,503][root][INFO] - Solver iteration: 1
[2026-07-16 12:41:31,503][root][INFO] - 	 *Phase: TRANSITION
[2026-07-16 12:41:31,503][root][INFO] - 	 *lowest F value: 1.00000 | # live points: 1000
[2026-07-16 12:41:31,512][root][INFO] - Phase TRANSITION is over.
[2026-07-16 12:41:32,295][root][INFO] - Backward constraint evaluation time for node 40: 0.7705 seconds
[2026-07-16 12:41:33,114][root][INFO] - Cost-to-go evaluation time for node 40: 0.8182 seconds
[2026-07-16 12:41:33,115][root][INFO] - [s] SQP feasible:  bwd-cls 100/100 (100%), bwd-CTG 100/100 (100%)
[2026-07-16 12:41:33,115][root][INFO] - [s] SQP converged: bwd-cls 100/100 (100%), bwd-CTG 100/100 (100%)
[2026-07-16 12:41:33,121][root][INFO] - Solver iteration: 2
[2026-07-16 12:41:33,121][root][INFO] - 	 *Phase: PROBABILISTIC
[2026-07-16 12:41:33,121][root][INFO] - 	 *lowest F value: 1.00000 | # live points: 1000 | # proposals: 100
[2026-07-16 12:41:33,121][root][INFO] - 	 *Fraction of live points in DS~100.00%: 1.0000
[2026-07-16 12:41:33,121][root][INFO] - 	 *Evidence estimate: 2.30038
[2026-07-16 12:41:33,121][root][INFO] - Phase PROBABILISTIC is over.
[2026-07-16 12:41:33,230][root][INFO] - Design Space Characterization is done.
[2026-07-16 12:41:33,231][root][INFO] - Time taken to solve the problem: 39.2095148563385 seconds
[2026-07-16 12:41:33,245][root][INFO] - Node 40: bwd-cls — feasible 2200/2200 (100.0%), converged 2200/2200 (100.0%)
[2026-07-16 12:41:33,245][root][INFO] - Node 40: bwd-CTG — feasible 2200/2200 (100.0%), converged 2200/2200 (100.0%)
[2026-07-16 12:42:13,225][root][INFO] - training_performance (regressor): {'mse': Array(0.00033129, dtype=float64), 'standardised_mape': Array(0.08112283, dtype=float64)} | best_hyperparams={'hidden_size': [75, 75], 'activation_function': 'gelu', 'output_units': 1} | best_avg_val_loss=0.0009532
[2026-07-16 12:42:15,284][root][INFO] - training_performance: {'acc': 0.9670406732117812, 'tn': np.int64(1998), 'fp': np.int64(0), 'fn': np.int64(141), 'tp': np.int64(2139)}
[2026-07-16 12:42:15,922][root][INFO] - ------- Characterising node 39 according to precedence order -------
[2026-07-16 12:42:15,924][root][INFO] - Bounds: {'d1': {'d1': [np.float64(290.0), np.float64(302.0)]}, 'd2': {'d2': [np.float64(0.78), np.float64(0.97)]}, 'd3': {'d3': [np.float64(314.0), np.float64(332.0)]}, 'd4': {'d4': [np.float64(290.0), np.float64(302.0)]}, 'd5': {'d5': [np.float64(0.8), np.float64(0.95)]}}
[2026-07-16 12:42:15,924][root][INFO] - EXTENDED DS DIM.: 5
[2026-07-16 12:42:16,077][root][INFO] - Integration took 0.10321426391601562 seconds
[2026-07-16 12:42:18,608][root][INFO] - Backward constraint evaluation time for node 39: 2.1097 seconds
[2026-07-16 12:42:21,185][root][INFO] - Cost-to-go evaluation time for node 39: 2.3044 seconds
[2026-07-16 12:42:22,053][root][INFO] - Backward constraint evaluation time for node 39: 0.7735 seconds
[2026-07-16 12:42:22,871][root][INFO] - Cost-to-go evaluation time for node 39: 0.8168 seconds
[2026-07-16 12:42:23,649][root][INFO] - Backward constraint evaluation time for node 39: 0.7704 seconds
[2026-07-16 12:42:24,468][root][INFO] - Cost-to-go evaluation time for node 39: 0.8178 seconds
[2026-07-16 12:42:25,248][root][INFO] - Backward constraint evaluation time for node 39: 0.7717 seconds
[2026-07-16 12:42:26,065][root][INFO] - Cost-to-go evaluation time for node 39: 0.8167 seconds
[2026-07-16 12:42:26,849][root][INFO] - Backward constraint evaluation time for node 39: 0.7759 seconds
[2026-07-16 12:42:27,677][root][INFO] - Cost-to-go evaluation time for node 39: 0.8265 seconds
[2026-07-16 12:42:28,456][root][INFO] - Backward constraint evaluation time for node 39: 0.7711 seconds
[2026-07-16 12:42:29,276][root][INFO] - Cost-to-go evaluation time for node 39: 0.8193 seconds
[2026-07-16 12:42:30,060][root][INFO] - Backward constraint evaluation time for node 39: 0.7768 seconds
[2026-07-16 12:42:30,879][root][INFO] - Cost-to-go evaluation time for node 39: 0.8180 seconds
[2026-07-16 12:42:31,663][root][INFO] - Backward constraint evaluation time for node 39: 0.7758 seconds
[2026-07-16 12:42:32,481][root][INFO] - Cost-to-go evaluation time for node 39: 0.8172 seconds
[2026-07-16 12:42:33,263][root][INFO] - Backward constraint evaluation time for node 39: 0.7736 seconds
[2026-07-16 12:42:34,080][root][INFO] - Cost-to-go evaluation time for node 39: 0.8160 seconds
[2026-07-16 12:42:34,859][root][INFO] - Backward constraint evaluation time for node 39: 0.7717 seconds
[2026-07-16 12:42:35,676][root][INFO] - Cost-to-go evaluation time for node 39: 0.8155 seconds
[2026-07-16 12:42:35,683][root][INFO] - Solver iteration: 0
[2026-07-16 12:42:35,683][root][INFO] - 	 *Phase: INITIAL
[2026-07-16 12:42:35,683][root][INFO] - 	 *lowest F value: -2.08058 | # live points: 1000
[2026-07-16 12:42:35,689][root][INFO] - Phase INITIAL is over.
[2026-07-16 12:42:36,469][root][INFO] - Backward constraint evaluation time for node 39: 0.7689 seconds
[2026-07-16 12:42:37,283][root][INFO] - Cost-to-go evaluation time for node 39: 0.8130 seconds
[2026-07-16 12:42:37,284][root][INFO] - [s] SQP feasible:  bwd-cls 100/100 (100%), bwd-CTG 100/100 (100%)
[2026-07-16 12:42:37,284][root][INFO] - [s] SQP converged: bwd-cls 100/100 (100%), bwd-CTG 100/100 (100%)
[2026-07-16 12:42:37,292][root][INFO] - Solver iteration: 1
[2026-07-16 12:42:37,292][root][INFO] - 	 *Phase: DETERMINISTIC
[2026-07-16 12:42:37,292][root][INFO] - 	 *lowest F value: -1.61014 | # live points: 1000 | # proposals: 100
[2026-07-16 12:42:37,292][root][INFO] - 	 *Fraction of live points in DS~nominal: 1.0000
[2026-07-16 12:42:37,292][root][INFO] - 	 *Evidence estimate: 0.00000
[2026-07-16 12:42:37,292][root][INFO] - Phase DETERMINISTIC is over.
[2026-07-16 12:42:37,293][root][INFO] - Phase NMVP_SEARCH is skipped.
[2026-07-16 12:42:38,083][root][INFO] - Backward constraint evaluation time for node 39: 0.7741 seconds
[2026-07-16 12:42:38,902][root][INFO] - Cost-to-go evaluation time for node 39: 0.8179 seconds
[2026-07-16 12:42:39,685][root][INFO] - Backward constraint evaluation time for node 39: 0.7747 seconds
[2026-07-16 12:42:40,504][root][INFO] - Cost-to-go evaluation time for node 39: 0.8181 seconds
[2026-07-16 12:42:41,283][root][INFO] - Backward constraint evaluation time for node 39: 0.7713 seconds
[2026-07-16 12:42:42,102][root][INFO] - Cost-to-go evaluation time for node 39: 0.8185 seconds
[2026-07-16 12:42:42,883][root][INFO] - Backward constraint evaluation time for node 39: 0.7727 seconds
[2026-07-16 12:42:43,701][root][INFO] - Cost-to-go evaluation time for node 39: 0.8177 seconds
[2026-07-16 12:42:44,483][root][INFO] - Backward constraint evaluation time for node 39: 0.7738 seconds
[2026-07-16 12:42:45,298][root][INFO] - Cost-to-go evaluation time for node 39: 0.8142 seconds
[2026-07-16 12:42:46,077][root][INFO] - Backward constraint evaluation time for node 39: 0.7714 seconds
[2026-07-16 12:42:46,896][root][INFO] - Cost-to-go evaluation time for node 39: 0.8179 seconds
[2026-07-16 12:42:47,677][root][INFO] - Backward constraint evaluation time for node 39: 0.7734 seconds
[2026-07-16 12:42:48,493][root][INFO] - Cost-to-go evaluation time for node 39: 0.8151 seconds
[2026-07-16 12:42:49,274][root][INFO] - Backward constraint evaluation time for node 39: 0.7725 seconds
[2026-07-16 12:42:50,093][root][INFO] - Cost-to-go evaluation time for node 39: 0.8185 seconds
[2026-07-16 12:42:50,874][root][INFO] - Backward constraint evaluation time for node 39: 0.7727 seconds
[2026-07-16 12:42:51,693][root][INFO] - Cost-to-go evaluation time for node 39: 0.8183 seconds
[2026-07-16 12:42:52,472][root][INFO] - Backward constraint evaluation time for node 39: 0.7713 seconds
[2026-07-16 12:42:53,286][root][INFO] - Cost-to-go evaluation time for node 39: 0.8129 seconds
[2026-07-16 12:42:53,287][root][INFO] - [s] SQP feasible:  bwd-cls 1000/1000 (100%), bwd-CTG 1000/1000 (100%)
[2026-07-16 12:42:53,287][root][INFO] - [s] SQP converged: bwd-cls 1000/1000 (100%), bwd-CTG 1000/1000 (100%)
[2026-07-16 12:42:53,292][root][INFO] - Solver iteration: 1
[2026-07-16 12:42:53,292][root][INFO] - 	 *Phase: TRANSITION
[2026-07-16 12:42:53,292][root][INFO] - 	 *lowest F value: 1.00000 | # live points: 1000
[2026-07-16 12:42:53,300][root][INFO] - Phase TRANSITION is over.
[2026-07-16 12:42:54,085][root][INFO] - Backward constraint evaluation time for node 39: 0.7717 seconds
[2026-07-16 12:42:54,904][root][INFO] - Cost-to-go evaluation time for node 39: 0.8176 seconds
[2026-07-16 12:42:54,904][root][INFO] - [s] SQP feasible:  bwd-cls 100/100 (100%), bwd-CTG 100/100 (100%)
[2026-07-16 12:42:54,904][root][INFO] - [s] SQP converged: bwd-cls 100/100 (100%), bwd-CTG 100/100 (100%)
[2026-07-16 12:42:54,910][root][INFO] - Solver iteration: 2
[2026-07-16 12:42:54,910][root][INFO] - 	 *Phase: PROBABILISTIC
[2026-07-16 12:42:54,910][root][INFO] - 	 *lowest F value: 1.00000 | # live points: 1000 | # proposals: 100
[2026-07-16 12:42:54,910][root][INFO] - 	 *Fraction of live points in DS~100.00%: 1.0000
[2026-07-16 12:42:54,911][root][INFO] - 	 *Evidence estimate: 2.30038
[2026-07-16 12:42:54,911][root][INFO] - Phase PROBABILISTIC is over.
[2026-07-16 12:42:55,013][root][INFO] - Design Space Characterization is done.
[2026-07-16 12:42:55,013][root][INFO] - Time taken to solve the problem: 39.079198122024536 seconds
[2026-07-16 12:42:55,022][root][INFO] - Node 39: bwd-cls — feasible 2200/2200 (100.0%), converged 2200/2200 (100.0%)
[2026-07-16 12:42:55,022][root][INFO] - Node 39: bwd-CTG — feasible 2200/2200 (100.0%), converged 2200/2200 (100.0%)
[2026-07-16 12:43:35,128][root][INFO] - training_performance (regressor): {'mse': Array(0.00023917, dtype=float64), 'standardised_mape': Array(0.06122695, dtype=float64)} | best_hyperparams={'hidden_size': [75, 75], 'activation_function': 'gelu', 'output_units': 1} | best_avg_val_loss=0.0007399
[2026-07-16 12:43:36,990][root][INFO] - training_performance: {'acc': 0.9670406732117812, 'tn': np.int64(1998), 'fp': np.int64(0), 'fn': np.int64(141), 'tp': np.int64(2139)}
[2026-07-16 12:43:37,608][root][INFO] - ------- Characterising node 38 according to precedence order -------
[2026-07-16 12:43:37,609][root][INFO] - Bounds: {'d1': {'d1': [np.float64(290.0), np.float64(302.0)]}, 'd2': {'d2': [np.float64(0.78), np.float64(0.97)]}, 'd3': {'d3': [np.float64(314.0), np.float64(332.0)]}, 'd4': {'d4': [np.float64(290.0), np.float64(302.0)]}, 'd5': {'d5': [np.float64(0.8), np.float64(0.95)]}}
[2026-07-16 12:43:37,609][root][INFO] - EXTENDED DS DIM.: 5
[2026-07-16 12:43:37,761][root][INFO] - Integration took 0.10257196426391602 seconds
[2026-07-16 12:43:40,271][root][INFO] - Backward constraint evaluation time for node 38: 2.0832 seconds
[2026-07-16 12:43:42,872][root][INFO] - Cost-to-go evaluation time for node 38: 2.3286 seconds
[2026-07-16 12:43:43,740][root][INFO] - Backward constraint evaluation time for node 38: 0.7762 seconds
[2026-07-16 12:43:44,558][root][INFO] - Cost-to-go evaluation time for node 38: 0.8160 seconds
[2026-07-16 12:43:45,338][root][INFO] - Backward constraint evaluation time for node 38: 0.7724 seconds
[2026-07-16 12:43:46,156][root][INFO] - Cost-to-go evaluation time for node 38: 0.8172 seconds
[2026-07-16 12:43:46,940][root][INFO] - Backward constraint evaluation time for node 38: 0.7755 seconds
[2026-07-16 12:43:47,757][root][INFO] - Cost-to-go evaluation time for node 38: 0.8163 seconds
[2026-07-16 12:43:48,539][root][INFO] - Backward constraint evaluation time for node 38: 0.7732 seconds
[2026-07-16 12:43:49,356][root][INFO] - Cost-to-go evaluation time for node 38: 0.8170 seconds
[2026-07-16 12:43:50,137][root][INFO] - Backward constraint evaluation time for node 38: 0.7730 seconds
[2026-07-16 12:43:50,956][root][INFO] - Cost-to-go evaluation time for node 38: 0.8174 seconds
[2026-07-16 12:43:51,738][root][INFO] - Backward constraint evaluation time for node 38: 0.7741 seconds
[2026-07-16 12:43:52,558][root][INFO] - Cost-to-go evaluation time for node 38: 0.8190 seconds
[2026-07-16 12:43:53,341][root][INFO] - Backward constraint evaluation time for node 38: 0.7754 seconds
[2026-07-16 12:43:54,160][root][INFO] - Cost-to-go evaluation time for node 38: 0.8184 seconds
[2026-07-16 12:43:54,942][root][INFO] - Backward constraint evaluation time for node 38: 0.7735 seconds
[2026-07-16 12:43:55,761][root][INFO] - Cost-to-go evaluation time for node 38: 0.8183 seconds
[2026-07-16 12:43:56,542][root][INFO] - Backward constraint evaluation time for node 38: 0.7733 seconds
[2026-07-16 12:43:57,361][root][INFO] - Cost-to-go evaluation time for node 38: 0.8182 seconds
[2026-07-16 12:43:57,369][root][INFO] - Solver iteration: 0
[2026-07-16 12:43:57,369][root][INFO] - 	 *Phase: INITIAL
[2026-07-16 12:43:57,369][root][INFO] - 	 *lowest F value: -2.08058 | # live points: 1000
[2026-07-16 12:43:57,375][root][INFO] - Phase INITIAL is over.
[2026-07-16 12:43:58,161][root][INFO] - Backward constraint evaluation time for node 38: 0.7747 seconds
[2026-07-16 12:43:58,978][root][INFO] - Cost-to-go evaluation time for node 38: 0.8154 seconds
[2026-07-16 12:43:58,978][root][INFO] - [s] SQP feasible:  bwd-cls 100/100 (100%), bwd-CTG 100/100 (100%)
[2026-07-16 12:43:58,978][root][INFO] - [s] SQP converged: bwd-cls 100/100 (100%), bwd-CTG 100/100 (100%)
[2026-07-16 12:43:58,987][root][INFO] - Solver iteration: 1
[2026-07-16 12:43:58,987][root][INFO] - 	 *Phase: DETERMINISTIC
[2026-07-16 12:43:58,987][root][INFO] - 	 *lowest F value: -1.61014 | # live points: 1000 | # proposals: 100
[2026-07-16 12:43:58,987][root][INFO] - 	 *Fraction of live points in DS~nominal: 1.0000
[2026-07-16 12:43:58,987][root][INFO] - 	 *Evidence estimate: 0.00000
[2026-07-16 12:43:58,987][root][INFO] - Phase DETERMINISTIC is over.
[2026-07-16 12:43:58,987][root][INFO] - Phase NMVP_SEARCH is skipped.
[2026-07-16 12:43:59,778][root][INFO] - Backward constraint evaluation time for node 38: 0.7747 seconds
[2026-07-16 12:44:00,600][root][INFO] - Cost-to-go evaluation time for node 38: 0.8204 seconds
[2026-07-16 12:44:01,383][root][INFO] - Backward constraint evaluation time for node 38: 0.7757 seconds
[2026-07-16 12:44:02,201][root][INFO] - Cost-to-go evaluation time for node 38: 0.8164 seconds
[2026-07-16 12:44:02,983][root][INFO] - Backward constraint evaluation time for node 38: 0.7748 seconds
[2026-07-16 12:44:03,802][root][INFO] - Cost-to-go evaluation time for node 38: 0.8172 seconds
[2026-07-16 12:44:04,583][root][INFO] - Backward constraint evaluation time for node 38: 0.7733 seconds
[2026-07-16 12:44:05,400][root][INFO] - Cost-to-go evaluation time for node 38: 0.8159 seconds
[2026-07-16 12:44:06,181][root][INFO] - Backward constraint evaluation time for node 38: 0.7736 seconds
[2026-07-16 12:44:06,999][root][INFO] - Cost-to-go evaluation time for node 38: 0.8170 seconds
[2026-07-16 12:44:07,780][root][INFO] - Backward constraint evaluation time for node 38: 0.7729 seconds
[2026-07-16 12:44:08,598][root][INFO] - Cost-to-go evaluation time for node 38: 0.8176 seconds
[2026-07-16 12:44:09,383][root][INFO] - Backward constraint evaluation time for node 38: 0.7773 seconds
[2026-07-16 12:44:10,201][root][INFO] - Cost-to-go evaluation time for node 38: 0.8163 seconds
[2026-07-16 12:44:10,982][root][INFO] - Backward constraint evaluation time for node 38: 0.7730 seconds
[2026-07-16 12:44:11,799][root][INFO] - Cost-to-go evaluation time for node 38: 0.8161 seconds
[2026-07-16 12:44:12,582][root][INFO] - Backward constraint evaluation time for node 38: 0.7750 seconds
[2026-07-16 12:44:13,401][root][INFO] - Cost-to-go evaluation time for node 38: 0.8180 seconds
[2026-07-16 12:44:14,184][root][INFO] - Backward constraint evaluation time for node 38: 0.7751 seconds
[2026-07-16 12:44:15,004][root][INFO] - Cost-to-go evaluation time for node 38: 0.8195 seconds
[2026-07-16 12:44:15,005][root][INFO] - [s] SQP feasible:  bwd-cls 1000/1000 (100%), bwd-CTG 1000/1000 (100%)
[2026-07-16 12:44:15,005][root][INFO] - [s] SQP converged: bwd-cls 1000/1000 (100%), bwd-CTG 1000/1000 (100%)
[2026-07-16 12:44:15,010][root][INFO] - Solver iteration: 1
[2026-07-16 12:44:15,010][root][INFO] - 	 *Phase: TRANSITION
[2026-07-16 12:44:15,010][root][INFO] - 	 *lowest F value: 1.00000 | # live points: 1000
[2026-07-16 12:44:15,019][root][INFO] - Phase TRANSITION is over.
[2026-07-16 12:44:15,806][root][INFO] - Backward constraint evaluation time for node 38: 0.7745 seconds
[2026-07-16 12:44:16,624][root][INFO] - Cost-to-go evaluation time for node 38: 0.8161 seconds
[2026-07-16 12:44:16,624][root][INFO] - [s] SQP feasible:  bwd-cls 100/100 (100%), bwd-CTG 100/100 (100%)
[2026-07-16 12:44:16,624][root][INFO] - [s] SQP converged: bwd-cls 100/100 (100%), bwd-CTG 100/100 (100%)
[2026-07-16 12:44:16,630][root][INFO] - Solver iteration: 2
[2026-07-16 12:44:16,630][root][INFO] - 	 *Phase: PROBABILISTIC
[2026-07-16 12:44:16,630][root][INFO] - 	 *lowest F value: 1.00000 | # live points: 1000 | # proposals: 100
[2026-07-16 12:44:16,630][root][INFO] - 	 *Fraction of live points in DS~100.00%: 1.0000
[2026-07-16 12:44:16,630][root][INFO] - 	 *Evidence estimate: 2.30038
[2026-07-16 12:44:16,630][root][INFO] - Phase PROBABILISTIC is over.
[2026-07-16 12:44:16,736][root][INFO] - Design Space Characterization is done.
[2026-07-16 12:44:16,736][root][INFO] - Time taken to solve the problem: 39.11693811416626 seconds
[2026-07-16 12:44:16,746][root][INFO] - Node 38: bwd-cls — feasible 2200/2200 (100.0%), converged 2200/2200 (100.0%)
[2026-07-16 12:44:16,746][root][INFO] - Node 38: bwd-CTG — feasible 2200/2200 (100.0%), converged 2200/2200 (100.0%)
[2026-07-16 12:44:57,109][root][INFO] - training_performance (regressor): {'mse': Array(0.00028352, dtype=float64), 'standardised_mape': Array(0.05845017, dtype=float64)} | best_hyperparams={'hidden_size': [75, 75], 'activation_function': 'gelu', 'output_units': 1} | best_avg_val_loss=0.0007822
[2026-07-16 12:44:58,981][root][INFO] - training_performance: {'acc': 0.9670406732117812, 'tn': np.int64(1998), 'fp': np.int64(0), 'fn': np.int64(141), 'tp': np.int64(2139)}
[2026-07-16 12:44:59,641][root][INFO] - ------- Characterising node 37 according to precedence order -------
[2026-07-16 12:44:59,643][root][INFO] - Bounds: {'d1': {'d1': [np.float64(290.0), np.float64(302.0)]}, 'd2': {'d2': [np.float64(0.78), np.float64(0.97)]}, 'd3': {'d3': [np.float64(314.0), np.float64(332.0)]}, 'd4': {'d4': [np.float64(290.0), np.float64(302.0)]}, 'd5': {'d5': [np.float64(0.8), np.float64(0.95)]}}
[2026-07-16 12:44:59,643][root][INFO] - EXTENDED DS DIM.: 5
[2026-07-16 12:44:59,796][root][INFO] - Integration took 0.10307526588439941 seconds
[2026-07-16 12:45:02,323][root][INFO] - Backward constraint evaluation time for node 37: 2.1035 seconds
[2026-07-16 12:45:04,880][root][INFO] - Cost-to-go evaluation time for node 37: 2.2764 seconds
[2026-07-16 12:45:05,753][root][INFO] - Backward constraint evaluation time for node 37: 0.7755 seconds
[2026-07-16 12:45:06,571][root][INFO] - Cost-to-go evaluation time for node 37: 0.8171 seconds
[2026-07-16 12:45:07,352][root][INFO] - Backward constraint evaluation time for node 37: 0.7735 seconds
[2026-07-16 12:45:08,173][root][INFO] - Cost-to-go evaluation time for node 37: 0.8198 seconds
[2026-07-16 12:45:08,956][root][INFO] - Backward constraint evaluation time for node 37: 0.7746 seconds
[2026-07-16 12:45:09,774][root][INFO] - Cost-to-go evaluation time for node 37: 0.8173 seconds
[2026-07-16 12:45:10,554][root][INFO] - Backward constraint evaluation time for node 37: 0.7719 seconds
[2026-07-16 12:45:11,373][root][INFO] - Cost-to-go evaluation time for node 37: 0.8185 seconds
[2026-07-16 12:45:12,155][root][INFO] - Backward constraint evaluation time for node 37: 0.7733 seconds
[2026-07-16 12:45:12,975][root][INFO] - Cost-to-go evaluation time for node 37: 0.8194 seconds
[2026-07-16 12:45:13,757][root][INFO] - Backward constraint evaluation time for node 37: 0.7743 seconds
[2026-07-16 12:45:14,574][root][INFO] - Cost-to-go evaluation time for node 37: 0.8162 seconds
[2026-07-16 12:45:15,355][root][INFO] - Backward constraint evaluation time for node 37: 0.7729 seconds
[2026-07-16 12:45:16,174][root][INFO] - Cost-to-go evaluation time for node 37: 0.8179 seconds
[2026-07-16 12:45:16,954][root][INFO] - Backward constraint evaluation time for node 37: 0.7728 seconds
[2026-07-16 12:45:17,774][root][INFO] - Cost-to-go evaluation time for node 37: 0.8192 seconds
[2026-07-16 12:45:18,556][root][INFO] - Backward constraint evaluation time for node 37: 0.7740 seconds
[2026-07-16 12:45:19,371][root][INFO] - Cost-to-go evaluation time for node 37: 0.8147 seconds
[2026-07-16 12:45:19,379][root][INFO] - Solver iteration: 0
[2026-07-16 12:45:19,379][root][INFO] - 	 *Phase: INITIAL
[2026-07-16 12:45:19,379][root][INFO] - 	 *lowest F value: -2.08058 | # live points: 1000
[2026-07-16 12:45:19,386][root][INFO] - Phase INITIAL is over.
[2026-07-16 12:45:20,169][root][INFO] - Backward constraint evaluation time for node 37: 0.7709 seconds
[2026-07-16 12:45:20,988][root][INFO] - Cost-to-go evaluation time for node 37: 0.8189 seconds
[2026-07-16 12:45:20,989][root][INFO] - [s] SQP feasible:  bwd-cls 100/100 (100%), bwd-CTG 100/100 (100%)
[2026-07-16 12:45:20,989][root][INFO] - [s] SQP converged: bwd-cls 100/100 (100%), bwd-CTG 100/100 (100%)
[2026-07-16 12:45:20,998][root][INFO] - Solver iteration: 1
[2026-07-16 12:45:20,998][root][INFO] - 	 *Phase: DETERMINISTIC
[2026-07-16 12:45:20,998][root][INFO] - 	 *lowest F value: -1.61014 | # live points: 1000 | # proposals: 100
[2026-07-16 12:45:20,998][root][INFO] - 	 *Fraction of live points in DS~nominal: 1.0000
[2026-07-16 12:45:20,998][root][INFO] - 	 *Evidence estimate: 0.00000
[2026-07-16 12:45:20,998][root][INFO] - Phase DETERMINISTIC is over.
[2026-07-16 12:45:20,998][root][INFO] - Phase NMVP_SEARCH is skipped.
[2026-07-16 12:45:21,786][root][INFO] - Backward constraint evaluation time for node 37: 0.7726 seconds
[2026-07-16 12:45:22,603][root][INFO] - Cost-to-go evaluation time for node 37: 0.8161 seconds
[2026-07-16 12:45:23,384][root][INFO] - Backward constraint evaluation time for node 37: 0.7725 seconds
[2026-07-16 12:45:24,203][root][INFO] - Cost-to-go evaluation time for node 37: 0.8184 seconds
[2026-07-16 12:45:24,983][root][INFO] - Backward constraint evaluation time for node 37: 0.7723 seconds
[2026-07-16 12:45:25,802][root][INFO] - Cost-to-go evaluation time for node 37: 0.8187 seconds
[2026-07-16 12:45:26,581][root][INFO] - Backward constraint evaluation time for node 37: 0.7712 seconds
[2026-07-16 12:45:27,399][root][INFO] - Cost-to-go evaluation time for node 37: 0.8164 seconds
[2026-07-16 12:45:28,180][root][INFO] - Backward constraint evaluation time for node 37: 0.7732 seconds
[2026-07-16 12:45:29,000][root][INFO] - Cost-to-go evaluation time for node 37: 0.8188 seconds
[2026-07-16 12:45:29,781][root][INFO] - Backward constraint evaluation time for node 37: 0.7733 seconds
[2026-07-16 12:45:30,601][root][INFO] - Cost-to-go evaluation time for node 37: 0.8191 seconds
[2026-07-16 12:45:31,382][root][INFO] - Backward constraint evaluation time for node 37: 0.7731 seconds
[2026-07-16 12:45:32,199][root][INFO] - Cost-to-go evaluation time for node 37: 0.8166 seconds
[2026-07-16 12:45:32,979][root][INFO] - Backward constraint evaluation time for node 37: 0.7722 seconds
[2026-07-16 12:45:33,797][root][INFO] - Cost-to-go evaluation time for node 37: 0.8168 seconds
[2026-07-16 12:45:34,580][root][INFO] - Backward constraint evaluation time for node 37: 0.7753 seconds
[2026-07-16 12:45:35,399][root][INFO] - Cost-to-go evaluation time for node 37: 0.8176 seconds
[2026-07-16 12:45:36,179][root][INFO] - Backward constraint evaluation time for node 37: 0.7728 seconds
[2026-07-16 12:45:36,998][root][INFO] - Cost-to-go evaluation time for node 37: 0.8175 seconds
[2026-07-16 12:45:36,999][root][INFO] - [s] SQP feasible:  bwd-cls 1000/1000 (100%), bwd-CTG 1000/1000 (100%)
[2026-07-16 12:45:36,999][root][INFO] - [s] SQP converged: bwd-cls 1000/1000 (100%), bwd-CTG 1000/1000 (100%)
[2026-07-16 12:45:37,004][root][INFO] - Solver iteration: 1
[2026-07-16 12:45:37,004][root][INFO] - 	 *Phase: TRANSITION
[2026-07-16 12:45:37,004][root][INFO] - 	 *lowest F value: 1.00000 | # live points: 1000
[2026-07-16 12:45:37,012][root][INFO] - Phase TRANSITION is over.
[2026-07-16 12:45:37,798][root][INFO] - Backward constraint evaluation time for node 37: 0.7725 seconds
[2026-07-16 12:45:38,616][root][INFO] - Cost-to-go evaluation time for node 37: 0.8173 seconds
[2026-07-16 12:45:38,617][root][INFO] - [s] SQP feasible:  bwd-cls 100/100 (100%), bwd-CTG 100/100 (100%)
[2026-07-16 12:45:38,617][root][INFO] - [s] SQP converged: bwd-cls 100/100 (100%), bwd-CTG 100/100 (100%)
[2026-07-16 12:45:38,623][root][INFO] - Solver iteration: 2
[2026-07-16 12:45:38,623][root][INFO] - 	 *Phase: PROBABILISTIC
[2026-07-16 12:45:38,623][root][INFO] - 	 *lowest F value: 1.00000 | # live points: 1000 | # proposals: 100
[2026-07-16 12:45:38,623][root][INFO] - 	 *Fraction of live points in DS~100.00%: 1.0000
[2026-07-16 12:45:38,623][root][INFO] - 	 *Evidence estimate: 2.30038
[2026-07-16 12:45:38,623][root][INFO] - Phase PROBABILISTIC is over.
[2026-07-16 12:45:38,732][root][INFO] - Design Space Characterization is done.
[2026-07-16 12:45:38,732][root][INFO] - Time taken to solve the problem: 39.07841920852661 seconds
[2026-07-16 12:45:38,746][root][INFO] - Node 37: bwd-cls — feasible 2200/2200 (100.0%), converged 2200/2200 (100.0%)
[2026-07-16 12:45:38,746][root][INFO] - Node 37: bwd-CTG — feasible 2200/2200 (100.0%), converged 2200/2200 (100.0%)
[2026-07-16 12:46:18,284][root][INFO] - training_performance (regressor): {'mse': Array(0.00025336, dtype=float64), 'standardised_mape': Array(0.07077315, dtype=float64)} | best_hyperparams={'hidden_size': [75, 75], 'activation_function': 'gelu', 'output_units': 1} | best_avg_val_loss=0.0007759
[2026-07-16 12:46:20,184][root][INFO] - training_performance: {'acc': 0.9670406732117812, 'tn': np.int64(1998), 'fp': np.int64(0), 'fn': np.int64(141), 'tp': np.int64(2139)}
[2026-07-16 12:46:20,833][root][INFO] - ------- Characterising node 36 according to precedence order -------
[2026-07-16 12:46:20,834][root][INFO] - Bounds: {'d1': {'d1': [np.float64(290.0), np.float64(302.0)]}, 'd2': {'d2': [np.float64(0.78), np.float64(0.97)]}, 'd3': {'d3': [np.float64(314.0), np.float64(332.0)]}, 'd4': {'d4': [np.float64(290.0), np.float64(302.0)]}, 'd5': {'d5': [np.float64(0.8), np.float64(0.95)]}}
[2026-07-16 12:46:20,834][root][INFO] - EXTENDED DS DIM.: 5
[2026-07-16 12:46:20,988][root][INFO] - Integration took 0.10273885726928711 seconds
[2026-07-16 12:46:23,534][root][INFO] - Backward constraint evaluation time for node 36: 2.1233 seconds
[2026-07-16 12:46:26,099][root][INFO] - Cost-to-go evaluation time for node 36: 2.2892 seconds
[2026-07-16 12:46:26,967][root][INFO] - Backward constraint evaluation time for node 36: 0.7743 seconds
[2026-07-16 12:46:27,787][root][INFO] - Cost-to-go evaluation time for node 36: 0.8187 seconds
[2026-07-16 12:46:28,568][root][INFO] - Backward constraint evaluation time for node 36: 0.7732 seconds
[2026-07-16 12:46:29,388][root][INFO] - Cost-to-go evaluation time for node 36: 0.8187 seconds
[2026-07-16 12:46:30,170][root][INFO] - Backward constraint evaluation time for node 36: 0.7743 seconds
[2026-07-16 12:46:30,989][root][INFO] - Cost-to-go evaluation time for node 36: 0.8183 seconds
[2026-07-16 12:46:31,769][root][INFO] - Backward constraint evaluation time for node 36: 0.7714 seconds
[2026-07-16 12:46:32,588][root][INFO] - Cost-to-go evaluation time for node 36: 0.8183 seconds
[2026-07-16 12:46:33,372][root][INFO] - Backward constraint evaluation time for node 36: 0.7758 seconds
[2026-07-16 12:46:34,189][root][INFO] - Cost-to-go evaluation time for node 36: 0.8165 seconds
[2026-07-16 12:46:34,969][root][INFO] - Backward constraint evaluation time for node 36: 0.7724 seconds
[2026-07-16 12:46:35,787][root][INFO] - Cost-to-go evaluation time for node 36: 0.8168 seconds
[2026-07-16 12:46:36,569][root][INFO] - Backward constraint evaluation time for node 36: 0.7742 seconds
[2026-07-16 12:46:37,388][root][INFO] - Cost-to-go evaluation time for node 36: 0.8177 seconds
[2026-07-16 12:46:38,170][root][INFO] - Backward constraint evaluation time for node 36: 0.7736 seconds
[2026-07-16 12:46:38,989][root][INFO] - Cost-to-go evaluation time for node 36: 0.8189 seconds
[2026-07-16 12:46:39,773][root][INFO] - Backward constraint evaluation time for node 36: 0.7757 seconds
[2026-07-16 12:46:40,592][root][INFO] - Cost-to-go evaluation time for node 36: 0.8177 seconds
[2026-07-16 12:46:40,599][root][INFO] - Solver iteration: 0
[2026-07-16 12:46:40,599][root][INFO] - 	 *Phase: INITIAL
[2026-07-16 12:46:40,599][root][INFO] - 	 *lowest F value: -2.08058 | # live points: 1000
[2026-07-16 12:46:40,606][root][INFO] - Phase INITIAL is over.
[2026-07-16 12:46:41,387][root][INFO] - Backward constraint evaluation time for node 36: 0.7698 seconds
[2026-07-16 12:46:42,202][root][INFO] - Cost-to-go evaluation time for node 36: 0.8139 seconds
[2026-07-16 12:46:42,202][root][INFO] - [s] SQP feasible:  bwd-cls 100/100 (100%), bwd-CTG 100/100 (100%)
[2026-07-16 12:46:42,202][root][INFO] - [s] SQP converged: bwd-cls 100/100 (100%), bwd-CTG 100/100 (100%)
[2026-07-16 12:46:42,211][root][INFO] - Solver iteration: 1
[2026-07-16 12:46:42,211][root][INFO] - 	 *Phase: DETERMINISTIC
[2026-07-16 12:46:42,211][root][INFO] - 	 *lowest F value: -1.61014 | # live points: 1000 | # proposals: 100
[2026-07-16 12:46:42,211][root][INFO] - 	 *Fraction of live points in DS~nominal: 1.0000
[2026-07-16 12:46:42,211][root][INFO] - 	 *Evidence estimate: 0.00000
[2026-07-16 12:46:42,211][root][INFO] - Phase DETERMINISTIC is over.
[2026-07-16 12:46:42,211][root][INFO] - Phase NMVP_SEARCH is skipped.
[2026-07-16 12:46:43,002][root][INFO] - Backward constraint evaluation time for node 36: 0.7760 seconds
[2026-07-16 12:46:43,824][root][INFO] - Cost-to-go evaluation time for node 36: 0.8201 seconds
[2026-07-16 12:46:44,607][root][INFO] - Backward constraint evaluation time for node 36: 0.7758 seconds
[2026-07-16 12:46:45,425][root][INFO] - Cost-to-go evaluation time for node 36: 0.8172 seconds
[2026-07-16 12:46:46,209][root][INFO] - Backward constraint evaluation time for node 36: 0.7754 seconds
[2026-07-16 12:46:47,028][root][INFO] - Cost-to-go evaluation time for node 36: 0.8189 seconds
[2026-07-16 12:46:47,809][root][INFO] - Backward constraint evaluation time for node 36: 0.7727 seconds
[2026-07-16 12:46:48,626][root][INFO] - Cost-to-go evaluation time for node 36: 0.8162 seconds
[2026-07-16 12:46:49,407][root][INFO] - Backward constraint evaluation time for node 36: 0.7731 seconds
[2026-07-16 12:46:50,225][root][INFO] - Cost-to-go evaluation time for node 36: 0.8172 seconds
[2026-07-16 12:46:51,010][root][INFO] - Backward constraint evaluation time for node 36: 0.7766 seconds
[2026-07-16 12:46:51,827][root][INFO] - Cost-to-go evaluation time for node 36: 0.8159 seconds
[2026-07-16 12:46:52,609][root][INFO] - Backward constraint evaluation time for node 36: 0.7742 seconds
[2026-07-16 12:46:53,429][root][INFO] - Cost-to-go evaluation time for node 36: 0.8190 seconds
[2026-07-16 12:46:54,210][root][INFO] - Backward constraint evaluation time for node 36: 0.7738 seconds
[2026-07-16 12:46:55,029][root][INFO] - Cost-to-go evaluation time for node 36: 0.8177 seconds
[2026-07-16 12:46:55,809][root][INFO] - Backward constraint evaluation time for node 36: 0.7729 seconds
[2026-07-16 12:46:56,628][root][INFO] - Cost-to-go evaluation time for node 36: 0.8171 seconds
[2026-07-16 12:46:57,426][root][INFO] - Backward constraint evaluation time for node 36: 0.7909 seconds
[2026-07-16 12:46:58,244][root][INFO] - Cost-to-go evaluation time for node 36: 0.8172 seconds
[2026-07-16 12:46:58,245][root][INFO] - [s] SQP feasible:  bwd-cls 1000/1000 (100%), bwd-CTG 1000/1000 (100%)
[2026-07-16 12:46:58,245][root][INFO] - [s] SQP converged: bwd-cls 1000/1000 (100%), bwd-CTG 1000/1000 (100%)
[2026-07-16 12:46:58,251][root][INFO] - Solver iteration: 1
[2026-07-16 12:46:58,251][root][INFO] - 	 *Phase: TRANSITION
[2026-07-16 12:46:58,251][root][INFO] - 	 *lowest F value: 1.00000 | # live points: 1000
[2026-07-16 12:46:58,260][root][INFO] - Phase TRANSITION is over.
[2026-07-16 12:46:59,047][root][INFO] - Backward constraint evaluation time for node 36: 0.7740 seconds
[2026-07-16 12:46:59,865][root][INFO] - Cost-to-go evaluation time for node 36: 0.8165 seconds
[2026-07-16 12:46:59,865][root][INFO] - [s] SQP feasible:  bwd-cls 100/100 (100%), bwd-CTG 100/100 (100%)
[2026-07-16 12:46:59,865][root][INFO] - [s] SQP converged: bwd-cls 100/100 (100%), bwd-CTG 100/100 (100%)
[2026-07-16 12:46:59,871][root][INFO] - Solver iteration: 2
[2026-07-16 12:46:59,871][root][INFO] - 	 *Phase: PROBABILISTIC
[2026-07-16 12:46:59,871][root][INFO] - 	 *lowest F value: 1.00000 | # live points: 1000 | # proposals: 100
[2026-07-16 12:46:59,871][root][INFO] - 	 *Fraction of live points in DS~100.00%: 1.0000
[2026-07-16 12:46:59,871][root][INFO] - 	 *Evidence estimate: 2.30038
[2026-07-16 12:46:59,871][root][INFO] - Phase PROBABILISTIC is over.
[2026-07-16 12:46:59,980][root][INFO] - Design Space Characterization is done.
[2026-07-16 12:46:59,980][root][INFO] - Time taken to solve the problem: 39.135680198669434 seconds
[2026-07-16 12:46:59,990][root][INFO] - Node 36: bwd-cls — feasible 2200/2200 (100.0%), converged 2200/2200 (100.0%)
[2026-07-16 12:46:59,990][root][INFO] - Node 36: bwd-CTG — feasible 2200/2200 (100.0%), converged 2200/2200 (100.0%)
[2026-07-16 12:47:39,914][root][INFO] - training_performance (regressor): {'mse': Array(0.0002452, dtype=float64), 'standardised_mape': Array(0.05282955, dtype=float64)} | best_hyperparams={'hidden_size': [75, 75], 'activation_function': 'gelu', 'output_units': 1} | best_avg_val_loss=0.0006981
[2026-07-16 12:47:41,775][root][INFO] - training_performance: {'acc': 0.9670406732117812, 'tn': np.int64(1998), 'fp': np.int64(0), 'fn': np.int64(141), 'tp': np.int64(2139)}
[2026-07-16 12:47:42,416][root][INFO] - ------- Characterising node 35 according to precedence order -------
[2026-07-16 12:47:42,418][root][INFO] - Bounds: {'d1': {'d1': [np.float64(290.0), np.float64(302.0)]}, 'd2': {'d2': [np.float64(0.78), np.float64(0.97)]}, 'd3': {'d3': [np.float64(314.0), np.float64(332.0)]}, 'd4': {'d4': [np.float64(290.0), np.float64(302.0)]}, 'd5': {'d5': [np.float64(0.8), np.float64(0.95)]}}
[2026-07-16 12:47:42,418][root][INFO] - EXTENDED DS DIM.: 5
[2026-07-16 12:47:42,571][root][INFO] - Integration took 0.10318684577941895 seconds
[2026-07-16 12:47:45,098][root][INFO] - Backward constraint evaluation time for node 35: 2.1046 seconds
[2026-07-16 12:47:47,669][root][INFO] - Cost-to-go evaluation time for node 35: 2.2947 seconds
[2026-07-16 12:47:48,535][root][INFO] - Backward constraint evaluation time for node 35: 0.7741 seconds
[2026-07-16 12:47:49,352][root][INFO] - Cost-to-go evaluation time for node 35: 0.8162 seconds
[2026-07-16 12:47:50,134][root][INFO] - Backward constraint evaluation time for node 35: 0.7743 seconds
[2026-07-16 12:47:50,951][root][INFO] - Cost-to-go evaluation time for node 35: 0.8157 seconds
[2026-07-16 12:47:51,730][root][INFO] - Backward constraint evaluation time for node 35: 0.7717 seconds
[2026-07-16 12:47:52,549][root][INFO] - Cost-to-go evaluation time for node 35: 0.8178 seconds
[2026-07-16 12:47:53,332][root][INFO] - Backward constraint evaluation time for node 35: 0.7755 seconds
[2026-07-16 12:47:54,151][root][INFO] - Cost-to-go evaluation time for node 35: 0.8179 seconds
[2026-07-16 12:47:54,933][root][INFO] - Backward constraint evaluation time for node 35: 0.7737 seconds
[2026-07-16 12:47:55,752][root][INFO] - Cost-to-go evaluation time for node 35: 0.8183 seconds
[2026-07-16 12:47:56,534][root][INFO] - Backward constraint evaluation time for node 35: 0.7747 seconds
[2026-07-16 12:47:57,351][root][INFO] - Cost-to-go evaluation time for node 35: 0.8156 seconds
[2026-07-16 12:47:58,133][root][INFO] - Backward constraint evaluation time for node 35: 0.7740 seconds
[2026-07-16 12:47:58,950][root][INFO] - Cost-to-go evaluation time for node 35: 0.8166 seconds
[2026-07-16 12:47:59,730][root][INFO] - Backward constraint evaluation time for node 35: 0.7712 seconds
[2026-07-16 12:48:00,551][root][INFO] - Cost-to-go evaluation time for node 35: 0.8205 seconds
[2026-07-16 12:48:01,333][root][INFO] - Backward constraint evaluation time for node 35: 0.7742 seconds
[2026-07-16 12:48:02,152][root][INFO] - Cost-to-go evaluation time for node 35: 0.8174 seconds
[2026-07-16 12:48:02,159][root][INFO] - Solver iteration: 0
[2026-07-16 12:48:02,159][root][INFO] - 	 *Phase: INITIAL
[2026-07-16 12:48:02,159][root][INFO] - 	 *lowest F value: -2.08058 | # live points: 1000
[2026-07-16 12:48:02,166][root][INFO] - Phase INITIAL is over.
[2026-07-16 12:48:02,950][root][INFO] - Backward constraint evaluation time for node 35: 0.7728 seconds
[2026-07-16 12:48:03,767][root][INFO] - Cost-to-go evaluation time for node 35: 0.8163 seconds
[2026-07-16 12:48:03,768][root][INFO] - [s] SQP feasible:  bwd-cls 100/100 (100%), bwd-CTG 100/100 (100%)
[2026-07-16 12:48:03,768][root][INFO] - [s] SQP converged: bwd-cls 100/100 (100%), bwd-CTG 100/100 (100%)
[2026-07-16 12:48:03,776][root][INFO] - Solver iteration: 1
[2026-07-16 12:48:03,776][root][INFO] - 	 *Phase: DETERMINISTIC
[2026-07-16 12:48:03,776][root][INFO] - 	 *lowest F value: -1.61014 | # live points: 1000 | # proposals: 100
[2026-07-16 12:48:03,776][root][INFO] - 	 *Fraction of live points in DS~nominal: 1.0000
[2026-07-16 12:48:03,776][root][INFO] - 	 *Evidence estimate: 0.00000
[2026-07-16 12:48:03,776][root][INFO] - Phase DETERMINISTIC is over.
[2026-07-16 12:48:03,776][root][INFO] - Phase NMVP_SEARCH is skipped.
[2026-07-16 12:48:04,564][root][INFO] - Backward constraint evaluation time for node 35: 0.7719 seconds
[2026-07-16 12:48:05,383][root][INFO] - Cost-to-go evaluation time for node 35: 0.8178 seconds
[2026-07-16 12:48:06,166][root][INFO] - Backward constraint evaluation time for node 35: 0.7751 seconds
[2026-07-16 12:48:06,984][root][INFO] - Cost-to-go evaluation time for node 35: 0.8168 seconds
[2026-07-16 12:48:07,765][root][INFO] - Backward constraint evaluation time for node 35: 0.7730 seconds
[2026-07-16 12:48:08,581][root][INFO] - Cost-to-go evaluation time for node 35: 0.8152 seconds
[2026-07-16 12:48:09,367][root][INFO] - Backward constraint evaluation time for node 35: 0.7778 seconds
[2026-07-16 12:48:10,187][root][INFO] - Cost-to-go evaluation time for node 35: 0.8196 seconds
[2026-07-16 12:48:10,970][root][INFO] - Backward constraint evaluation time for node 35: 0.7747 seconds
[2026-07-16 12:48:11,788][root][INFO] - Cost-to-go evaluation time for node 35: 0.8171 seconds
[2026-07-16 12:48:12,568][root][INFO] - Backward constraint evaluation time for node 35: 0.7722 seconds
[2026-07-16 12:48:13,385][root][INFO] - Cost-to-go evaluation time for node 35: 0.8165 seconds
[2026-07-16 12:48:14,168][root][INFO] - Backward constraint evaluation time for node 35: 0.7746 seconds
[2026-07-16 12:48:14,984][root][INFO] - Cost-to-go evaluation time for node 35: 0.8158 seconds
[2026-07-16 12:48:15,764][root][INFO] - Backward constraint evaluation time for node 35: 0.7722 seconds
[2026-07-16 12:48:16,582][root][INFO] - Cost-to-go evaluation time for node 35: 0.8167 seconds
[2026-07-16 12:48:17,362][root][INFO] - Backward constraint evaluation time for node 35: 0.7721 seconds
[2026-07-16 12:48:18,178][root][INFO] - Cost-to-go evaluation time for node 35: 0.8150 seconds
[2026-07-16 12:48:18,959][root][INFO] - Backward constraint evaluation time for node 35: 0.7736 seconds
[2026-07-16 12:48:19,777][root][INFO] - Cost-to-go evaluation time for node 35: 0.8164 seconds
[2026-07-16 12:48:19,777][root][INFO] - [s] SQP feasible:  bwd-cls 1000/1000 (100%), bwd-CTG 1000/1000 (100%)
[2026-07-16 12:48:19,777][root][INFO] - [s] SQP converged: bwd-cls 1000/1000 (100%), bwd-CTG 1000/1000 (100%)
[2026-07-16 12:48:19,783][root][INFO] - Solver iteration: 1
[2026-07-16 12:48:19,783][root][INFO] - 	 *Phase: TRANSITION
[2026-07-16 12:48:19,783][root][INFO] - 	 *lowest F value: 1.00000 | # live points: 1000
[2026-07-16 12:48:19,791][root][INFO] - Phase TRANSITION is over.
[2026-07-16 12:48:20,578][root][INFO] - Backward constraint evaluation time for node 35: 0.7745 seconds
[2026-07-16 12:48:21,395][root][INFO] - Cost-to-go evaluation time for node 35: 0.8159 seconds
[2026-07-16 12:48:21,396][root][INFO] - [s] SQP feasible:  bwd-cls 100/100 (100%), bwd-CTG 100/100 (100%)
[2026-07-16 12:48:21,396][root][INFO] - [s] SQP converged: bwd-cls 100/100 (100%), bwd-CTG 100/100 (100%)
[2026-07-16 12:48:21,402][root][INFO] - Solver iteration: 2
[2026-07-16 12:48:21,402][root][INFO] - 	 *Phase: PROBABILISTIC
[2026-07-16 12:48:21,402][root][INFO] - 	 *lowest F value: 1.00000 | # live points: 1000 | # proposals: 100
[2026-07-16 12:48:21,402][root][INFO] - 	 *Fraction of live points in DS~100.00%: 1.0000
[2026-07-16 12:48:21,402][root][INFO] - 	 *Evidence estimate: 2.30038
[2026-07-16 12:48:21,402][root][INFO] - Phase PROBABILISTIC is over.
[2026-07-16 12:48:21,509][root][INFO] - Design Space Characterization is done.
[2026-07-16 12:48:21,509][root][INFO] - Time taken to solve the problem: 39.08183813095093 seconds
[2026-07-16 12:48:21,520][root][INFO] - Node 35: bwd-cls — feasible 2200/2200 (100.0%), converged 2200/2200 (100.0%)
[2026-07-16 12:48:21,521][root][INFO] - Node 35: bwd-CTG — feasible 2200/2200 (100.0%), converged 2200/2200 (100.0%)
[2026-07-16 12:49:01,454][root][INFO] - training_performance (regressor): {'mse': Array(0.00020492, dtype=float64), 'standardised_mape': Array(0.08412795, dtype=float64)} | best_hyperparams={'hidden_size': [50, 50, 25], 'activation_function': 'gelu', 'output_units': 1} | best_avg_val_loss=0.000688
[2026-07-16 12:49:03,366][root][INFO] - training_performance: {'acc': 0.9670406732117812, 'tn': np.int64(1998), 'fp': np.int64(0), 'fn': np.int64(141), 'tp': np.int64(2139)}
[2026-07-16 12:49:04,031][root][INFO] - ------- Characterising node 34 according to precedence order -------
[2026-07-16 12:49:04,032][root][INFO] - Bounds: {'d1': {'d1': [np.float64(290.0), np.float64(302.0)]}, 'd2': {'d2': [np.float64(0.78), np.float64(0.97)]}, 'd3': {'d3': [np.float64(314.0), np.float64(332.0)]}, 'd4': {'d4': [np.float64(290.0), np.float64(302.0)]}, 'd5': {'d5': [np.float64(0.8), np.float64(0.95)]}}
[2026-07-16 12:49:04,032][root][INFO] - EXTENDED DS DIM.: 5
[2026-07-16 12:49:04,187][root][INFO] - Integration took 0.10370707511901855 seconds
[2026-07-16 12:49:06,722][root][INFO] - Backward constraint evaluation time for node 34: 2.1092 seconds
[2026-07-16 12:49:09,374][root][INFO] - Cost-to-go evaluation time for node 34: 2.3724 seconds
[2026-07-16 12:49:10,246][root][INFO] - Backward constraint evaluation time for node 34: 0.7751 seconds
[2026-07-16 12:49:11,062][root][INFO] - Cost-to-go evaluation time for node 34: 0.8144 seconds
[2026-07-16 12:49:11,845][root][INFO] - Backward constraint evaluation time for node 34: 0.7752 seconds
[2026-07-16 12:49:12,660][root][INFO] - Cost-to-go evaluation time for node 34: 0.8146 seconds
[2026-07-16 12:49:13,441][root][INFO] - Backward constraint evaluation time for node 34: 0.7732 seconds
[2026-07-16 12:49:14,258][root][INFO] - Cost-to-go evaluation time for node 34: 0.8160 seconds
[2026-07-16 12:49:15,041][root][INFO] - Backward constraint evaluation time for node 34: 0.7753 seconds
[2026-07-16 12:49:15,855][root][INFO] - Cost-to-go evaluation time for node 34: 0.8130 seconds
[2026-07-16 12:49:16,634][root][INFO] - Backward constraint evaluation time for node 34: 0.7710 seconds
[2026-07-16 12:49:17,452][root][INFO] - Cost-to-go evaluation time for node 34: 0.8164 seconds
[2026-07-16 12:49:18,237][root][INFO] - Backward constraint evaluation time for node 34: 0.7769 seconds
[2026-07-16 12:49:19,049][root][INFO] - Cost-to-go evaluation time for node 34: 0.8118 seconds
[2026-07-16 12:49:19,830][root][INFO] - Backward constraint evaluation time for node 34: 0.7731 seconds
[2026-07-16 12:49:20,645][root][INFO] - Cost-to-go evaluation time for node 34: 0.8138 seconds
[2026-07-16 12:49:21,428][root][INFO] - Backward constraint evaluation time for node 34: 0.7748 seconds
[2026-07-16 12:49:22,241][root][INFO] - Cost-to-go evaluation time for node 34: 0.8126 seconds
[2026-07-16 12:49:23,024][root][INFO] - Backward constraint evaluation time for node 34: 0.7753 seconds
[2026-07-16 12:49:23,840][root][INFO] - Cost-to-go evaluation time for node 34: 0.8145 seconds
[2026-07-16 12:49:23,847][root][INFO] - Solver iteration: 0
[2026-07-16 12:49:23,847][root][INFO] - 	 *Phase: INITIAL
[2026-07-16 12:49:23,847][root][INFO] - 	 *lowest F value: -2.08058 | # live points: 1000
[2026-07-16 12:49:23,854][root][INFO] - Phase INITIAL is over.
[2026-07-16 12:49:24,642][root][INFO] - Backward constraint evaluation time for node 34: 0.7771 seconds
[2026-07-16 12:49:25,523][root][INFO] - Cost-to-go evaluation time for node 34: 0.8792 seconds
[2026-07-16 12:49:25,523][root][INFO] - [s] SQP feasible:  bwd-cls 100/100 (100%), bwd-CTG 100/100 (100%)
[2026-07-16 12:49:25,523][root][INFO] - [s] SQP converged: bwd-cls 100/100 (100%), bwd-CTG 100/100 (100%)
[2026-07-16 12:49:25,532][root][INFO] - Solver iteration: 1
[2026-07-16 12:49:25,532][root][INFO] - 	 *Phase: DETERMINISTIC
[2026-07-16 12:49:25,532][root][INFO] - 	 *lowest F value: -1.61014 | # live points: 1000 | # proposals: 100
[2026-07-16 12:49:25,532][root][INFO] - 	 *Fraction of live points in DS~nominal: 1.0000
[2026-07-16 12:49:25,532][root][INFO] - 	 *Evidence estimate: 0.00000
[2026-07-16 12:49:25,532][root][INFO] - Phase DETERMINISTIC is over.
[2026-07-16 12:49:25,532][root][INFO] - Phase NMVP_SEARCH is skipped.
[2026-07-16 12:49:26,339][root][INFO] - Backward constraint evaluation time for node 34: 0.7912 seconds
[2026-07-16 12:49:27,155][root][INFO] - Cost-to-go evaluation time for node 34: 0.8142 seconds
[2026-07-16 12:49:27,936][root][INFO] - Backward constraint evaluation time for node 34: 0.7739 seconds
[2026-07-16 12:49:28,750][root][INFO] - Cost-to-go evaluation time for node 34: 0.8124 seconds
[2026-07-16 12:49:29,530][root][INFO] - Backward constraint evaluation time for node 34: 0.7729 seconds
[2026-07-16 12:49:30,344][root][INFO] - Cost-to-go evaluation time for node 34: 0.8129 seconds
[2026-07-16 12:49:31,127][root][INFO] - Backward constraint evaluation time for node 34: 0.7753 seconds
[2026-07-16 12:49:31,942][root][INFO] - Cost-to-go evaluation time for node 34: 0.8141 seconds
[2026-07-16 12:49:32,722][root][INFO] - Backward constraint evaluation time for node 34: 0.7716 seconds
[2026-07-16 12:49:33,537][root][INFO] - Cost-to-go evaluation time for node 34: 0.8141 seconds
[2026-07-16 12:49:34,319][root][INFO] - Backward constraint evaluation time for node 34: 0.7742 seconds
[2026-07-16 12:49:35,133][root][INFO] - Cost-to-go evaluation time for node 34: 0.8134 seconds
[2026-07-16 12:49:35,919][root][INFO] - Backward constraint evaluation time for node 34: 0.7776 seconds
[2026-07-16 12:49:36,732][root][INFO] - Cost-to-go evaluation time for node 34: 0.8125 seconds
[2026-07-16 12:49:37,515][root][INFO] - Backward constraint evaluation time for node 34: 0.7747 seconds
[2026-07-16 12:49:38,328][root][INFO] - Cost-to-go evaluation time for node 34: 0.8119 seconds
[2026-07-16 12:49:39,110][root][INFO] - Backward constraint evaluation time for node 34: 0.7746 seconds
[2026-07-16 12:49:39,925][root][INFO] - Cost-to-go evaluation time for node 34: 0.8142 seconds
[2026-07-16 12:49:40,706][root][INFO] - Backward constraint evaluation time for node 34: 0.7731 seconds
[2026-07-16 12:49:41,520][root][INFO] - Cost-to-go evaluation time for node 34: 0.8131 seconds
[2026-07-16 12:49:41,521][root][INFO] - [s] SQP feasible:  bwd-cls 1000/1000 (100%), bwd-CTG 1000/1000 (100%)
[2026-07-16 12:49:41,521][root][INFO] - [s] SQP converged: bwd-cls 1000/1000 (100%), bwd-CTG 1000/1000 (100%)
[2026-07-16 12:49:41,526][root][INFO] - Solver iteration: 1
[2026-07-16 12:49:41,526][root][INFO] - 	 *Phase: TRANSITION
[2026-07-16 12:49:41,526][root][INFO] - 	 *lowest F value: 1.00000 | # live points: 1000
[2026-07-16 12:49:41,535][root][INFO] - Phase TRANSITION is over.
[2026-07-16 12:49:42,324][root][INFO] - Backward constraint evaluation time for node 34: 0.7767 seconds
[2026-07-16 12:49:43,138][root][INFO] - Cost-to-go evaluation time for node 34: 0.8126 seconds
[2026-07-16 12:49:43,139][root][INFO] - [s] SQP feasible:  bwd-cls 100/100 (100%), bwd-CTG 100/100 (100%)
[2026-07-16 12:49:43,139][root][INFO] - [s] SQP converged: bwd-cls 100/100 (100%), bwd-CTG 100/100 (100%)
[2026-07-16 12:49:43,145][root][INFO] - Solver iteration: 2
[2026-07-16 12:49:43,145][root][INFO] - 	 *Phase: PROBABILISTIC
[2026-07-16 12:49:43,145][root][INFO] - 	 *lowest F value: 1.00000 | # live points: 1000 | # proposals: 100
[2026-07-16 12:49:43,145][root][INFO] - 	 *Fraction of live points in DS~100.00%: 1.0000
[2026-07-16 12:49:43,145][root][INFO] - 	 *Evidence estimate: 2.30038
[2026-07-16 12:49:43,145][root][INFO] - Phase PROBABILISTIC is over.
[2026-07-16 12:49:43,252][root][INFO] - Design Space Characterization is done.
[2026-07-16 12:49:43,252][root][INFO] - Time taken to solve the problem: 39.209680795669556 seconds
[2026-07-16 12:49:43,263][root][INFO] - Node 34: bwd-cls — feasible 2200/2200 (100.0%), converged 2200/2200 (100.0%)
[2026-07-16 12:49:43,264][root][INFO] - Node 34: bwd-CTG — feasible 2200/2200 (100.0%), converged 2200/2200 (100.0%)
[2026-07-16 12:50:23,462][root][INFO] - training_performance (regressor): {'mse': Array(0.00020612, dtype=float64), 'standardised_mape': Array(0.04022658, dtype=float64)} | best_hyperparams={'hidden_size': [50, 50, 25], 'activation_function': 'gelu', 'output_units': 1} | best_avg_val_loss=0.0006245
[2026-07-16 12:50:25,352][root][INFO] - training_performance: {'acc': 0.9670406732117812, 'tn': np.int64(1998), 'fp': np.int64(0), 'fn': np.int64(141), 'tp': np.int64(2139)}
[2026-07-16 12:50:26,253][root][INFO] - ------- Characterising node 33 according to precedence order -------
[2026-07-16 12:50:26,254][root][INFO] - Bounds: {'d1': {'d1': [np.float64(290.0), np.float64(302.0)]}, 'd2': {'d2': [np.float64(0.78), np.float64(0.97)]}, 'd3': {'d3': [np.float64(314.0), np.float64(332.0)]}, 'd4': {'d4': [np.float64(290.0), np.float64(302.0)]}, 'd5': {'d5': [np.float64(0.8), np.float64(0.95)]}}
[2026-07-16 12:50:26,254][root][INFO] - EXTENDED DS DIM.: 5
[2026-07-16 12:50:26,408][root][INFO] - Integration took 0.10343694686889648 seconds
[2026-07-16 12:50:28,932][root][INFO] - Backward constraint evaluation time for node 33: 2.1088 seconds
[2026-07-16 12:50:31,611][root][INFO] - Cost-to-go evaluation time for node 33: 2.4061 seconds
[2026-07-16 12:50:32,482][root][INFO] - Backward constraint evaluation time for node 33: 0.7758 seconds
[2026-07-16 12:50:33,297][root][INFO] - Cost-to-go evaluation time for node 33: 0.8148 seconds
[2026-07-16 12:50:34,079][root][INFO] - Backward constraint evaluation time for node 33: 0.7738 seconds
[2026-07-16 12:50:34,896][root][INFO] - Cost-to-go evaluation time for node 33: 0.8153 seconds
[2026-07-16 12:50:35,675][root][INFO] - Backward constraint evaluation time for node 33: 0.7716 seconds
[2026-07-16 12:50:36,491][root][INFO] - Cost-to-go evaluation time for node 33: 0.8150 seconds
[2026-07-16 12:50:37,272][root][INFO] - Backward constraint evaluation time for node 33: 0.7731 seconds
[2026-07-16 12:50:38,088][root][INFO] - Cost-to-go evaluation time for node 33: 0.8151 seconds
[2026-07-16 12:50:38,871][root][INFO] - Backward constraint evaluation time for node 33: 0.7745 seconds
[2026-07-16 12:50:39,687][root][INFO] - Cost-to-go evaluation time for node 33: 0.8152 seconds
[2026-07-16 12:50:40,468][root][INFO] - Backward constraint evaluation time for node 33: 0.7737 seconds
[2026-07-16 12:50:41,284][root][INFO] - Cost-to-go evaluation time for node 33: 0.8149 seconds
[2026-07-16 12:50:42,067][root][INFO] - Backward constraint evaluation time for node 33: 0.7750 seconds
[2026-07-16 12:50:42,881][root][INFO] - Cost-to-go evaluation time for node 33: 0.8130 seconds
[2026-07-16 12:50:43,662][root][INFO] - Backward constraint evaluation time for node 33: 0.7736 seconds
[2026-07-16 12:50:44,478][root][INFO] - Cost-to-go evaluation time for node 33: 0.8145 seconds
[2026-07-16 12:50:45,259][root][INFO] - Backward constraint evaluation time for node 33: 0.7738 seconds
[2026-07-16 12:50:46,076][root][INFO] - Cost-to-go evaluation time for node 33: 0.8157 seconds
[2026-07-16 12:50:46,083][root][INFO] - Solver iteration: 0
[2026-07-16 12:50:46,084][root][INFO] - 	 *Phase: INITIAL
[2026-07-16 12:50:46,084][root][INFO] - 	 *lowest F value: -2.08058 | # live points: 1000
[2026-07-16 12:50:46,090][root][INFO] - Phase INITIAL is over.
[2026-07-16 12:50:46,877][root][INFO] - Backward constraint evaluation time for node 33: 0.7758 seconds
[2026-07-16 12:50:47,690][root][INFO] - Cost-to-go evaluation time for node 33: 0.8116 seconds
[2026-07-16 12:50:47,690][root][INFO] - [s] SQP feasible:  bwd-cls 100/100 (100%), bwd-CTG 100/100 (100%)
[2026-07-16 12:50:47,690][root][INFO] - [s] SQP converged: bwd-cls 100/100 (100%), bwd-CTG 100/100 (100%)
[2026-07-16 12:50:47,699][root][INFO] - Solver iteration: 1
[2026-07-16 12:50:47,699][root][INFO] - 	 *Phase: DETERMINISTIC
[2026-07-16 12:50:47,699][root][INFO] - 	 *lowest F value: -1.61014 | # live points: 1000 | # proposals: 100
[2026-07-16 12:50:47,699][root][INFO] - 	 *Fraction of live points in DS~nominal: 1.0000
[2026-07-16 12:50:47,699][root][INFO] - 	 *Evidence estimate: 0.00000
[2026-07-16 12:50:47,699][root][INFO] - Phase DETERMINISTIC is over.
[2026-07-16 12:50:47,699][root][INFO] - Phase NMVP_SEARCH is skipped.
[2026-07-16 12:50:48,488][root][INFO] - Backward constraint evaluation time for node 33: 0.7737 seconds
[2026-07-16 12:50:49,307][root][INFO] - Cost-to-go evaluation time for node 33: 0.8172 seconds
[2026-07-16 12:50:50,088][root][INFO] - Backward constraint evaluation time for node 33: 0.7731 seconds
[2026-07-16 12:50:50,902][root][INFO] - Cost-to-go evaluation time for node 33: 0.8136 seconds
[2026-07-16 12:50:51,683][root][INFO] - Backward constraint evaluation time for node 33: 0.7729 seconds
[2026-07-16 12:50:52,496][root][INFO] - Cost-to-go evaluation time for node 33: 0.8128 seconds
[2026-07-16 12:50:53,276][root][INFO] - Backward constraint evaluation time for node 33: 0.7719 seconds
[2026-07-16 12:50:54,091][root][INFO] - Cost-to-go evaluation time for node 33: 0.8142 seconds
[2026-07-16 12:50:54,872][root][INFO] - Backward constraint evaluation time for node 33: 0.7723 seconds
[2026-07-16 12:50:55,686][root][INFO] - Cost-to-go evaluation time for node 33: 0.8139 seconds
[2026-07-16 12:50:56,469][root][INFO] - Backward constraint evaluation time for node 33: 0.7744 seconds
[2026-07-16 12:50:57,283][root][INFO] - Cost-to-go evaluation time for node 33: 0.8132 seconds
[2026-07-16 12:50:58,065][root][INFO] - Backward constraint evaluation time for node 33: 0.7743 seconds
[2026-07-16 12:50:58,881][root][INFO] - Cost-to-go evaluation time for node 33: 0.8151 seconds
[2026-07-16 12:50:59,666][root][INFO] - Backward constraint evaluation time for node 33: 0.7772 seconds
[2026-07-16 12:51:00,483][root][INFO] - Cost-to-go evaluation time for node 33: 0.8165 seconds
[2026-07-16 12:51:01,268][root][INFO] - Backward constraint evaluation time for node 33: 0.7774 seconds
[2026-07-16 12:51:02,084][root][INFO] - Cost-to-go evaluation time for node 33: 0.8146 seconds
[2026-07-16 12:51:02,864][root][INFO] - Backward constraint evaluation time for node 33: 0.7723 seconds
[2026-07-16 12:51:03,681][root][INFO] - Cost-to-go evaluation time for node 33: 0.8154 seconds
[2026-07-16 12:51:03,681][root][INFO] - [s] SQP feasible:  bwd-cls 1000/1000 (100%), bwd-CTG 1000/1000 (100%)
[2026-07-16 12:51:03,681][root][INFO] - [s] SQP converged: bwd-cls 1000/1000 (100%), bwd-CTG 1000/1000 (100%)
[2026-07-16 12:51:03,687][root][INFO] - Solver iteration: 1
[2026-07-16 12:51:03,687][root][INFO] - 	 *Phase: TRANSITION
[2026-07-16 12:51:03,687][root][INFO] - 	 *lowest F value: 1.00000 | # live points: 1000
[2026-07-16 12:51:03,697][root][INFO] - Phase TRANSITION is over.
[2026-07-16 12:51:04,483][root][INFO] - Backward constraint evaluation time for node 33: 0.7732 seconds
[2026-07-16 12:51:05,300][root][INFO] - Cost-to-go evaluation time for node 33: 0.8155 seconds
[2026-07-16 12:51:05,300][root][INFO] - [s] SQP feasible:  bwd-cls 100/100 (100%), bwd-CTG 100/100 (100%)
[2026-07-16 12:51:05,300][root][INFO] - [s] SQP converged: bwd-cls 100/100 (100%), bwd-CTG 100/100 (100%)
[2026-07-16 12:51:05,306][root][INFO] - Solver iteration: 2
[2026-07-16 12:51:05,306][root][INFO] - 	 *Phase: PROBABILISTIC
[2026-07-16 12:51:05,306][root][INFO] - 	 *lowest F value: 1.00000 | # live points: 1000 | # proposals: 100
[2026-07-16 12:51:05,306][root][INFO] - 	 *Fraction of live points in DS~100.00%: 1.0000
[2026-07-16 12:51:05,306][root][INFO] - 	 *Evidence estimate: 2.30038
[2026-07-16 12:51:05,306][root][INFO] - Phase PROBABILISTIC is over.
[2026-07-16 12:51:05,416][root][INFO] - Design Space Characterization is done.
[2026-07-16 12:51:05,416][root][INFO] - Time taken to solve the problem: 39.15138816833496 seconds
[2026-07-16 12:51:05,428][root][INFO] - Node 33: bwd-cls — feasible 2200/2200 (100.0%), converged 2200/2200 (100.0%)
[2026-07-16 12:51:05,428][root][INFO] - Node 33: bwd-CTG — feasible 2200/2200 (100.0%), converged 2200/2200 (100.0%)
[2026-07-16 12:51:45,584][root][INFO] - training_performance (regressor): {'mse': Array(0.00023625, dtype=float64), 'standardised_mape': Array(0.04890422, dtype=float64)} | best_hyperparams={'hidden_size': [50, 50, 25], 'activation_function': 'gelu', 'output_units': 1} | best_avg_val_loss=0.0006527
[2026-07-16 12:51:47,471][root][INFO] - training_performance: {'acc': 0.9670406732117812, 'tn': np.int64(1998), 'fp': np.int64(0), 'fn': np.int64(141), 'tp': np.int64(2139)}
[2026-07-16 12:51:48,120][root][INFO] - ------- Characterising node 32 according to precedence order -------
[2026-07-16 12:51:48,121][root][INFO] - Bounds: {'d1': {'d1': [np.float64(290.0), np.float64(302.0)]}, 'd2': {'d2': [np.float64(0.78), np.float64(0.97)]}, 'd3': {'d3': [np.float64(314.0), np.float64(332.0)]}, 'd4': {'d4': [np.float64(290.0), np.float64(302.0)]}, 'd5': {'d5': [np.float64(0.8), np.float64(0.95)]}}
[2026-07-16 12:51:48,122][root][INFO] - EXTENDED DS DIM.: 5
[2026-07-16 12:51:48,274][root][INFO] - Integration took 0.10260677337646484 seconds
[2026-07-16 12:51:50,793][root][INFO] - Backward constraint evaluation time for node 32: 2.0966 seconds
[2026-07-16 12:51:53,464][root][INFO] - Cost-to-go evaluation time for node 32: 2.3947 seconds
[2026-07-16 12:51:54,333][root][INFO] - Backward constraint evaluation time for node 32: 0.7751 seconds
[2026-07-16 12:51:55,149][root][INFO] - Cost-to-go evaluation time for node 32: 0.8150 seconds
[2026-07-16 12:51:55,933][root][INFO] - Backward constraint evaluation time for node 32: 0.7759 seconds
[2026-07-16 12:51:56,748][root][INFO] - Cost-to-go evaluation time for node 32: 0.8139 seconds
[2026-07-16 12:51:57,530][root][INFO] - Backward constraint evaluation time for node 32: 0.7749 seconds
[2026-07-16 12:51:58,345][root][INFO] - Cost-to-go evaluation time for node 32: 0.8135 seconds
[2026-07-16 12:51:59,127][root][INFO] - Backward constraint evaluation time for node 32: 0.7747 seconds
[2026-07-16 12:51:59,942][root][INFO] - Cost-to-go evaluation time for node 32: 0.8142 seconds
[2026-07-16 12:52:00,728][root][INFO] - Backward constraint evaluation time for node 32: 0.7777 seconds
[2026-07-16 12:52:01,543][root][INFO] - Cost-to-go evaluation time for node 32: 0.8141 seconds
[2026-07-16 12:52:02,327][root][INFO] - Backward constraint evaluation time for node 32: 0.7760 seconds
[2026-07-16 12:52:03,140][root][INFO] - Cost-to-go evaluation time for node 32: 0.8123 seconds
[2026-07-16 12:52:03,922][root][INFO] - Backward constraint evaluation time for node 32: 0.7742 seconds
[2026-07-16 12:52:04,737][root][INFO] - Cost-to-go evaluation time for node 32: 0.8140 seconds
[2026-07-16 12:52:05,516][root][INFO] - Backward constraint evaluation time for node 32: 0.7709 seconds
[2026-07-16 12:52:06,331][root][INFO] - Cost-to-go evaluation time for node 32: 0.8137 seconds
[2026-07-16 12:52:07,113][root][INFO] - Backward constraint evaluation time for node 32: 0.7746 seconds
[2026-07-16 12:52:07,925][root][INFO] - Cost-to-go evaluation time for node 32: 0.8105 seconds
[2026-07-16 12:52:07,932][root][INFO] - Solver iteration: 0
[2026-07-16 12:52:07,932][root][INFO] - 	 *Phase: INITIAL
[2026-07-16 12:52:07,932][root][INFO] - 	 *lowest F value: -2.08058 | # live points: 1000
[2026-07-16 12:52:07,940][root][INFO] - Phase INITIAL is over.
[2026-07-16 12:52:08,724][root][INFO] - Backward constraint evaluation time for node 32: 0.7725 seconds
[2026-07-16 12:52:09,542][root][INFO] - Cost-to-go evaluation time for node 32: 0.8174 seconds
[2026-07-16 12:52:09,543][root][INFO] - [s] SQP feasible:  bwd-cls 100/100 (100%), bwd-CTG 100/100 (100%)
[2026-07-16 12:52:09,543][root][INFO] - [s] SQP converged: bwd-cls 100/100 (100%), bwd-CTG 100/100 (100%)
[2026-07-16 12:52:09,552][root][INFO] - Solver iteration: 1
[2026-07-16 12:52:09,552][root][INFO] - 	 *Phase: DETERMINISTIC
[2026-07-16 12:52:09,552][root][INFO] - 	 *lowest F value: -1.61014 | # live points: 1000 | # proposals: 100
[2026-07-16 12:52:09,552][root][INFO] - 	 *Fraction of live points in DS~nominal: 1.0000
[2026-07-16 12:52:09,552][root][INFO] - 	 *Evidence estimate: 0.00000
[2026-07-16 12:52:09,552][root][INFO] - Phase DETERMINISTIC is over.
[2026-07-16 12:52:09,552][root][INFO] - Phase NMVP_SEARCH is skipped.
[2026-07-16 12:52:10,344][root][INFO] - Backward constraint evaluation time for node 32: 0.7756 seconds
[2026-07-16 12:52:11,159][root][INFO] - Cost-to-go evaluation time for node 32: 0.8135 seconds
[2026-07-16 12:52:11,940][root][INFO] - Backward constraint evaluation time for node 32: 0.7738 seconds
[2026-07-16 12:52:12,753][root][INFO] - Cost-to-go evaluation time for node 32: 0.8113 seconds
[2026-07-16 12:52:13,539][root][INFO] - Backward constraint evaluation time for node 32: 0.7786 seconds
[2026-07-16 12:52:14,352][root][INFO] - Cost-to-go evaluation time for node 32: 0.8125 seconds
[2026-07-16 12:52:15,134][root][INFO] - Backward constraint evaluation time for node 32: 0.7736 seconds
[2026-07-16 12:52:15,948][root][INFO] - Cost-to-go evaluation time for node 32: 0.8133 seconds
[2026-07-16 12:52:16,729][root][INFO] - Backward constraint evaluation time for node 32: 0.7729 seconds
[2026-07-16 12:52:17,543][root][INFO] - Cost-to-go evaluation time for node 32: 0.8133 seconds
[2026-07-16 12:52:18,324][root][INFO] - Backward constraint evaluation time for node 32: 0.7727 seconds
[2026-07-16 12:52:19,141][root][INFO] - Cost-to-go evaluation time for node 32: 0.8167 seconds
[2026-07-16 12:52:19,924][root][INFO] - Backward constraint evaluation time for node 32: 0.7747 seconds
[2026-07-16 12:52:20,738][root][INFO] - Cost-to-go evaluation time for node 32: 0.8128 seconds
[2026-07-16 12:52:21,520][root][INFO] - Backward constraint evaluation time for node 32: 0.7743 seconds
[2026-07-16 12:52:22,335][root][INFO] - Cost-to-go evaluation time for node 32: 0.8138 seconds
[2026-07-16 12:52:23,116][root][INFO] - Backward constraint evaluation time for node 32: 0.7733 seconds
[2026-07-16 12:52:23,932][root][INFO] - Cost-to-go evaluation time for node 32: 0.8150 seconds
[2026-07-16 12:52:24,714][root][INFO] - Backward constraint evaluation time for node 32: 0.7741 seconds
[2026-07-16 12:52:25,528][root][INFO] - Cost-to-go evaluation time for node 32: 0.8132 seconds
[2026-07-16 12:52:25,529][root][INFO] - [s] SQP feasible:  bwd-cls 1000/1000 (100%), bwd-CTG 1000/1000 (100%)
[2026-07-16 12:52:25,529][root][INFO] - [s] SQP converged: bwd-cls 1000/1000 (100%), bwd-CTG 1000/1000 (100%)
[2026-07-16 12:52:25,534][root][INFO] - Solver iteration: 1
[2026-07-16 12:52:25,534][root][INFO] - 	 *Phase: TRANSITION
[2026-07-16 12:52:25,535][root][INFO] - 	 *lowest F value: 1.00000 | # live points: 1000
[2026-07-16 12:52:25,543][root][INFO] - Phase TRANSITION is over.
[2026-07-16 12:52:26,331][root][INFO] - Backward constraint evaluation time for node 32: 0.7750 seconds
[2026-07-16 12:52:27,146][root][INFO] - Cost-to-go evaluation time for node 32: 0.8142 seconds
[2026-07-16 12:52:27,147][root][INFO] - [s] SQP feasible:  bwd-cls 100/100 (100%), bwd-CTG 100/100 (100%)
[2026-07-16 12:52:27,147][root][INFO] - [s] SQP converged: bwd-cls 100/100 (100%), bwd-CTG 100/100 (100%)
[2026-07-16 12:52:27,153][root][INFO] - Solver iteration: 2
[2026-07-16 12:52:27,153][root][INFO] - 	 *Phase: PROBABILISTIC
[2026-07-16 12:52:27,153][root][INFO] - 	 *lowest F value: 1.00000 | # live points: 1000 | # proposals: 100
[2026-07-16 12:52:27,153][root][INFO] - 	 *Fraction of live points in DS~100.00%: 1.0000
[2026-07-16 12:52:27,153][root][INFO] - 	 *Evidence estimate: 2.30038
[2026-07-16 12:52:27,153][root][INFO] - Phase PROBABILISTIC is over.
[2026-07-16 12:52:27,263][root][INFO] - Design Space Characterization is done.
[2026-07-16 12:52:27,263][root][INFO] - Time taken to solve the problem: 39.13180112838745 seconds
[2026-07-16 12:52:27,276][root][INFO] - Node 32: bwd-cls — feasible 2200/2200 (100.0%), converged 2200/2200 (100.0%)
[2026-07-16 12:52:27,276][root][INFO] - Node 32: bwd-CTG — feasible 2200/2200 (100.0%), converged 2200/2200 (100.0%)
[2026-07-16 12:53:07,528][root][INFO] - training_performance (regressor): {'mse': Array(0.00015288, dtype=float64), 'standardised_mape': Array(0.03921807, dtype=float64)} | best_hyperparams={'hidden_size': [50, 50, 25], 'activation_function': 'gelu', 'output_units': 1} | best_avg_val_loss=0.0005372
[2026-07-16 12:53:09,669][root][INFO] - training_performance: {'acc': 0.9670406732117812, 'tn': np.int64(1998), 'fp': np.int64(0), 'fn': np.int64(141), 'tp': np.int64(2139)}
[2026-07-16 12:53:10,360][root][INFO] - ------- Characterising node 31 according to precedence order -------
[2026-07-16 12:53:10,361][root][INFO] - Bounds: {'d1': {'d1': [np.float64(290.0), np.float64(302.0)]}, 'd2': {'d2': [np.float64(0.78), np.float64(0.97)]}, 'd3': {'d3': [np.float64(314.0), np.float64(332.0)]}, 'd4': {'d4': [np.float64(290.0), np.float64(302.0)]}, 'd5': {'d5': [np.float64(0.8), np.float64(0.95)]}}
[2026-07-16 12:53:10,361][root][INFO] - EXTENDED DS DIM.: 5
[2026-07-16 12:53:10,516][root][INFO] - Integration took 0.10348796844482422 seconds
[2026-07-16 12:53:13,049][root][INFO] - Backward constraint evaluation time for node 31: 2.1178 seconds
[2026-07-16 12:53:15,745][root][INFO] - Cost-to-go evaluation time for node 31: 2.4208 seconds
[2026-07-16 12:53:16,624][root][INFO] - Backward constraint evaluation time for node 31: 0.7788 seconds
[2026-07-16 12:53:17,449][root][INFO] - Cost-to-go evaluation time for node 31: 0.8236 seconds
[2026-07-16 12:53:18,231][root][INFO] - Backward constraint evaluation time for node 31: 0.7743 seconds
[2026-07-16 12:53:19,045][root][INFO] - Cost-to-go evaluation time for node 31: 0.8133 seconds
[2026-07-16 12:53:19,827][root][INFO] - Backward constraint evaluation time for node 31: 0.7738 seconds
[2026-07-16 12:53:20,641][root][INFO] - Cost-to-go evaluation time for node 31: 0.8135 seconds
[2026-07-16 12:53:21,424][root][INFO] - Backward constraint evaluation time for node 31: 0.7752 seconds
[2026-07-16 12:53:22,241][root][INFO] - Cost-to-go evaluation time for node 31: 0.8160 seconds
[2026-07-16 12:53:23,018][root][INFO] - Backward constraint evaluation time for node 31: 0.7689 seconds
[2026-07-16 12:53:23,828][root][INFO] - Cost-to-go evaluation time for node 31: 0.8089 seconds
[2026-07-16 12:53:24,606][root][INFO] - Backward constraint evaluation time for node 31: 0.7707 seconds
[2026-07-16 12:53:25,429][root][INFO] - Cost-to-go evaluation time for node 31: 0.8219 seconds
[2026-07-16 12:53:26,211][root][INFO] - Backward constraint evaluation time for node 31: 0.7743 seconds
[2026-07-16 12:53:27,025][root][INFO] - Cost-to-go evaluation time for node 31: 0.8131 seconds
[2026-07-16 12:53:27,806][root][INFO] - Backward constraint evaluation time for node 31: 0.7733 seconds
[2026-07-16 12:53:28,622][root][INFO] - Cost-to-go evaluation time for node 31: 0.8142 seconds
[2026-07-16 12:53:29,402][root][INFO] - Backward constraint evaluation time for node 31: 0.7727 seconds
[2026-07-16 12:53:30,218][root][INFO] - Cost-to-go evaluation time for node 31: 0.8145 seconds
[2026-07-16 12:53:30,225][root][INFO] - Solver iteration: 0
[2026-07-16 12:53:30,225][root][INFO] - 	 *Phase: INITIAL
[2026-07-16 12:53:30,225][root][INFO] - 	 *lowest F value: -2.08058 | # live points: 1000
[2026-07-16 12:53:30,232][root][INFO] - Phase INITIAL is over.
[2026-07-16 12:53:31,018][root][INFO] - Backward constraint evaluation time for node 31: 0.7740 seconds
[2026-07-16 12:53:31,835][root][INFO] - Cost-to-go evaluation time for node 31: 0.8158 seconds
[2026-07-16 12:53:31,835][root][INFO] - [s] SQP feasible:  bwd-cls 100/100 (100%), bwd-CTG 100/100 (100%)
[2026-07-16 12:53:31,835][root][INFO] - [s] SQP converged: bwd-cls 100/100 (100%), bwd-CTG 100/100 (100%)
[2026-07-16 12:53:31,844][root][INFO] - Solver iteration: 1
[2026-07-16 12:53:31,844][root][INFO] - 	 *Phase: DETERMINISTIC
[2026-07-16 12:53:31,844][root][INFO] - 	 *lowest F value: -1.61014 | # live points: 1000 | # proposals: 100
[2026-07-16 12:53:31,844][root][INFO] - 	 *Fraction of live points in DS~nominal: 1.0000
[2026-07-16 12:53:31,844][root][INFO] - 	 *Evidence estimate: 0.00000
[2026-07-16 12:53:31,844][root][INFO] - Phase DETERMINISTIC is over.
[2026-07-16 12:53:31,844][root][INFO] - Phase NMVP_SEARCH is skipped.
[2026-07-16 12:53:32,657][root][INFO] - Backward constraint evaluation time for node 31: 0.7973 seconds
[2026-07-16 12:53:33,481][root][INFO] - Cost-to-go evaluation time for node 31: 0.8226 seconds
[2026-07-16 12:53:34,260][root][INFO] - Backward constraint evaluation time for node 31: 0.7714 seconds
[2026-07-16 12:53:35,075][root][INFO] - Cost-to-go evaluation time for node 31: 0.8141 seconds
[2026-07-16 12:53:35,855][root][INFO] - Backward constraint evaluation time for node 31: 0.7720 seconds
[2026-07-16 12:53:36,669][root][INFO] - Cost-to-go evaluation time for node 31: 0.8129 seconds
[2026-07-16 12:53:37,451][root][INFO] - Backward constraint evaluation time for node 31: 0.7734 seconds
[2026-07-16 12:53:38,264][root][INFO] - Cost-to-go evaluation time for node 31: 0.8127 seconds
[2026-07-16 12:53:39,044][root][INFO] - Backward constraint evaluation time for node 31: 0.7721 seconds
[2026-07-16 12:53:39,856][root][INFO] - Cost-to-go evaluation time for node 31: 0.8106 seconds
[2026-07-16 12:53:40,636][root][INFO] - Backward constraint evaluation time for node 31: 0.7723 seconds
[2026-07-16 12:53:41,453][root][INFO] - Cost-to-go evaluation time for node 31: 0.8161 seconds
[2026-07-16 12:53:42,234][root][INFO] - Backward constraint evaluation time for node 31: 0.7732 seconds
[2026-07-16 12:53:43,048][root][INFO] - Cost-to-go evaluation time for node 31: 0.8130 seconds
[2026-07-16 12:53:43,831][root][INFO] - Backward constraint evaluation time for node 31: 0.7752 seconds
[2026-07-16 12:53:44,648][root][INFO] - Cost-to-go evaluation time for node 31: 0.8158 seconds
[2026-07-16 12:53:45,431][root][INFO] - Backward constraint evaluation time for node 31: 0.7752 seconds
[2026-07-16 12:53:46,244][root][INFO] - Cost-to-go evaluation time for node 31: 0.8127 seconds
[2026-07-16 12:53:47,024][root][INFO] - Backward constraint evaluation time for node 31: 0.7716 seconds
[2026-07-16 12:53:47,840][root][INFO] - Cost-to-go evaluation time for node 31: 0.8149 seconds
[2026-07-16 12:53:47,840][root][INFO] - [s] SQP feasible:  bwd-cls 1000/1000 (100%), bwd-CTG 1000/1000 (100%)
[2026-07-16 12:53:47,840][root][INFO] - [s] SQP converged: bwd-cls 1000/1000 (100%), bwd-CTG 1000/1000 (100%)
[2026-07-16 12:53:47,846][root][INFO] - Solver iteration: 1
[2026-07-16 12:53:47,846][root][INFO] - 	 *Phase: TRANSITION
[2026-07-16 12:53:47,846][root][INFO] - 	 *lowest F value: 1.00000 | # live points: 1000
[2026-07-16 12:53:47,854][root][INFO] - Phase TRANSITION is over.
[2026-07-16 12:53:48,644][root][INFO] - Backward constraint evaluation time for node 31: 0.7769 seconds
[2026-07-16 12:53:49,458][root][INFO] - Cost-to-go evaluation time for node 31: 0.8132 seconds
[2026-07-16 12:53:49,459][root][INFO] - [s] SQP feasible:  bwd-cls 100/100 (100%), bwd-CTG 100/100 (100%)
[2026-07-16 12:53:49,459][root][INFO] - [s] SQP converged: bwd-cls 100/100 (100%), bwd-CTG 100/100 (100%)
[2026-07-16 12:53:49,465][root][INFO] - Solver iteration: 2
[2026-07-16 12:53:49,465][root][INFO] - 	 *Phase: PROBABILISTIC
[2026-07-16 12:53:49,465][root][INFO] - 	 *lowest F value: 1.00000 | # live points: 1000 | # proposals: 100
[2026-07-16 12:53:49,465][root][INFO] - 	 *Fraction of live points in DS~100.00%: 1.0000
[2026-07-16 12:53:49,465][root][INFO] - 	 *Evidence estimate: 2.30038
[2026-07-16 12:53:49,465][root][INFO] - Phase PROBABILISTIC is over.
[2026-07-16 12:53:49,573][root][INFO] - Design Space Characterization is done.
[2026-07-16 12:53:49,573][root][INFO] - Time taken to solve the problem: 39.20131516456604 seconds
[2026-07-16 12:53:49,588][root][INFO] - Node 31: bwd-cls — feasible 2200/2200 (100.0%), converged 2200/2200 (100.0%)
[2026-07-16 12:53:49,588][root][INFO] - Node 31: bwd-CTG — feasible 2200/2200 (100.0%), converged 2200/2200 (100.0%)
[2026-07-16 12:54:29,940][root][INFO] - training_performance (regressor): {'mse': Array(0.00018746, dtype=float64), 'standardised_mape': Array(0.05779667, dtype=float64)} | best_hyperparams={'hidden_size': [50, 50, 25], 'activation_function': 'gelu', 'output_units': 1} | best_avg_val_loss=0.0006243
[2026-07-16 12:54:31,851][root][INFO] - training_performance: {'acc': 0.9670406732117812, 'tn': np.int64(1998), 'fp': np.int64(0), 'fn': np.int64(141), 'tp': np.int64(2139)}
[2026-07-16 12:54:32,539][root][INFO] - ------- Characterising node 30 according to precedence order -------
[2026-07-16 12:54:32,540][root][INFO] - Bounds: {'d1': {'d1': [np.float64(290.0), np.float64(302.0)]}, 'd2': {'d2': [np.float64(0.78), np.float64(0.97)]}, 'd3': {'d3': [np.float64(314.0), np.float64(332.0)]}, 'd4': {'d4': [np.float64(290.0), np.float64(302.0)]}, 'd5': {'d5': [np.float64(0.8), np.float64(0.95)]}}
[2026-07-16 12:54:32,540][root][INFO] - EXTENDED DS DIM.: 5
[2026-07-16 12:54:32,696][root][INFO] - Integration took 0.10529899597167969 seconds
[2026-07-16 12:54:35,224][root][INFO] - Backward constraint evaluation time for node 30: 2.1078 seconds
[2026-07-16 12:54:37,933][root][INFO] - Cost-to-go evaluation time for node 30: 2.4297 seconds
[2026-07-16 12:54:38,849][root][INFO] - Backward constraint evaluation time for node 30: 0.8047 seconds
[2026-07-16 12:54:39,720][root][INFO] - Cost-to-go evaluation time for node 30: 0.8703 seconds
[2026-07-16 12:54:40,538][root][INFO] - Backward constraint evaluation time for node 30: 0.8096 seconds
[2026-07-16 12:54:41,387][root][INFO] - Cost-to-go evaluation time for node 30: 0.8475 seconds
[2026-07-16 12:54:42,174][root][INFO] - Backward constraint evaluation time for node 30: 0.7785 seconds
[2026-07-16 12:54:42,989][root][INFO] - Cost-to-go evaluation time for node 30: 0.8146 seconds
[2026-07-16 12:54:43,771][root][INFO] - Backward constraint evaluation time for node 30: 0.7741 seconds
[2026-07-16 12:54:44,585][root][INFO] - Cost-to-go evaluation time for node 30: 0.8125 seconds
[2026-07-16 12:54:45,365][root][INFO] - Backward constraint evaluation time for node 30: 0.7718 seconds
[2026-07-16 12:54:46,178][root][INFO] - Cost-to-go evaluation time for node 30: 0.8123 seconds
[2026-07-16 12:54:46,959][root][INFO] - Backward constraint evaluation time for node 30: 0.7733 seconds
[2026-07-16 12:54:47,773][root][INFO] - Cost-to-go evaluation time for node 30: 0.8133 seconds
[2026-07-16 12:54:48,555][root][INFO] - Backward constraint evaluation time for node 30: 0.7739 seconds
[2026-07-16 12:54:49,373][root][INFO] - Cost-to-go evaluation time for node 30: 0.8175 seconds
[2026-07-16 12:54:50,155][root][INFO] - Backward constraint evaluation time for node 30: 0.7742 seconds
[2026-07-16 12:54:50,973][root][INFO] - Cost-to-go evaluation time for node 30: 0.8165 seconds
[2026-07-16 12:54:51,754][root][INFO] - Backward constraint evaluation time for node 30: 0.7731 seconds
[2026-07-16 12:54:52,570][root][INFO] - Cost-to-go evaluation time for node 30: 0.8154 seconds
[2026-07-16 12:54:52,577][root][INFO] - Solver iteration: 0
[2026-07-16 12:54:52,577][root][INFO] - 	 *Phase: INITIAL
[2026-07-16 12:54:52,577][root][INFO] - 	 *lowest F value: -2.08058 | # live points: 1000
[2026-07-16 12:54:52,585][root][INFO] - Phase INITIAL is over.
[2026-07-16 12:54:53,371][root][INFO] - Backward constraint evaluation time for node 30: 0.7749 seconds
[2026-07-16 12:54:54,187][root][INFO] - Cost-to-go evaluation time for node 30: 0.8148 seconds
[2026-07-16 12:54:54,188][root][INFO] - [s] SQP feasible:  bwd-cls 100/100 (100%), bwd-CTG 100/100 (100%)
[2026-07-16 12:54:54,188][root][INFO] - [s] SQP converged: bwd-cls 100/100 (100%), bwd-CTG 100/100 (100%)
[2026-07-16 12:54:54,196][root][INFO] - Solver iteration: 1
[2026-07-16 12:54:54,196][root][INFO] - 	 *Phase: DETERMINISTIC
[2026-07-16 12:54:54,196][root][INFO] - 	 *lowest F value: -1.61014 | # live points: 1000 | # proposals: 100
[2026-07-16 12:54:54,196][root][INFO] - 	 *Fraction of live points in DS~nominal: 1.0000
[2026-07-16 12:54:54,196][root][INFO] - 	 *Evidence estimate: 0.00000
[2026-07-16 12:54:54,196][root][INFO] - Phase DETERMINISTIC is over.
[2026-07-16 12:54:54,196][root][INFO] - Phase NMVP_SEARCH is skipped.
[2026-07-16 12:54:54,985][root][INFO] - Backward constraint evaluation time for node 30: 0.7726 seconds
[2026-07-16 12:54:55,800][root][INFO] - Cost-to-go evaluation time for node 30: 0.8138 seconds
[2026-07-16 12:54:56,588][root][INFO] - Backward constraint evaluation time for node 30: 0.7807 seconds
[2026-07-16 12:54:57,401][root][INFO] - Cost-to-go evaluation time for node 30: 0.8117 seconds
[2026-07-16 12:54:58,184][root][INFO] - Backward constraint evaluation time for node 30: 0.7751 seconds
[2026-07-16 12:54:58,996][root][INFO] - Cost-to-go evaluation time for node 30: 0.8117 seconds
[2026-07-16 12:54:59,777][root][INFO] - Backward constraint evaluation time for node 30: 0.7727 seconds
[2026-07-16 12:55:00,590][root][INFO] - Cost-to-go evaluation time for node 30: 0.8117 seconds
[2026-07-16 12:55:01,379][root][INFO] - Backward constraint evaluation time for node 30: 0.7821 seconds
[2026-07-16 12:55:02,192][root][INFO] - Cost-to-go evaluation time for node 30: 0.8111 seconds
[2026-07-16 12:55:02,974][root][INFO] - Backward constraint evaluation time for node 30: 0.7745 seconds
[2026-07-16 12:55:03,787][root][INFO] - Cost-to-go evaluation time for node 30: 0.8120 seconds
[2026-07-16 12:55:04,570][root][INFO] - Backward constraint evaluation time for node 30: 0.7748 seconds
[2026-07-16 12:55:05,383][root][INFO] - Cost-to-go evaluation time for node 30: 0.8126 seconds
[2026-07-16 12:55:06,169][root][INFO] - Backward constraint evaluation time for node 30: 0.7782 seconds
[2026-07-16 12:55:06,985][root][INFO] - Cost-to-go evaluation time for node 30: 0.8145 seconds
[2026-07-16 12:55:07,765][root][INFO] - Backward constraint evaluation time for node 30: 0.7726 seconds
[2026-07-16 12:55:08,578][root][INFO] - Cost-to-go evaluation time for node 30: 0.8119 seconds
[2026-07-16 12:55:09,361][root][INFO] - Backward constraint evaluation time for node 30: 0.7748 seconds
[2026-07-16 12:55:10,184][root][INFO] - Cost-to-go evaluation time for node 30: 0.8219 seconds
[2026-07-16 12:55:10,184][root][INFO] - [s] SQP feasible:  bwd-cls 1000/1000 (100%), bwd-CTG 1000/1000 (100%)
[2026-07-16 12:55:10,184][root][INFO] - [s] SQP converged: bwd-cls 1000/1000 (100%), bwd-CTG 1000/1000 (100%)
[2026-07-16 12:55:10,190][root][INFO] - Solver iteration: 1
[2026-07-16 12:55:10,190][root][INFO] - 	 *Phase: TRANSITION
[2026-07-16 12:55:10,190][root][INFO] - 	 *lowest F value: 1.00000 | # live points: 1000
[2026-07-16 12:55:10,198][root][INFO] - Phase TRANSITION is over.
[2026-07-16 12:55:10,986][root][INFO] - Backward constraint evaluation time for node 30: 0.7746 seconds
[2026-07-16 12:55:11,801][root][INFO] - Cost-to-go evaluation time for node 30: 0.8138 seconds
[2026-07-16 12:55:11,801][root][INFO] - [s] SQP feasible:  bwd-cls 100/100 (100%), bwd-CTG 100/100 (100%)
[2026-07-16 12:55:11,801][root][INFO] - [s] SQP converged: bwd-cls 100/100 (100%), bwd-CTG 100/100 (100%)
[2026-07-16 12:55:11,807][root][INFO] - Solver iteration: 2
[2026-07-16 12:55:11,808][root][INFO] - 	 *Phase: PROBABILISTIC
[2026-07-16 12:55:11,808][root][INFO] - 	 *lowest F value: 1.00000 | # live points: 1000 | # proposals: 100
[2026-07-16 12:55:11,808][root][INFO] - 	 *Fraction of live points in DS~100.00%: 1.0000
[2026-07-16 12:55:11,808][root][INFO] - 	 *Evidence estimate: 2.30038
[2026-07-16 12:55:11,808][root][INFO] - Phase PROBABILISTIC is over.
[2026-07-16 12:55:11,908][root][INFO] - Design Space Characterization is done.
[2026-07-16 12:55:11,908][root][INFO] - Time taken to solve the problem: 39.35795593261719 seconds
[2026-07-16 12:55:11,921][root][INFO] - Node 30: bwd-cls — feasible 2200/2200 (100.0%), converged 2200/2200 (100.0%)
[2026-07-16 12:55:11,921][root][INFO] - Node 30: bwd-CTG — feasible 2200/2200 (100.0%), converged 2200/2200 (100.0%)
[2026-07-16 12:55:52,300][root][INFO] - training_performance (regressor): {'mse': Array(0.00018351, dtype=float64), 'standardised_mape': Array(0.09876977, dtype=float64)} | best_hyperparams={'hidden_size': [100, 100], 'activation_function': 'gelu', 'output_units': 1} | best_avg_val_loss=0.0005826
[2026-07-16 12:55:54,274][root][INFO] - training_performance: {'acc': 0.9670406732117812, 'tn': np.int64(1998), 'fp': np.int64(0), 'fn': np.int64(141), 'tp': np.int64(2139)}
[2026-07-16 12:55:54,947][root][INFO] - ------- Characterising node 29 according to precedence order -------
[2026-07-16 12:55:54,949][root][INFO] - Bounds: {'d1': {'d1': [np.float64(290.0), np.float64(302.0)]}, 'd2': {'d2': [np.float64(0.78), np.float64(0.97)]}, 'd3': {'d3': [np.float64(314.0), np.float64(332.0)]}, 'd4': {'d4': [np.float64(290.0), np.float64(302.0)]}, 'd5': {'d5': [np.float64(0.8), np.float64(0.95)]}}
[2026-07-16 12:55:54,949][root][INFO] - EXTENDED DS DIM.: 5
[2026-07-16 12:55:55,103][root][INFO] - Integration took 0.1039431095123291 seconds
[2026-07-16 12:55:57,748][root][INFO] - Backward constraint evaluation time for node 29: 2.2233 seconds
[2026-07-16 12:56:00,332][root][INFO] - Cost-to-go evaluation time for node 29: 2.3078 seconds
[2026-07-16 12:56:01,205][root][INFO] - Backward constraint evaluation time for node 29: 0.7755 seconds
[2026-07-16 12:56:02,045][root][INFO] - Cost-to-go evaluation time for node 29: 0.8386 seconds
[2026-07-16 12:56:02,827][root][INFO] - Backward constraint evaluation time for node 29: 0.7742 seconds
[2026-07-16 12:56:03,663][root][INFO] - Cost-to-go evaluation time for node 29: 0.8351 seconds
[2026-07-16 12:56:04,443][root][INFO] - Backward constraint evaluation time for node 29: 0.7721 seconds
[2026-07-16 12:56:05,283][root][INFO] - Cost-to-go evaluation time for node 29: 0.8392 seconds
[2026-07-16 12:56:06,064][root][INFO] - Backward constraint evaluation time for node 29: 0.7735 seconds
[2026-07-16 12:56:06,904][root][INFO] - Cost-to-go evaluation time for node 29: 0.8387 seconds
[2026-07-16 12:56:07,687][root][INFO] - Backward constraint evaluation time for node 29: 0.7750 seconds
[2026-07-16 12:56:08,526][root][INFO] - Cost-to-go evaluation time for node 29: 0.8383 seconds
[2026-07-16 12:56:09,310][root][INFO] - Backward constraint evaluation time for node 29: 0.7758 seconds
[2026-07-16 12:56:10,154][root][INFO] - Cost-to-go evaluation time for node 29: 0.8438 seconds
[2026-07-16 12:56:10,936][root][INFO] - Backward constraint evaluation time for node 29: 0.7733 seconds
[2026-07-16 12:56:11,777][root][INFO] - Cost-to-go evaluation time for node 29: 0.8402 seconds
[2026-07-16 12:56:12,558][root][INFO] - Backward constraint evaluation time for node 29: 0.7732 seconds
[2026-07-16 12:56:13,397][root][INFO] - Cost-to-go evaluation time for node 29: 0.8382 seconds
[2026-07-16 12:56:14,179][root][INFO] - Backward constraint evaluation time for node 29: 0.7742 seconds
[2026-07-16 12:56:15,025][root][INFO] - Cost-to-go evaluation time for node 29: 0.8452 seconds
[2026-07-16 12:56:15,033][root][INFO] - Solver iteration: 0
[2026-07-16 12:56:15,033][root][INFO] - 	 *Phase: INITIAL
[2026-07-16 12:56:15,033][root][INFO] - 	 *lowest F value: -2.08058 | # live points: 1000
[2026-07-16 12:56:15,040][root][INFO] - Phase INITIAL is over.
[2026-07-16 12:56:15,827][root][INFO] - Backward constraint evaluation time for node 29: 0.7762 seconds
[2026-07-16 12:56:16,669][root][INFO] - Cost-to-go evaluation time for node 29: 0.8406 seconds
[2026-07-16 12:56:16,669][root][INFO] - [s] SQP feasible:  bwd-cls 100/100 (100%), bwd-CTG 100/100 (100%)
[2026-07-16 12:56:16,669][root][INFO] - [s] SQP converged: bwd-cls 100/100 (100%), bwd-CTG 100/100 (100%)
[2026-07-16 12:56:16,678][root][INFO] - Solver iteration: 1
[2026-07-16 12:56:16,678][root][INFO] - 	 *Phase: DETERMINISTIC
[2026-07-16 12:56:16,678][root][INFO] - 	 *lowest F value: -1.61014 | # live points: 1000 | # proposals: 100
[2026-07-16 12:56:16,678][root][INFO] - 	 *Fraction of live points in DS~nominal: 1.0000
[2026-07-16 12:56:16,678][root][INFO] - 	 *Evidence estimate: 0.00000
[2026-07-16 12:56:16,678][root][INFO] - Phase DETERMINISTIC is over.
[2026-07-16 12:56:16,678][root][INFO] - Phase NMVP_SEARCH is skipped.
[2026-07-16 12:56:17,481][root][INFO] - Backward constraint evaluation time for node 29: 0.7866 seconds
[2026-07-16 12:56:18,322][root][INFO] - Cost-to-go evaluation time for node 29: 0.8405 seconds
[2026-07-16 12:56:19,105][root][INFO] - Backward constraint evaluation time for node 29: 0.7753 seconds
[2026-07-16 12:56:19,945][root][INFO] - Cost-to-go evaluation time for node 29: 0.8394 seconds
[2026-07-16 12:56:20,724][root][INFO] - Backward constraint evaluation time for node 29: 0.7714 seconds
[2026-07-16 12:56:21,564][root][INFO] - Cost-to-go evaluation time for node 29: 0.8382 seconds
[2026-07-16 12:56:22,343][root][INFO] - Backward constraint evaluation time for node 29: 0.7715 seconds
[2026-07-16 12:56:23,185][root][INFO] - Cost-to-go evaluation time for node 29: 0.8415 seconds
[2026-07-16 12:56:23,964][root][INFO] - Backward constraint evaluation time for node 29: 0.7710 seconds
[2026-07-16 12:56:24,805][root][INFO] - Cost-to-go evaluation time for node 29: 0.8396 seconds
[2026-07-16 12:56:25,586][root][INFO] - Backward constraint evaluation time for node 29: 0.7736 seconds
[2026-07-16 12:56:26,423][root][INFO] - Cost-to-go evaluation time for node 29: 0.8358 seconds
[2026-07-16 12:56:27,205][root][INFO] - Backward constraint evaluation time for node 29: 0.7743 seconds
[2026-07-16 12:56:28,046][root][INFO] - Cost-to-go evaluation time for node 29: 0.8400 seconds
[2026-07-16 12:56:28,826][root][INFO] - Backward constraint evaluation time for node 29: 0.7726 seconds
[2026-07-16 12:56:29,675][root][INFO] - Cost-to-go evaluation time for node 29: 0.8482 seconds
[2026-07-16 12:56:30,459][root][INFO] - Backward constraint evaluation time for node 29: 0.7757 seconds
[2026-07-16 12:56:31,300][root][INFO] - Cost-to-go evaluation time for node 29: 0.8406 seconds
[2026-07-16 12:56:32,080][root][INFO] - Backward constraint evaluation time for node 29: 0.7721 seconds
[2026-07-16 12:56:32,923][root][INFO] - Cost-to-go evaluation time for node 29: 0.8414 seconds
[2026-07-16 12:56:32,923][root][INFO] - [s] SQP feasible:  bwd-cls 1000/1000 (100%), bwd-CTG 1000/1000 (100%)
[2026-07-16 12:56:32,923][root][INFO] - [s] SQP converged: bwd-cls 1000/1000 (100%), bwd-CTG 1000/1000 (100%)
[2026-07-16 12:56:32,929][root][INFO] - Solver iteration: 1
[2026-07-16 12:56:32,929][root][INFO] - 	 *Phase: TRANSITION
[2026-07-16 12:56:32,929][root][INFO] - 	 *lowest F value: 1.00000 | # live points: 1000
[2026-07-16 12:56:32,938][root][INFO] - Phase TRANSITION is over.
[2026-07-16 12:56:33,725][root][INFO] - Backward constraint evaluation time for node 29: 0.7746 seconds
[2026-07-16 12:56:34,569][root][INFO] - Cost-to-go evaluation time for node 29: 0.8432 seconds
[2026-07-16 12:56:34,570][root][INFO] - [s] SQP feasible:  bwd-cls 100/100 (100%), bwd-CTG 100/100 (100%)
[2026-07-16 12:56:34,570][root][INFO] - [s] SQP converged: bwd-cls 100/100 (100%), bwd-CTG 100/100 (100%)
[2026-07-16 12:56:34,576][root][INFO] - Solver iteration: 2
[2026-07-16 12:56:34,576][root][INFO] - 	 *Phase: PROBABILISTIC
[2026-07-16 12:56:34,576][root][INFO] - 	 *lowest F value: 1.00000 | # live points: 1000 | # proposals: 100
[2026-07-16 12:56:34,576][root][INFO] - 	 *Fraction of live points in DS~100.00%: 1.0000
[2026-07-16 12:56:34,576][root][INFO] - 	 *Evidence estimate: 2.30038
[2026-07-16 12:56:34,576][root][INFO] - Phase PROBABILISTIC is over.
[2026-07-16 12:56:34,684][root][INFO] - Design Space Characterization is done.
[2026-07-16 12:56:34,684][root][INFO] - Time taken to solve the problem: 39.72550582885742 seconds
[2026-07-16 12:56:34,696][root][INFO] - Node 29: bwd-cls — feasible 2200/2200 (100.0%), converged 2200/2200 (100.0%)
[2026-07-16 12:56:34,696][root][INFO] - Node 29: bwd-CTG — feasible 2200/2200 (100.0%), converged 2200/2200 (100.0%)
[2026-07-16 12:57:14,640][root][INFO] - training_performance (regressor): {'mse': Array(0.00020945, dtype=float64), 'standardised_mape': Array(0.0745539, dtype=float64)} | best_hyperparams={'hidden_size': [75, 75], 'activation_function': 'gelu', 'output_units': 1} | best_avg_val_loss=0.0005082
[2026-07-16 12:57:16,501][root][INFO] - training_performance: {'acc': 0.9670406732117812, 'tn': np.int64(1998), 'fp': np.int64(0), 'fn': np.int64(141), 'tp': np.int64(2139)}
[2026-07-16 12:57:17,195][root][INFO] - ------- Characterising node 28 according to precedence order -------
[2026-07-16 12:57:17,196][root][INFO] - Bounds: {'d1': {'d1': [np.float64(290.0), np.float64(302.0)]}, 'd2': {'d2': [np.float64(0.78), np.float64(0.97)]}, 'd3': {'d3': [np.float64(314.0), np.float64(332.0)]}, 'd4': {'d4': [np.float64(290.0), np.float64(302.0)]}, 'd5': {'d5': [np.float64(0.8), np.float64(0.95)]}}
[2026-07-16 12:57:17,196][root][INFO] - EXTENDED DS DIM.: 5
[2026-07-16 12:57:17,351][root][INFO] - Integration took 0.10406208038330078 seconds
[2026-07-16 12:57:19,887][root][INFO] - Backward constraint evaluation time for node 28: 2.1143 seconds
[2026-07-16 12:57:22,466][root][INFO] - Cost-to-go evaluation time for node 28: 2.3060 seconds
[2026-07-16 12:57:23,335][root][INFO] - Backward constraint evaluation time for node 28: 0.7733 seconds
[2026-07-16 12:57:24,157][root][INFO] - Cost-to-go evaluation time for node 28: 0.8208 seconds
[2026-07-16 12:57:24,939][root][INFO] - Backward constraint evaluation time for node 28: 0.7742 seconds
[2026-07-16 12:57:25,757][root][INFO] - Cost-to-go evaluation time for node 28: 0.8173 seconds
[2026-07-16 12:57:26,537][root][INFO] - Backward constraint evaluation time for node 28: 0.7724 seconds
[2026-07-16 12:57:27,355][root][INFO] - Cost-to-go evaluation time for node 28: 0.8172 seconds
[2026-07-16 12:57:28,137][root][INFO] - Backward constraint evaluation time for node 28: 0.7736 seconds
[2026-07-16 12:57:28,956][root][INFO] - Cost-to-go evaluation time for node 28: 0.8186 seconds
[2026-07-16 12:57:29,738][root][INFO] - Backward constraint evaluation time for node 28: 0.7739 seconds
[2026-07-16 12:57:30,558][root][INFO] - Cost-to-go evaluation time for node 28: 0.8182 seconds
[2026-07-16 12:57:31,335][root][INFO] - Backward constraint evaluation time for node 28: 0.7697 seconds
[2026-07-16 12:57:32,152][root][INFO] - Cost-to-go evaluation time for node 28: 0.8160 seconds
[2026-07-16 12:57:32,934][root][INFO] - Backward constraint evaluation time for node 28: 0.7737 seconds
[2026-07-16 12:57:33,751][root][INFO] - Cost-to-go evaluation time for node 28: 0.8161 seconds
[2026-07-16 12:57:34,534][root][INFO] - Backward constraint evaluation time for node 28: 0.7750 seconds
[2026-07-16 12:57:35,353][root][INFO] - Cost-to-go evaluation time for node 28: 0.8180 seconds
[2026-07-16 12:57:36,133][root][INFO] - Backward constraint evaluation time for node 28: 0.7720 seconds
[2026-07-16 12:57:36,951][root][INFO] - Cost-to-go evaluation time for node 28: 0.8167 seconds
[2026-07-16 12:57:36,958][root][INFO] - Solver iteration: 0
[2026-07-16 12:57:36,958][root][INFO] - 	 *Phase: INITIAL
[2026-07-16 12:57:36,958][root][INFO] - 	 *lowest F value: -2.08058 | # live points: 1000
[2026-07-16 12:57:36,965][root][INFO] - Phase INITIAL is over.
[2026-07-16 12:57:37,750][root][INFO] - Backward constraint evaluation time for node 28: 0.7739 seconds
[2026-07-16 12:57:38,573][root][INFO] - Cost-to-go evaluation time for node 28: 0.8224 seconds
[2026-07-16 12:57:38,574][root][INFO] - [s] SQP feasible:  bwd-cls 100/100 (100%), bwd-CTG 100/100 (100%)
[2026-07-16 12:57:38,574][root][INFO] - [s] SQP converged: bwd-cls 100/100 (100%), bwd-CTG 100/100 (100%)
[2026-07-16 12:57:38,582][root][INFO] - Solver iteration: 1
[2026-07-16 12:57:38,582][root][INFO] - 	 *Phase: DETERMINISTIC
[2026-07-16 12:57:38,582][root][INFO] - 	 *lowest F value: -1.61014 | # live points: 1000 | # proposals: 100
[2026-07-16 12:57:38,582][root][INFO] - 	 *Fraction of live points in DS~nominal: 1.0000
[2026-07-16 12:57:38,582][root][INFO] - 	 *Evidence estimate: 0.00000
[2026-07-16 12:57:38,582][root][INFO] - Phase DETERMINISTIC is over.
[2026-07-16 12:57:38,582][root][INFO] - Phase NMVP_SEARCH is skipped.
[2026-07-16 12:57:39,373][root][INFO] - Backward constraint evaluation time for node 28: 0.7742 seconds
[2026-07-16 12:57:40,193][root][INFO] - Cost-to-go evaluation time for node 28: 0.8187 seconds
[2026-07-16 12:57:40,974][root][INFO] - Backward constraint evaluation time for node 28: 0.7739 seconds
[2026-07-16 12:57:41,795][root][INFO] - Cost-to-go evaluation time for node 28: 0.8196 seconds
[2026-07-16 12:57:42,576][root][INFO] - Backward constraint evaluation time for node 28: 0.7738 seconds
[2026-07-16 12:57:43,396][root][INFO] - Cost-to-go evaluation time for node 28: 0.8185 seconds
[2026-07-16 12:57:44,177][root][INFO] - Backward constraint evaluation time for node 28: 0.7735 seconds
[2026-07-16 12:57:44,994][root][INFO] - Cost-to-go evaluation time for node 28: 0.8161 seconds
[2026-07-16 12:57:45,776][root][INFO] - Backward constraint evaluation time for node 28: 0.7737 seconds
[2026-07-16 12:57:46,595][root][INFO] - Cost-to-go evaluation time for node 28: 0.8180 seconds
[2026-07-16 12:57:47,379][root][INFO] - Backward constraint evaluation time for node 28: 0.7761 seconds
[2026-07-16 12:57:48,201][root][INFO] - Cost-to-go evaluation time for node 28: 0.8212 seconds
[2026-07-16 12:57:48,983][root][INFO] - Backward constraint evaluation time for node 28: 0.7739 seconds
[2026-07-16 12:57:49,801][root][INFO] - Cost-to-go evaluation time for node 28: 0.8172 seconds
[2026-07-16 12:57:50,583][root][INFO] - Backward constraint evaluation time for node 28: 0.7745 seconds
[2026-07-16 12:57:51,401][root][INFO] - Cost-to-go evaluation time for node 28: 0.8171 seconds
[2026-07-16 12:57:52,183][root][INFO] - Backward constraint evaluation time for node 28: 0.7734 seconds
[2026-07-16 12:57:53,000][root][INFO] - Cost-to-go evaluation time for node 28: 0.8168 seconds
[2026-07-16 12:57:53,783][root][INFO] - Backward constraint evaluation time for node 28: 0.7748 seconds
[2026-07-16 12:57:54,600][root][INFO] - Cost-to-go evaluation time for node 28: 0.8162 seconds
[2026-07-16 12:57:54,601][root][INFO] - [s] SQP feasible:  bwd-cls 1000/1000 (100%), bwd-CTG 1000/1000 (100%)
[2026-07-16 12:57:54,601][root][INFO] - [s] SQP converged: bwd-cls 1000/1000 (100%), bwd-CTG 1000/1000 (100%)
[2026-07-16 12:57:54,606][root][INFO] - Solver iteration: 1
[2026-07-16 12:57:54,606][root][INFO] - 	 *Phase: TRANSITION
[2026-07-16 12:57:54,606][root][INFO] - 	 *lowest F value: 1.00000 | # live points: 1000
[2026-07-16 12:57:54,615][root][INFO] - Phase TRANSITION is over.
[2026-07-16 12:57:55,401][root][INFO] - Backward constraint evaluation time for node 28: 0.7730 seconds
[2026-07-16 12:57:56,220][root][INFO] - Cost-to-go evaluation time for node 28: 0.8178 seconds
[2026-07-16 12:57:56,221][root][INFO] - [s] SQP feasible:  bwd-cls 100/100 (100%), bwd-CTG 100/100 (100%)
[2026-07-16 12:57:56,221][root][INFO] - [s] SQP converged: bwd-cls 100/100 (100%), bwd-CTG 100/100 (100%)
[2026-07-16 12:57:56,226][root][INFO] - Solver iteration: 2
[2026-07-16 12:57:56,226][root][INFO] - 	 *Phase: PROBABILISTIC
[2026-07-16 12:57:56,226][root][INFO] - 	 *lowest F value: 1.00000 | # live points: 1000 | # proposals: 100
[2026-07-16 12:57:56,226][root][INFO] - 	 *Fraction of live points in DS~100.00%: 1.0000
[2026-07-16 12:57:56,226][root][INFO] - 	 *Evidence estimate: 2.30038
[2026-07-16 12:57:56,226][root][INFO] - Phase PROBABILISTIC is over.
[2026-07-16 12:57:56,334][root][INFO] - Design Space Characterization is done.
[2026-07-16 12:57:56,334][root][INFO] - Time taken to solve the problem: 39.12769174575806 seconds
[2026-07-16 12:57:56,346][root][INFO] - Node 28: bwd-cls — feasible 2200/2200 (100.0%), converged 2200/2200 (100.0%)
[2026-07-16 12:57:56,346][root][INFO] - Node 28: bwd-CTG — feasible 2200/2200 (100.0%), converged 2200/2200 (100.0%)
[2026-07-16 12:58:36,259][root][INFO] - training_performance (regressor): {'mse': Array(0.00018123, dtype=float64), 'standardised_mape': Array(0.09393849, dtype=float64)} | best_hyperparams={'hidden_size': [75, 75], 'activation_function': 'gelu', 'output_units': 1} | best_avg_val_loss=0.0004337
[2026-07-16 12:58:38,171][root][INFO] - training_performance: {'acc': 0.9670406732117812, 'tn': np.int64(1998), 'fp': np.int64(0), 'fn': np.int64(141), 'tp': np.int64(2139)}
[2026-07-16 12:58:38,849][root][INFO] - ------- Characterising node 27 according to precedence order -------
[2026-07-16 12:58:38,850][root][INFO] - Bounds: {'d1': {'d1': [np.float64(290.0), np.float64(302.0)]}, 'd2': {'d2': [np.float64(0.78), np.float64(0.97)]}, 'd3': {'d3': [np.float64(314.0), np.float64(332.0)]}, 'd4': {'d4': [np.float64(290.0), np.float64(302.0)]}, 'd5': {'d5': [np.float64(0.8), np.float64(0.95)]}}
[2026-07-16 12:58:38,850][root][INFO] - EXTENDED DS DIM.: 5
[2026-07-16 12:58:39,004][root][INFO] - Integration took 0.10335516929626465 seconds
[2026-07-16 12:58:41,520][root][INFO] - Backward constraint evaluation time for node 27: 2.0984 seconds
[2026-07-16 12:58:44,109][root][INFO] - Cost-to-go evaluation time for node 27: 2.3129 seconds
[2026-07-16 12:58:44,976][root][INFO] - Backward constraint evaluation time for node 27: 0.7754 seconds
[2026-07-16 12:58:45,794][root][INFO] - Cost-to-go evaluation time for node 27: 0.8167 seconds
[2026-07-16 12:58:46,575][root][INFO] - Backward constraint evaluation time for node 27: 0.7733 seconds
[2026-07-16 12:58:47,396][root][INFO] - Cost-to-go evaluation time for node 27: 0.8195 seconds
[2026-07-16 12:58:48,176][root][INFO] - Backward constraint evaluation time for node 27: 0.7724 seconds
[2026-07-16 12:58:48,994][root][INFO] - Cost-to-go evaluation time for node 27: 0.8174 seconds
[2026-07-16 12:58:49,776][root][INFO] - Backward constraint evaluation time for node 27: 0.7737 seconds
[2026-07-16 12:58:50,594][root][INFO] - Cost-to-go evaluation time for node 27: 0.8175 seconds
[2026-07-16 12:58:51,373][root][INFO] - Backward constraint evaluation time for node 27: 0.7708 seconds
[2026-07-16 12:58:52,191][root][INFO] - Cost-to-go evaluation time for node 27: 0.8171 seconds
[2026-07-16 12:58:52,972][root][INFO] - Backward constraint evaluation time for node 27: 0.7731 seconds
[2026-07-16 12:58:53,792][root][INFO] - Cost-to-go evaluation time for node 27: 0.8188 seconds
[2026-07-16 12:58:54,576][root][INFO] - Backward constraint evaluation time for node 27: 0.7761 seconds
[2026-07-16 12:58:55,398][root][INFO] - Cost-to-go evaluation time for node 27: 0.8219 seconds
[2026-07-16 12:58:56,181][root][INFO] - Backward constraint evaluation time for node 27: 0.7750 seconds
[2026-07-16 12:58:57,006][root][INFO] - Cost-to-go evaluation time for node 27: 0.8234 seconds
[2026-07-16 12:58:57,787][root][INFO] - Backward constraint evaluation time for node 27: 0.7735 seconds
[2026-07-16 12:58:58,604][root][INFO] - Cost-to-go evaluation time for node 27: 0.8161 seconds
[2026-07-16 12:58:58,612][root][INFO] - Solver iteration: 0
[2026-07-16 12:58:58,612][root][INFO] - 	 *Phase: INITIAL
[2026-07-16 12:58:58,612][root][INFO] - 	 *lowest F value: -2.08058 | # live points: 1000
[2026-07-16 12:58:58,618][root][INFO] - Phase INITIAL is over.
[2026-07-16 12:58:59,403][root][INFO] - Backward constraint evaluation time for node 27: 0.7737 seconds
[2026-07-16 12:59:00,224][root][INFO] - Cost-to-go evaluation time for node 27: 0.8200 seconds
[2026-07-16 12:59:00,225][root][INFO] - [s] SQP feasible:  bwd-cls 100/100 (100%), bwd-CTG 100/100 (100%)
[2026-07-16 12:59:00,225][root][INFO] - [s] SQP converged: bwd-cls 100/100 (100%), bwd-CTG 100/100 (100%)
[2026-07-16 12:59:00,233][root][INFO] - Solver iteration: 1
[2026-07-16 12:59:00,233][root][INFO] - 	 *Phase: DETERMINISTIC
[2026-07-16 12:59:00,233][root][INFO] - 	 *lowest F value: -1.61014 | # live points: 1000 | # proposals: 100
[2026-07-16 12:59:00,233][root][INFO] - 	 *Fraction of live points in DS~nominal: 1.0000
[2026-07-16 12:59:00,233][root][INFO] - 	 *Evidence estimate: 0.00000
[2026-07-16 12:59:00,233][root][INFO] - Phase DETERMINISTIC is over.
[2026-07-16 12:59:00,233][root][INFO] - Phase NMVP_SEARCH is skipped.
[2026-07-16 12:59:01,023][root][INFO] - Backward constraint evaluation time for node 27: 0.7741 seconds
[2026-07-16 12:59:01,844][root][INFO] - Cost-to-go evaluation time for node 27: 0.8201 seconds
[2026-07-16 12:59:02,626][root][INFO] - Backward constraint evaluation time for node 27: 0.7735 seconds
[2026-07-16 12:59:03,444][root][INFO] - Cost-to-go evaluation time for node 27: 0.8171 seconds
[2026-07-16 12:59:04,227][root][INFO] - Backward constraint evaluation time for node 27: 0.7757 seconds
[2026-07-16 12:59:05,047][root][INFO] - Cost-to-go evaluation time for node 27: 0.8193 seconds
[2026-07-16 12:59:05,829][root][INFO] - Backward constraint evaluation time for node 27: 0.7735 seconds
[2026-07-16 12:59:06,650][root][INFO] - Cost-to-go evaluation time for node 27: 0.8204 seconds
[2026-07-16 12:59:07,430][root][INFO] - Backward constraint evaluation time for node 27: 0.7727 seconds
[2026-07-16 12:59:08,248][root][INFO] - Cost-to-go evaluation time for node 27: 0.8171 seconds
[2026-07-16 12:59:09,028][root][INFO] - Backward constraint evaluation time for node 27: 0.7718 seconds
[2026-07-16 12:59:09,847][root][INFO] - Cost-to-go evaluation time for node 27: 0.8183 seconds
[2026-07-16 12:59:10,628][root][INFO] - Backward constraint evaluation time for node 27: 0.7731 seconds
[2026-07-16 12:59:11,446][root][INFO] - Cost-to-go evaluation time for node 27: 0.8168 seconds
[2026-07-16 12:59:12,225][root][INFO] - Backward constraint evaluation time for node 27: 0.7714 seconds
[2026-07-16 12:59:13,045][root][INFO] - Cost-to-go evaluation time for node 27: 0.8193 seconds
[2026-07-16 12:59:13,828][root][INFO] - Backward constraint evaluation time for node 27: 0.7754 seconds
[2026-07-16 12:59:14,649][root][INFO] - Cost-to-go evaluation time for node 27: 0.8192 seconds
[2026-07-16 12:59:15,429][root][INFO] - Backward constraint evaluation time for node 27: 0.7724 seconds
[2026-07-16 12:59:16,255][root][INFO] - Cost-to-go evaluation time for node 27: 0.8255 seconds
[2026-07-16 12:59:16,256][root][INFO] - [s] SQP feasible:  bwd-cls 1000/1000 (100%), bwd-CTG 1000/1000 (100%)
[2026-07-16 12:59:16,256][root][INFO] - [s] SQP converged: bwd-cls 1000/1000 (100%), bwd-CTG 1000/1000 (100%)
[2026-07-16 12:59:16,261][root][INFO] - Solver iteration: 1
[2026-07-16 12:59:16,261][root][INFO] - 	 *Phase: TRANSITION
[2026-07-16 12:59:16,261][root][INFO] - 	 *lowest F value: 1.00000 | # live points: 1000
[2026-07-16 12:59:16,270][root][INFO] - Phase TRANSITION is over.
[2026-07-16 12:59:17,059][root][INFO] - Backward constraint evaluation time for node 27: 0.7760 seconds
[2026-07-16 12:59:17,876][root][INFO] - Cost-to-go evaluation time for node 27: 0.8160 seconds
[2026-07-16 12:59:17,876][root][INFO] - [s] SQP feasible:  bwd-cls 100/100 (100%), bwd-CTG 100/100 (100%)
[2026-07-16 12:59:17,876][root][INFO] - [s] SQP converged: bwd-cls 100/100 (100%), bwd-CTG 100/100 (100%)
[2026-07-16 12:59:17,882][root][INFO] - Solver iteration: 2
[2026-07-16 12:59:17,882][root][INFO] - 	 *Phase: PROBABILISTIC
[2026-07-16 12:59:17,882][root][INFO] - 	 *lowest F value: 1.00000 | # live points: 1000 | # proposals: 100
[2026-07-16 12:59:17,882][root][INFO] - 	 *Fraction of live points in DS~100.00%: 1.0000
[2026-07-16 12:59:17,883][root][INFO] - 	 *Evidence estimate: 2.30038
[2026-07-16 12:59:17,883][root][INFO] - Phase PROBABILISTIC is over.
[2026-07-16 12:59:17,993][root][INFO] - Design Space Characterization is done.
[2026-07-16 12:59:17,993][root][INFO] - Time taken to solve the problem: 39.13288187980652 seconds
[2026-07-16 12:59:18,007][root][INFO] - Node 27: bwd-cls — feasible 2200/2200 (100.0%), converged 2200/2200 (100.0%)
[2026-07-16 12:59:18,007][root][INFO] - Node 27: bwd-CTG — feasible 2200/2200 (100.0%), converged 2200/2200 (100.0%)
[2026-07-16 12:59:57,422][root][INFO] - training_performance (regressor): {'mse': Array(0.00018524, dtype=float64), 'standardised_mape': Array(0.04143854, dtype=float64)} | best_hyperparams={'hidden_size': [75, 75], 'activation_function': 'gelu', 'output_units': 1} | best_avg_val_loss=0.0004349
[2026-07-16 12:59:59,288][root][INFO] - training_performance: {'acc': 0.9670406732117812, 'tn': np.int64(1998), 'fp': np.int64(0), 'fn': np.int64(141), 'tp': np.int64(2139)}
[2026-07-16 12:59:59,984][root][INFO] - ------- Characterising node 26 according to precedence order -------
[2026-07-16 12:59:59,985][root][INFO] - Bounds: {'d1': {'d1': [np.float64(290.0), np.float64(302.0)]}, 'd2': {'d2': [np.float64(0.78), np.float64(0.97)]}, 'd3': {'d3': [np.float64(314.0), np.float64(332.0)]}, 'd4': {'d4': [np.float64(290.0), np.float64(302.0)]}, 'd5': {'d5': [np.float64(0.8), np.float64(0.95)]}}
[2026-07-16 12:59:59,985][root][INFO] - EXTENDED DS DIM.: 5
[2026-07-16 13:00:00,141][root][INFO] - Integration took 0.10492396354675293 seconds
[2026-07-16 13:00:02,688][root][INFO] - Backward constraint evaluation time for node 26: 2.1249 seconds
[2026-07-16 13:00:05,263][root][INFO] - Cost-to-go evaluation time for node 26: 2.2992 seconds
[2026-07-16 13:00:06,131][root][INFO] - Backward constraint evaluation time for node 26: 0.7747 seconds
[2026-07-16 13:00:06,952][root][INFO] - Cost-to-go evaluation time for node 26: 0.8204 seconds
[2026-07-16 13:00:07,733][root][INFO] - Backward constraint evaluation time for node 26: 0.7725 seconds
[2026-07-16 13:00:08,554][root][INFO] - Cost-to-go evaluation time for node 26: 0.8197 seconds
[2026-07-16 13:00:09,334][root][INFO] - Backward constraint evaluation time for node 26: 0.7724 seconds
[2026-07-16 13:00:10,154][root][INFO] - Cost-to-go evaluation time for node 26: 0.8199 seconds
[2026-07-16 13:00:10,937][root][INFO] - Backward constraint evaluation time for node 26: 0.7746 seconds
[2026-07-16 13:00:11,761][root][INFO] - Cost-to-go evaluation time for node 26: 0.8229 seconds
[2026-07-16 13:00:12,541][root][INFO] - Backward constraint evaluation time for node 26: 0.7726 seconds
[2026-07-16 13:00:13,359][root][INFO] - Cost-to-go evaluation time for node 26: 0.8168 seconds
[2026-07-16 13:00:14,138][root][INFO] - Backward constraint evaluation time for node 26: 0.7716 seconds
[2026-07-16 13:00:14,954][root][INFO] - Cost-to-go evaluation time for node 26: 0.8147 seconds
[2026-07-16 13:00:15,733][root][INFO] - Backward constraint evaluation time for node 26: 0.7712 seconds
[2026-07-16 13:00:16,549][root][INFO] - Cost-to-go evaluation time for node 26: 0.8150 seconds
[2026-07-16 13:00:17,329][root][INFO] - Backward constraint evaluation time for node 26: 0.7719 seconds
[2026-07-16 13:00:18,153][root][INFO] - Cost-to-go evaluation time for node 26: 0.8226 seconds
[2026-07-16 13:00:18,930][root][INFO] - Backward constraint evaluation time for node 26: 0.7697 seconds
[2026-07-16 13:00:19,744][root][INFO] - Cost-to-go evaluation time for node 26: 0.8133 seconds
[2026-07-16 13:00:19,752][root][INFO] - Solver iteration: 0
[2026-07-16 13:00:19,752][root][INFO] - 	 *Phase: INITIAL
[2026-07-16 13:00:19,752][root][INFO] - 	 *lowest F value: -2.08058 | # live points: 1000
[2026-07-16 13:00:19,759][root][INFO] - Phase INITIAL is over.
[2026-07-16 13:00:20,545][root][INFO] - Backward constraint evaluation time for node 26: 0.7745 seconds
[2026-07-16 13:00:21,362][root][INFO] - Cost-to-go evaluation time for node 26: 0.8160 seconds
[2026-07-16 13:00:21,363][root][INFO] - [s] SQP feasible:  bwd-cls 100/100 (100%), bwd-CTG 100/100 (100%)
[2026-07-16 13:00:21,363][root][INFO] - [s] SQP converged: bwd-cls 100/100 (100%), bwd-CTG 100/100 (100%)
[2026-07-16 13:00:21,371][root][INFO] - Solver iteration: 1
[2026-07-16 13:00:21,371][root][INFO] - 	 *Phase: DETERMINISTIC
[2026-07-16 13:00:21,371][root][INFO] - 	 *lowest F value: -1.61014 | # live points: 1000 | # proposals: 100
[2026-07-16 13:00:21,371][root][INFO] - 	 *Fraction of live points in DS~nominal: 1.0000
[2026-07-16 13:00:21,371][root][INFO] - 	 *Evidence estimate: 0.00000
[2026-07-16 13:00:21,371][root][INFO] - Phase DETERMINISTIC is over.
[2026-07-16 13:00:21,371][root][INFO] - Phase NMVP_SEARCH is skipped.
[2026-07-16 13:00:22,162][root][INFO] - Backward constraint evaluation time for node 26: 0.7750 seconds
[2026-07-16 13:00:22,979][root][INFO] - Cost-to-go evaluation time for node 26: 0.8160 seconds
[2026-07-16 13:00:23,760][root][INFO] - Backward constraint evaluation time for node 26: 0.7726 seconds
[2026-07-16 13:00:24,578][root][INFO] - Cost-to-go evaluation time for node 26: 0.8176 seconds
[2026-07-16 13:00:25,360][root][INFO] - Backward constraint evaluation time for node 26: 0.7736 seconds
[2026-07-16 13:00:26,179][root][INFO] - Cost-to-go evaluation time for node 26: 0.8178 seconds
[2026-07-16 13:00:26,958][root][INFO] - Backward constraint evaluation time for node 26: 0.7722 seconds
[2026-07-16 13:00:27,778][root][INFO] - Cost-to-go evaluation time for node 26: 0.8185 seconds
[2026-07-16 13:00:28,559][root][INFO] - Backward constraint evaluation time for node 26: 0.7737 seconds
[2026-07-16 13:00:29,375][root][INFO] - Cost-to-go evaluation time for node 26: 0.8151 seconds
[2026-07-16 13:00:30,160][root][INFO] - Backward constraint evaluation time for node 26: 0.7767 seconds
[2026-07-16 13:00:30,976][root][INFO] - Cost-to-go evaluation time for node 26: 0.8151 seconds
[2026-07-16 13:00:31,757][root][INFO] - Backward constraint evaluation time for node 26: 0.7736 seconds
[2026-07-16 13:00:32,575][root][INFO] - Cost-to-go evaluation time for node 26: 0.8165 seconds
[2026-07-16 13:00:33,355][root][INFO] - Backward constraint evaluation time for node 26: 0.7720 seconds
[2026-07-16 13:00:34,173][root][INFO] - Cost-to-go evaluation time for node 26: 0.8167 seconds
[2026-07-16 13:00:34,953][root][INFO] - Backward constraint evaluation time for node 26: 0.7725 seconds
[2026-07-16 13:00:35,770][root][INFO] - Cost-to-go evaluation time for node 26: 0.8160 seconds
[2026-07-16 13:00:36,551][root][INFO] - Backward constraint evaluation time for node 26: 0.7727 seconds
[2026-07-16 13:00:37,376][root][INFO] - Cost-to-go evaluation time for node 26: 0.8246 seconds
[2026-07-16 13:00:37,377][root][INFO] - [s] SQP feasible:  bwd-cls 1000/1000 (100%), bwd-CTG 1000/1000 (100%)
[2026-07-16 13:00:37,377][root][INFO] - [s] SQP converged: bwd-cls 1000/1000 (100%), bwd-CTG 1000/1000 (100%)
[2026-07-16 13:00:37,383][root][INFO] - Solver iteration: 1
[2026-07-16 13:00:37,383][root][INFO] - 	 *Phase: TRANSITION
[2026-07-16 13:00:37,383][root][INFO] - 	 *lowest F value: 1.00000 | # live points: 1000
[2026-07-16 13:00:37,391][root][INFO] - Phase TRANSITION is over.
[2026-07-16 13:00:38,175][root][INFO] - Backward constraint evaluation time for node 26: 0.7714 seconds
[2026-07-16 13:00:38,997][root][INFO] - Cost-to-go evaluation time for node 26: 0.8207 seconds
[2026-07-16 13:00:38,998][root][INFO] - [s] SQP feasible:  bwd-cls 100/100 (100%), bwd-CTG 100/100 (100%)
[2026-07-16 13:00:38,998][root][INFO] - [s] SQP converged: bwd-cls 100/100 (100%), bwd-CTG 100/100 (100%)
[2026-07-16 13:00:39,004][root][INFO] - Solver iteration: 2
[2026-07-16 13:00:39,004][root][INFO] - 	 *Phase: PROBABILISTIC
[2026-07-16 13:00:39,004][root][INFO] - 	 *lowest F value: 1.00000 | # live points: 1000 | # proposals: 100
[2026-07-16 13:00:39,004][root][INFO] - 	 *Fraction of live points in DS~100.00%: 1.0000
[2026-07-16 13:00:39,004][root][INFO] - 	 *Evidence estimate: 2.30038
[2026-07-16 13:00:39,004][root][INFO] - Phase PROBABILISTIC is over.
[2026-07-16 13:00:39,113][root][INFO] - Design Space Characterization is done.
[2026-07-16 13:00:39,113][root][INFO] - Time taken to solve the problem: 39.117570638656616 seconds
[2026-07-16 13:00:39,124][root][INFO] - Node 26: bwd-cls — feasible 2200/2200 (100.0%), converged 2200/2200 (100.0%)
[2026-07-16 13:00:39,124][root][INFO] - Node 26: bwd-CTG — feasible 2200/2200 (100.0%), converged 2200/2200 (100.0%)
[2026-07-16 13:01:19,104][root][INFO] - training_performance (regressor): {'mse': Array(0.00017358, dtype=float64), 'standardised_mape': Array(0.0365227, dtype=float64)} | best_hyperparams={'hidden_size': [75, 75], 'activation_function': 'gelu', 'output_units': 1} | best_avg_val_loss=0.0004212
[2026-07-16 13:01:21,021][root][INFO] - training_performance: {'acc': 0.9670406732117812, 'tn': np.int64(1998), 'fp': np.int64(0), 'fn': np.int64(141), 'tp': np.int64(2139)}
[2026-07-16 13:01:21,734][root][INFO] - ------- Characterising node 25 according to precedence order -------
[2026-07-16 13:01:21,735][root][INFO] - Bounds: {'d1': {'d1': [np.float64(290.0), np.float64(302.0)]}, 'd2': {'d2': [np.float64(0.78), np.float64(0.97)]}, 'd3': {'d3': [np.float64(314.0), np.float64(332.0)]}, 'd4': {'d4': [np.float64(290.0), np.float64(302.0)]}, 'd5': {'d5': [np.float64(0.8), np.float64(0.95)]}}
[2026-07-16 13:01:21,735][root][INFO] - EXTENDED DS DIM.: 5
[2026-07-16 13:01:21,889][root][INFO] - Integration took 0.10323095321655273 seconds
[2026-07-16 13:01:24,440][root][INFO] - Backward constraint evaluation time for node 25: 2.1261 seconds
[2026-07-16 13:01:27,006][root][INFO] - Cost-to-go evaluation time for node 25: 2.2881 seconds
[2026-07-16 13:01:27,879][root][INFO] - Backward constraint evaluation time for node 25: 0.7749 seconds
[2026-07-16 13:01:28,700][root][INFO] - Cost-to-go evaluation time for node 25: 0.8200 seconds
[2026-07-16 13:01:29,481][root][INFO] - Backward constraint evaluation time for node 25: 0.7729 seconds
[2026-07-16 13:01:30,303][root][INFO] - Cost-to-go evaluation time for node 25: 0.8205 seconds
[2026-07-16 13:01:31,084][root][INFO] - Backward constraint evaluation time for node 25: 0.7737 seconds
[2026-07-16 13:01:31,905][root][INFO] - Cost-to-go evaluation time for node 25: 0.8197 seconds
[2026-07-16 13:01:32,686][root][INFO] - Backward constraint evaluation time for node 25: 0.7736 seconds
[2026-07-16 13:01:33,507][root][INFO] - Cost-to-go evaluation time for node 25: 0.8192 seconds
[2026-07-16 13:01:34,288][root][INFO] - Backward constraint evaluation time for node 25: 0.7731 seconds
[2026-07-16 13:01:35,108][root][INFO] - Cost-to-go evaluation time for node 25: 0.8196 seconds
[2026-07-16 13:01:35,890][root][INFO] - Backward constraint evaluation time for node 25: 0.7736 seconds
[2026-07-16 13:01:36,709][root][INFO] - Cost-to-go evaluation time for node 25: 0.8184 seconds
[2026-07-16 13:01:37,491][root][INFO] - Backward constraint evaluation time for node 25: 0.7747 seconds
[2026-07-16 13:01:38,316][root][INFO] - Cost-to-go evaluation time for node 25: 0.8233 seconds
[2026-07-16 13:01:39,096][root][INFO] - Backward constraint evaluation time for node 25: 0.7725 seconds
[2026-07-16 13:01:39,917][root][INFO] - Cost-to-go evaluation time for node 25: 0.8196 seconds
[2026-07-16 13:01:40,697][root][INFO] - Backward constraint evaluation time for node 25: 0.7724 seconds
[2026-07-16 13:01:41,516][root][INFO] - Cost-to-go evaluation time for node 25: 0.8178 seconds
[2026-07-16 13:01:41,523][root][INFO] - Solver iteration: 0
[2026-07-16 13:01:41,523][root][INFO] - 	 *Phase: INITIAL
[2026-07-16 13:01:41,523][root][INFO] - 	 *lowest F value: -2.08058 | # live points: 1000
[2026-07-16 13:01:41,530][root][INFO] - Phase INITIAL is over.
[2026-07-16 13:01:42,317][root][INFO] - Backward constraint evaluation time for node 25: 0.7763 seconds
[2026-07-16 13:01:43,148][root][INFO] - Cost-to-go evaluation time for node 25: 0.8297 seconds
[2026-07-16 13:01:43,149][root][INFO] - [s] SQP feasible:  bwd-cls 100/100 (100%), bwd-CTG 100/100 (100%)
[2026-07-16 13:01:43,149][root][INFO] - [s] SQP converged: bwd-cls 100/100 (100%), bwd-CTG 100/100 (100%)
[2026-07-16 13:01:43,157][root][INFO] - Solver iteration: 1
[2026-07-16 13:01:43,157][root][INFO] - 	 *Phase: DETERMINISTIC
[2026-07-16 13:01:43,157][root][INFO] - 	 *lowest F value: -1.61014 | # live points: 1000 | # proposals: 100
[2026-07-16 13:01:43,157][root][INFO] - 	 *Fraction of live points in DS~nominal: 1.0000
[2026-07-16 13:01:43,157][root][INFO] - 	 *Evidence estimate: 0.00000
[2026-07-16 13:01:43,157][root][INFO] - Phase DETERMINISTIC is over.
[2026-07-16 13:01:43,157][root][INFO] - Phase NMVP_SEARCH is skipped.
[2026-07-16 13:01:43,947][root][INFO] - Backward constraint evaluation time for node 25: 0.7734 seconds
[2026-07-16 13:01:44,771][root][INFO] - Cost-to-go evaluation time for node 25: 0.8229 seconds
[2026-07-16 13:01:45,553][root][INFO] - Backward constraint evaluation time for node 25: 0.7743 seconds
[2026-07-16 13:01:46,376][root][INFO] - Cost-to-go evaluation time for node 25: 0.8217 seconds
[2026-07-16 13:01:47,156][root][INFO] - Backward constraint evaluation time for node 25: 0.7726 seconds
[2026-07-16 13:01:47,976][root][INFO] - Cost-to-go evaluation time for node 25: 0.8188 seconds
[2026-07-16 13:01:48,759][root][INFO] - Backward constraint evaluation time for node 25: 0.7751 seconds
[2026-07-16 13:01:49,577][root][INFO] - Cost-to-go evaluation time for node 25: 0.8166 seconds
[2026-07-16 13:01:50,360][root][INFO] - Backward constraint evaluation time for node 25: 0.7758 seconds
[2026-07-16 13:01:51,174][root][INFO] - Cost-to-go evaluation time for node 25: 0.8127 seconds
[2026-07-16 13:01:51,951][root][INFO] - Backward constraint evaluation time for node 25: 0.7692 seconds
[2026-07-16 13:01:52,767][root][INFO] - Cost-to-go evaluation time for node 25: 0.8153 seconds
[2026-07-16 13:01:53,548][root][INFO] - Backward constraint evaluation time for node 25: 0.7727 seconds
[2026-07-16 13:01:54,367][root][INFO] - Cost-to-go evaluation time for node 25: 0.8187 seconds
[2026-07-16 13:01:55,147][root][INFO] - Backward constraint evaluation time for node 25: 0.7723 seconds
[2026-07-16 13:01:55,969][root][INFO] - Cost-to-go evaluation time for node 25: 0.8205 seconds
[2026-07-16 13:01:56,751][root][INFO] - Backward constraint evaluation time for node 25: 0.7745 seconds
[2026-07-16 13:01:57,573][root][INFO] - Cost-to-go evaluation time for node 25: 0.8211 seconds
[2026-07-16 13:01:58,355][root][INFO] - Backward constraint evaluation time for node 25: 0.7740 seconds
[2026-07-16 13:01:59,180][root][INFO] - Cost-to-go evaluation time for node 25: 0.8241 seconds
[2026-07-16 13:01:59,181][root][INFO] - [s] SQP feasible:  bwd-cls 1000/1000 (100%), bwd-CTG 1000/1000 (100%)
[2026-07-16 13:01:59,181][root][INFO] - [s] SQP converged: bwd-cls 1000/1000 (100%), bwd-CTG 1000/1000 (100%)
[2026-07-16 13:01:59,186][root][INFO] - Solver iteration: 1
[2026-07-16 13:01:59,186][root][INFO] - 	 *Phase: TRANSITION
[2026-07-16 13:01:59,186][root][INFO] - 	 *lowest F value: 1.00000 | # live points: 1000
[2026-07-16 13:01:59,195][root][INFO] - Phase TRANSITION is over.
[2026-07-16 13:01:59,982][root][INFO] - Backward constraint evaluation time for node 25: 0.7740 seconds
[2026-07-16 13:02:00,803][root][INFO] - Cost-to-go evaluation time for node 25: 0.8202 seconds
[2026-07-16 13:02:00,804][root][INFO] - [s] SQP feasible:  bwd-cls 100/100 (100%), bwd-CTG 100/100 (100%)
[2026-07-16 13:02:00,804][root][INFO] - [s] SQP converged: bwd-cls 100/100 (100%), bwd-CTG 100/100 (100%)
[2026-07-16 13:02:00,809][root][INFO] - Solver iteration: 2
[2026-07-16 13:02:00,809][root][INFO] - 	 *Phase: PROBABILISTIC
[2026-07-16 13:02:00,809][root][INFO] - 	 *lowest F value: 1.00000 | # live points: 1000 | # proposals: 100
[2026-07-16 13:02:00,809][root][INFO] - 	 *Fraction of live points in DS~100.00%: 1.0000
[2026-07-16 13:02:00,809][root][INFO] - 	 *Evidence estimate: 2.30038
[2026-07-16 13:02:00,810][root][INFO] - Phase PROBABILISTIC is over.
[2026-07-16 13:02:00,920][root][INFO] - Design Space Characterization is done.
[2026-07-16 13:02:00,920][root][INFO] - Time taken to solve the problem: 39.17478680610657 seconds
[2026-07-16 13:02:00,933][root][INFO] - Node 25: bwd-cls — feasible 2200/2200 (100.0%), converged 2200/2200 (100.0%)
[2026-07-16 13:02:00,933][root][INFO] - Node 25: bwd-CTG — feasible 2200/2200 (100.0%), converged 2200/2200 (100.0%)
[2026-07-16 13:02:40,952][root][INFO] - training_performance (regressor): {'mse': Array(0.00016148, dtype=float64), 'standardised_mape': Array(0.0355335, dtype=float64)} | best_hyperparams={'hidden_size': [75, 75], 'activation_function': 'gelu', 'output_units': 1} | best_avg_val_loss=0.0003976
[2026-07-16 13:02:42,830][root][INFO] - training_performance: {'acc': 0.9670406732117812, 'tn': np.int64(1998), 'fp': np.int64(0), 'fn': np.int64(141), 'tp': np.int64(2139)}
[2026-07-16 13:02:43,540][root][INFO] - ------- Characterising node 24 according to precedence order -------
[2026-07-16 13:02:43,541][root][INFO] - Bounds: {'d1': {'d1': [np.float64(290.0), np.float64(302.0)]}, 'd2': {'d2': [np.float64(0.78), np.float64(0.97)]}, 'd3': {'d3': [np.float64(314.0), np.float64(332.0)]}, 'd4': {'d4': [np.float64(290.0), np.float64(302.0)]}, 'd5': {'d5': [np.float64(0.8), np.float64(0.95)]}}
[2026-07-16 13:02:43,541][root][INFO] - EXTENDED DS DIM.: 5
[2026-07-16 13:02:43,697][root][INFO] - Integration took 0.10508394241333008 seconds
[2026-07-16 13:02:46,235][root][INFO] - Backward constraint evaluation time for node 24: 2.1157 seconds
[2026-07-16 13:02:48,800][root][INFO] - Cost-to-go evaluation time for node 24: 2.2860 seconds
[2026-07-16 13:02:49,676][root][INFO] - Backward constraint evaluation time for node 24: 0.7796 seconds
[2026-07-16 13:02:50,496][root][INFO] - Cost-to-go evaluation time for node 24: 0.8189 seconds
[2026-07-16 13:02:51,275][root][INFO] - Backward constraint evaluation time for node 24: 0.7714 seconds
[2026-07-16 13:02:52,094][root][INFO] - Cost-to-go evaluation time for node 24: 0.8175 seconds
[2026-07-16 13:02:52,877][root][INFO] - Backward constraint evaluation time for node 24: 0.7749 seconds
[2026-07-16 13:02:53,698][root][INFO] - Cost-to-go evaluation time for node 24: 0.8199 seconds
[2026-07-16 13:02:54,480][root][INFO] - Backward constraint evaluation time for node 24: 0.7745 seconds
[2026-07-16 13:02:55,327][root][INFO] - Cost-to-go evaluation time for node 24: 0.8463 seconds
[2026-07-16 13:02:56,121][root][INFO] - Backward constraint evaluation time for node 24: 0.7858 seconds
[2026-07-16 13:02:56,937][root][INFO] - Cost-to-go evaluation time for node 24: 0.8152 seconds
[2026-07-16 13:02:57,715][root][INFO] - Backward constraint evaluation time for node 24: 0.7701 seconds
[2026-07-16 13:02:58,533][root][INFO] - Cost-to-go evaluation time for node 24: 0.8165 seconds
[2026-07-16 13:02:59,316][root][INFO] - Backward constraint evaluation time for node 24: 0.7756 seconds
[2026-07-16 13:03:00,134][root][INFO] - Cost-to-go evaluation time for node 24: 0.8172 seconds
[2026-07-16 13:03:00,917][root][INFO] - Backward constraint evaluation time for node 24: 0.7745 seconds
[2026-07-16 13:03:01,741][root][INFO] - Cost-to-go evaluation time for node 24: 0.8228 seconds
[2026-07-16 13:03:02,525][root][INFO] - Backward constraint evaluation time for node 24: 0.7767 seconds
[2026-07-16 13:03:03,344][root][INFO] - Cost-to-go evaluation time for node 24: 0.8176 seconds
[2026-07-16 13:03:03,351][root][INFO] - Solver iteration: 0
[2026-07-16 13:03:03,351][root][INFO] - 	 *Phase: INITIAL
[2026-07-16 13:03:03,352][root][INFO] - 	 *lowest F value: -2.08058 | # live points: 1000
[2026-07-16 13:03:03,359][root][INFO] - Phase INITIAL is over.
[2026-07-16 13:03:04,142][root][INFO] - Backward constraint evaluation time for node 24: 0.7721 seconds
[2026-07-16 13:03:04,960][root][INFO] - Cost-to-go evaluation time for node 24: 0.8162 seconds
[2026-07-16 13:03:04,960][root][INFO] - [s] SQP feasible:  bwd-cls 100/100 (100%), bwd-CTG 100/100 (100%)
[2026-07-16 13:03:04,960][root][INFO] - [s] SQP converged: bwd-cls 100/100 (100%), bwd-CTG 100/100 (100%)
[2026-07-16 13:03:04,969][root][INFO] - Solver iteration: 1
[2026-07-16 13:03:04,969][root][INFO] - 	 *Phase: DETERMINISTIC
[2026-07-16 13:03:04,969][root][INFO] - 	 *lowest F value: -1.61014 | # live points: 1000 | # proposals: 100
[2026-07-16 13:03:04,969][root][INFO] - 	 *Fraction of live points in DS~nominal: 1.0000
[2026-07-16 13:03:04,969][root][INFO] - 	 *Evidence estimate: 0.00000
[2026-07-16 13:03:04,969][root][INFO] - Phase DETERMINISTIC is over.
[2026-07-16 13:03:04,969][root][INFO] - Phase NMVP_SEARCH is skipped.
[2026-07-16 13:03:05,760][root][INFO] - Backward constraint evaluation time for node 24: 0.7754 seconds
[2026-07-16 13:03:06,581][root][INFO] - Cost-to-go evaluation time for node 24: 0.8196 seconds
[2026-07-16 13:03:07,364][root][INFO] - Backward constraint evaluation time for node 24: 0.7756 seconds
[2026-07-16 13:03:08,183][root][INFO] - Cost-to-go evaluation time for node 24: 0.8174 seconds
[2026-07-16 13:03:08,964][root][INFO] - Backward constraint evaluation time for node 24: 0.7731 seconds
[2026-07-16 13:03:09,781][root][INFO] - Cost-to-go evaluation time for node 24: 0.8167 seconds
[2026-07-16 13:03:10,568][root][INFO] - Backward constraint evaluation time for node 24: 0.7787 seconds
[2026-07-16 13:03:11,386][root][INFO] - Cost-to-go evaluation time for node 24: 0.8173 seconds
[2026-07-16 13:03:12,175][root][INFO] - Backward constraint evaluation time for node 24: 0.7813 seconds
[2026-07-16 13:03:12,994][root][INFO] - Cost-to-go evaluation time for node 24: 0.8185 seconds
[2026-07-16 13:03:13,776][root][INFO] - Backward constraint evaluation time for node 24: 0.7740 seconds
[2026-07-16 13:03:14,594][root][INFO] - Cost-to-go evaluation time for node 24: 0.8169 seconds
[2026-07-16 13:03:15,376][root][INFO] - Backward constraint evaluation time for node 24: 0.7733 seconds
[2026-07-16 13:03:16,193][root][INFO] - Cost-to-go evaluation time for node 24: 0.8169 seconds
[2026-07-16 13:03:16,976][root][INFO] - Backward constraint evaluation time for node 24: 0.7744 seconds
[2026-07-16 13:03:17,795][root][INFO] - Cost-to-go evaluation time for node 24: 0.8185 seconds
[2026-07-16 13:03:18,576][root][INFO] - Backward constraint evaluation time for node 24: 0.7735 seconds
[2026-07-16 13:03:19,391][root][INFO] - Cost-to-go evaluation time for node 24: 0.8140 seconds
[2026-07-16 13:03:20,179][root][INFO] - Backward constraint evaluation time for node 24: 0.7793 seconds
[2026-07-16 13:03:21,003][root][INFO] - Cost-to-go evaluation time for node 24: 0.8239 seconds
[2026-07-16 13:03:21,004][root][INFO] - [s] SQP feasible:  bwd-cls 1000/1000 (100%), bwd-CTG 1000/1000 (100%)
[2026-07-16 13:03:21,004][root][INFO] - [s] SQP converged: bwd-cls 1000/1000 (100%), bwd-CTG 1000/1000 (100%)
[2026-07-16 13:03:21,009][root][INFO] - Solver iteration: 1
[2026-07-16 13:03:21,009][root][INFO] - 	 *Phase: TRANSITION
[2026-07-16 13:03:21,010][root][INFO] - 	 *lowest F value: 1.00000 | # live points: 1000
[2026-07-16 13:03:21,018][root][INFO] - Phase TRANSITION is over.
[2026-07-16 13:03:21,807][root][INFO] - Backward constraint evaluation time for node 24: 0.7757 seconds
[2026-07-16 13:03:22,626][root][INFO] - Cost-to-go evaluation time for node 24: 0.8187 seconds
[2026-07-16 13:03:22,627][root][INFO] - [s] SQP feasible:  bwd-cls 100/100 (100%), bwd-CTG 100/100 (100%)
[2026-07-16 13:03:22,627][root][INFO] - [s] SQP converged: bwd-cls 100/100 (100%), bwd-CTG 100/100 (100%)
[2026-07-16 13:03:22,633][root][INFO] - Solver iteration: 2
[2026-07-16 13:03:22,633][root][INFO] - 	 *Phase: PROBABILISTIC
[2026-07-16 13:03:22,633][root][INFO] - 	 *lowest F value: 1.00000 | # live points: 1000 | # proposals: 100
[2026-07-16 13:03:22,633][root][INFO] - 	 *Fraction of live points in DS~100.00%: 1.0000
[2026-07-16 13:03:22,633][root][INFO] - 	 *Evidence estimate: 2.30038
[2026-07-16 13:03:22,633][root][INFO] - Phase PROBABILISTIC is over.
[2026-07-16 13:03:22,741][root][INFO] - Design Space Characterization is done.
[2026-07-16 13:03:22,741][root][INFO] - Time taken to solve the problem: 39.1900577545166 seconds
[2026-07-16 13:03:22,753][root][INFO] - Node 24: bwd-cls — feasible 2200/2200 (100.0%), converged 2200/2200 (100.0%)
[2026-07-16 13:03:22,753][root][INFO] - Node 24: bwd-CTG — feasible 2200/2200 (100.0%), converged 2200/2200 (100.0%)
[2026-07-16 13:04:02,303][root][INFO] - training_performance (regressor): {'mse': Array(0.00016884, dtype=float64), 'standardised_mape': Array(0.05301959, dtype=float64)} | best_hyperparams={'hidden_size': [75, 75], 'activation_function': 'gelu', 'output_units': 1} | best_avg_val_loss=0.0004223
[2026-07-16 13:04:04,215][root][INFO] - training_performance: {'acc': 0.9670406732117812, 'tn': np.int64(1998), 'fp': np.int64(0), 'fn': np.int64(141), 'tp': np.int64(2139)}
[2026-07-16 13:04:04,904][root][INFO] - ------- Characterising node 23 according to precedence order -------
[2026-07-16 13:04:04,905][root][INFO] - Bounds: {'d1': {'d1': [np.float64(290.0), np.float64(302.0)]}, 'd2': {'d2': [np.float64(0.78), np.float64(0.97)]}, 'd3': {'d3': [np.float64(314.0), np.float64(332.0)]}, 'd4': {'d4': [np.float64(290.0), np.float64(302.0)]}, 'd5': {'d5': [np.float64(0.8), np.float64(0.95)]}}
[2026-07-16 13:04:04,906][root][INFO] - EXTENDED DS DIM.: 5
[2026-07-16 13:04:05,060][root][INFO] - Integration took 0.10391592979431152 seconds
[2026-07-16 13:04:07,595][root][INFO] - Backward constraint evaluation time for node 23: 2.1128 seconds
[2026-07-16 13:04:10,171][root][INFO] - Cost-to-go evaluation time for node 23: 2.3032 seconds
[2026-07-16 13:04:11,039][root][INFO] - Backward constraint evaluation time for node 23: 0.7756 seconds
[2026-07-16 13:04:11,861][root][INFO] - Cost-to-go evaluation time for node 23: 0.8213 seconds
[2026-07-16 13:04:12,644][root][INFO] - Backward constraint evaluation time for node 23: 0.7745 seconds
[2026-07-16 13:04:13,463][root][INFO] - Cost-to-go evaluation time for node 23: 0.8179 seconds
[2026-07-16 13:04:14,244][root][INFO] - Backward constraint evaluation time for node 23: 0.7740 seconds
[2026-07-16 13:04:15,062][root][INFO] - Cost-to-go evaluation time for node 23: 0.8171 seconds
[2026-07-16 13:04:15,844][root][INFO] - Backward constraint evaluation time for node 23: 0.7737 seconds
[2026-07-16 13:04:16,663][root][INFO] - Cost-to-go evaluation time for node 23: 0.8182 seconds
[2026-07-16 13:04:17,444][root][INFO] - Backward constraint evaluation time for node 23: 0.7733 seconds
[2026-07-16 13:04:18,262][root][INFO] - Cost-to-go evaluation time for node 23: 0.8163 seconds
[2026-07-16 13:04:19,041][root][INFO] - Backward constraint evaluation time for node 23: 0.7716 seconds
[2026-07-16 13:04:19,860][root][INFO] - Cost-to-go evaluation time for node 23: 0.8185 seconds
[2026-07-16 13:04:20,640][root][INFO] - Backward constraint evaluation time for node 23: 0.7717 seconds
[2026-07-16 13:04:21,464][root][INFO] - Cost-to-go evaluation time for node 23: 0.8234 seconds
[2026-07-16 13:04:22,247][root][INFO] - Backward constraint evaluation time for node 23: 0.7744 seconds
[2026-07-16 13:04:23,072][root][INFO] - Cost-to-go evaluation time for node 23: 0.8242 seconds
[2026-07-16 13:04:23,853][root][INFO] - Backward constraint evaluation time for node 23: 0.7724 seconds
[2026-07-16 13:04:24,674][root][INFO] - Cost-to-go evaluation time for node 23: 0.8204 seconds
[2026-07-16 13:04:24,682][root][INFO] - Solver iteration: 0
[2026-07-16 13:04:24,682][root][INFO] - 	 *Phase: INITIAL
[2026-07-16 13:04:24,682][root][INFO] - 	 *lowest F value: -2.08058 | # live points: 1000
[2026-07-16 13:04:24,689][root][INFO] - Phase INITIAL is over.
[2026-07-16 13:04:25,474][root][INFO] - Backward constraint evaluation time for node 23: 0.7741 seconds
[2026-07-16 13:04:26,294][root][INFO] - Cost-to-go evaluation time for node 23: 0.8186 seconds
[2026-07-16 13:04:26,295][root][INFO] - [s] SQP feasible:  bwd-cls 100/100 (100%), bwd-CTG 100/100 (100%)
[2026-07-16 13:04:26,295][root][INFO] - [s] SQP converged: bwd-cls 100/100 (100%), bwd-CTG 100/100 (100%)
[2026-07-16 13:04:26,303][root][INFO] - Solver iteration: 1
[2026-07-16 13:04:26,303][root][INFO] - 	 *Phase: DETERMINISTIC
[2026-07-16 13:04:26,303][root][INFO] - 	 *lowest F value: -1.61014 | # live points: 1000 | # proposals: 100
[2026-07-16 13:04:26,303][root][INFO] - 	 *Fraction of live points in DS~nominal: 1.0000
[2026-07-16 13:04:26,303][root][INFO] - 	 *Evidence estimate: 0.00000
[2026-07-16 13:04:26,303][root][INFO] - Phase DETERMINISTIC is over.
[2026-07-16 13:04:26,303][root][INFO] - Phase NMVP_SEARCH is skipped.
[2026-07-16 13:04:27,093][root][INFO] - Backward constraint evaluation time for node 23: 0.7736 seconds
[2026-07-16 13:04:27,914][root][INFO] - Cost-to-go evaluation time for node 23: 0.8204 seconds
[2026-07-16 13:04:28,698][root][INFO] - Backward constraint evaluation time for node 23: 0.7756 seconds
[2026-07-16 13:04:29,518][root][INFO] - Cost-to-go evaluation time for node 23: 0.8193 seconds
[2026-07-16 13:04:30,302][root][INFO] - Backward constraint evaluation time for node 23: 0.7763 seconds
[2026-07-16 13:04:31,125][root][INFO] - Cost-to-go evaluation time for node 23: 0.8223 seconds
[2026-07-16 13:04:31,906][root][INFO] - Backward constraint evaluation time for node 23: 0.7727 seconds
[2026-07-16 13:04:32,728][root][INFO] - Cost-to-go evaluation time for node 23: 0.8210 seconds
[2026-07-16 13:04:33,509][root][INFO] - Backward constraint evaluation time for node 23: 0.7733 seconds
[2026-07-16 13:04:34,329][root][INFO] - Cost-to-go evaluation time for node 23: 0.8190 seconds
[2026-07-16 13:04:35,110][root][INFO] - Backward constraint evaluation time for node 23: 0.7729 seconds
[2026-07-16 13:04:35,932][root][INFO] - Cost-to-go evaluation time for node 23: 0.8207 seconds
[2026-07-16 13:04:36,714][root][INFO] - Backward constraint evaluation time for node 23: 0.7748 seconds
[2026-07-16 13:04:37,536][root][INFO] - Cost-to-go evaluation time for node 23: 0.8206 seconds
[2026-07-16 13:04:38,317][root][INFO] - Backward constraint evaluation time for node 23: 0.7733 seconds
[2026-07-16 13:04:39,136][root][INFO] - Cost-to-go evaluation time for node 23: 0.8182 seconds
[2026-07-16 13:04:39,916][root][INFO] - Backward constraint evaluation time for node 23: 0.7716 seconds
[2026-07-16 13:04:40,736][root][INFO] - Cost-to-go evaluation time for node 23: 0.8189 seconds
[2026-07-16 13:04:41,517][root][INFO] - Backward constraint evaluation time for node 23: 0.7736 seconds
[2026-07-16 13:04:42,343][root][INFO] - Cost-to-go evaluation time for node 23: 0.8247 seconds
[2026-07-16 13:04:42,343][root][INFO] - [s] SQP feasible:  bwd-cls 1000/1000 (100%), bwd-CTG 1000/1000 (100%)
[2026-07-16 13:04:42,343][root][INFO] - [s] SQP converged: bwd-cls 1000/1000 (100%), bwd-CTG 1000/1000 (100%)
[2026-07-16 13:04:42,349][root][INFO] - Solver iteration: 1
[2026-07-16 13:04:42,349][root][INFO] - 	 *Phase: TRANSITION
[2026-07-16 13:04:42,349][root][INFO] - 	 *lowest F value: 1.00000 | # live points: 1000
[2026-07-16 13:04:42,358][root][INFO] - Phase TRANSITION is over.
[2026-07-16 13:04:43,145][root][INFO] - Backward constraint evaluation time for node 23: 0.7742 seconds
[2026-07-16 13:04:43,966][root][INFO] - Cost-to-go evaluation time for node 23: 0.8201 seconds
[2026-07-16 13:04:43,967][root][INFO] - [s] SQP feasible:  bwd-cls 100/100 (100%), bwd-CTG 100/100 (100%)
[2026-07-16 13:04:43,967][root][INFO] - [s] SQP converged: bwd-cls 100/100 (100%), bwd-CTG 100/100 (100%)
[2026-07-16 13:04:43,973][root][INFO] - Solver iteration: 2
[2026-07-16 13:04:43,973][root][INFO] - 	 *Phase: PROBABILISTIC
[2026-07-16 13:04:43,973][root][INFO] - 	 *lowest F value: 1.00000 | # live points: 1000 | # proposals: 100
[2026-07-16 13:04:43,973][root][INFO] - 	 *Fraction of live points in DS~100.00%: 1.0000
[2026-07-16 13:04:43,973][root][INFO] - 	 *Evidence estimate: 2.30038
[2026-07-16 13:04:43,973][root][INFO] - Phase PROBABILISTIC is over.
[2026-07-16 13:04:44,084][root][INFO] - Design Space Characterization is done.
[2026-07-16 13:04:44,084][root][INFO] - Time taken to solve the problem: 39.168334007263184 seconds
[2026-07-16 13:04:44,097][root][INFO] - Node 23: bwd-cls — feasible 2200/2200 (100.0%), converged 2200/2200 (100.0%)
[2026-07-16 13:04:44,097][root][INFO] - Node 23: bwd-CTG — feasible 2200/2200 (100.0%), converged 2200/2200 (100.0%)
[2026-07-16 13:05:24,984][root][INFO] - training_performance (regressor): {'mse': Array(0.00016277, dtype=float64), 'standardised_mape': Array(0.05135215, dtype=float64)} | best_hyperparams={'hidden_size': [75, 75], 'activation_function': 'gelu', 'output_units': 1} | best_avg_val_loss=0.0004181
[2026-07-16 13:05:26,898][root][INFO] - training_performance: {'acc': 0.9670406732117812, 'tn': np.int64(1998), 'fp': np.int64(0), 'fn': np.int64(141), 'tp': np.int64(2139)}
[2026-07-16 13:05:27,623][root][INFO] - ------- Characterising node 22 according to precedence order -------
[2026-07-16 13:05:27,625][root][INFO] - Bounds: {'d1': {'d1': [np.float64(290.0), np.float64(302.0)]}, 'd2': {'d2': [np.float64(0.78), np.float64(0.97)]}, 'd3': {'d3': [np.float64(314.0), np.float64(332.0)]}, 'd4': {'d4': [np.float64(290.0), np.float64(302.0)]}, 'd5': {'d5': [np.float64(0.8), np.float64(0.95)]}}
[2026-07-16 13:05:27,625][root][INFO] - EXTENDED DS DIM.: 5
[2026-07-16 13:05:27,781][root][INFO] - Integration took 0.10394906997680664 seconds
[2026-07-16 13:05:30,311][root][INFO] - Backward constraint evaluation time for node 22: 2.1060 seconds
[2026-07-16 13:05:32,886][root][INFO] - Cost-to-go evaluation time for node 22: 2.3002 seconds
[2026-07-16 13:05:33,753][root][INFO] - Backward constraint evaluation time for node 22: 0.7744 seconds
[2026-07-16 13:05:34,573][root][INFO] - Cost-to-go evaluation time for node 22: 0.8191 seconds
[2026-07-16 13:05:35,355][root][INFO] - Backward constraint evaluation time for node 22: 0.7743 seconds
[2026-07-16 13:05:36,175][root][INFO] - Cost-to-go evaluation time for node 22: 0.8187 seconds
[2026-07-16 13:05:36,957][root][INFO] - Backward constraint evaluation time for node 22: 0.7744 seconds
[2026-07-16 13:05:37,779][root][INFO] - Cost-to-go evaluation time for node 22: 0.8201 seconds
[2026-07-16 13:05:38,560][root][INFO] - Backward constraint evaluation time for node 22: 0.7740 seconds
[2026-07-16 13:05:39,380][root][INFO] - Cost-to-go evaluation time for node 22: 0.8185 seconds
[2026-07-16 13:05:40,161][root][INFO] - Backward constraint evaluation time for node 22: 0.7732 seconds
[2026-07-16 13:05:40,981][root][INFO] - Cost-to-go evaluation time for node 22: 0.8189 seconds
[2026-07-16 13:05:41,760][root][INFO] - Backward constraint evaluation time for node 22: 0.7718 seconds
[2026-07-16 13:05:42,580][root][INFO] - Cost-to-go evaluation time for node 22: 0.8187 seconds
[2026-07-16 13:05:43,371][root][INFO] - Backward constraint evaluation time for node 22: 0.7836 seconds
[2026-07-16 13:05:44,190][root][INFO] - Cost-to-go evaluation time for node 22: 0.8180 seconds
[2026-07-16 13:05:44,970][root][INFO] - Backward constraint evaluation time for node 22: 0.7724 seconds
[2026-07-16 13:05:45,794][root][INFO] - Cost-to-go evaluation time for node 22: 0.8223 seconds
[2026-07-16 13:05:46,575][root][INFO] - Backward constraint evaluation time for node 22: 0.7733 seconds
[2026-07-16 13:05:47,395][root][INFO] - Cost-to-go evaluation time for node 22: 0.8190 seconds
[2026-07-16 13:05:47,402][root][INFO] - Solver iteration: 0
[2026-07-16 13:05:47,402][root][INFO] - 	 *Phase: INITIAL
[2026-07-16 13:05:47,403][root][INFO] - 	 *lowest F value: -2.08058 | # live points: 1000
[2026-07-16 13:05:47,409][root][INFO] - Phase INITIAL is over.
[2026-07-16 13:05:48,195][root][INFO] - Backward constraint evaluation time for node 22: 0.7736 seconds
[2026-07-16 13:05:49,016][root][INFO] - Cost-to-go evaluation time for node 22: 0.8202 seconds
[2026-07-16 13:05:49,017][root][INFO] - [s] SQP feasible:  bwd-cls 100/100 (100%), bwd-CTG 100/100 (100%)
[2026-07-16 13:05:49,017][root][INFO] - [s] SQP converged: bwd-cls 100/100 (100%), bwd-CTG 100/100 (100%)
[2026-07-16 13:05:49,025][root][INFO] - Solver iteration: 1
[2026-07-16 13:05:49,025][root][INFO] - 	 *Phase: DETERMINISTIC
[2026-07-16 13:05:49,025][root][INFO] - 	 *lowest F value: -1.61014 | # live points: 1000 | # proposals: 100
[2026-07-16 13:05:49,025][root][INFO] - 	 *Fraction of live points in DS~nominal: 1.0000
[2026-07-16 13:05:49,025][root][INFO] - 	 *Evidence estimate: 0.00000
[2026-07-16 13:05:49,026][root][INFO] - Phase DETERMINISTIC is over.
[2026-07-16 13:05:49,026][root][INFO] - Phase NMVP_SEARCH is skipped.
[2026-07-16 13:05:49,813][root][INFO] - Backward constraint evaluation time for node 22: 0.7722 seconds
[2026-07-16 13:05:50,632][root][INFO] - Cost-to-go evaluation time for node 22: 0.8180 seconds
[2026-07-16 13:05:51,415][root][INFO] - Backward constraint evaluation time for node 22: 0.7749 seconds
[2026-07-16 13:05:52,233][root][INFO] - Cost-to-go evaluation time for node 22: 0.8169 seconds
[2026-07-16 13:05:53,013][root][INFO] - Backward constraint evaluation time for node 22: 0.7723 seconds
[2026-07-16 13:05:53,833][root][INFO] - Cost-to-go evaluation time for node 22: 0.8194 seconds
[2026-07-16 13:05:54,615][root][INFO] - Backward constraint evaluation time for node 22: 0.7736 seconds
[2026-07-16 13:05:55,435][root][INFO] - Cost-to-go evaluation time for node 22: 0.8192 seconds
[2026-07-16 13:05:56,218][root][INFO] - Backward constraint evaluation time for node 22: 0.7752 seconds
[2026-07-16 13:05:57,036][root][INFO] - Cost-to-go evaluation time for node 22: 0.8171 seconds
[2026-07-16 13:05:57,818][root][INFO] - Backward constraint evaluation time for node 22: 0.7745 seconds
[2026-07-16 13:05:58,637][root][INFO] - Cost-to-go evaluation time for node 22: 0.8175 seconds
[2026-07-16 13:05:59,422][root][INFO] - Backward constraint evaluation time for node 22: 0.7773 seconds
[2026-07-16 13:06:00,242][root][INFO] - Cost-to-go evaluation time for node 22: 0.8188 seconds
[2026-07-16 13:06:01,024][root][INFO] - Backward constraint evaluation time for node 22: 0.7743 seconds
[2026-07-16 13:06:01,842][root][INFO] - Cost-to-go evaluation time for node 22: 0.8172 seconds
[2026-07-16 13:06:02,628][root][INFO] - Backward constraint evaluation time for node 22: 0.7779 seconds
[2026-07-16 13:06:03,448][root][INFO] - Cost-to-go evaluation time for node 22: 0.8191 seconds
[2026-07-16 13:06:04,232][root][INFO] - Backward constraint evaluation time for node 22: 0.7758 seconds
[2026-07-16 13:06:05,056][root][INFO] - Cost-to-go evaluation time for node 22: 0.8238 seconds
[2026-07-16 13:06:05,057][root][INFO] - [s] SQP feasible:  bwd-cls 1000/1000 (100%), bwd-CTG 1000/1000 (100%)
[2026-07-16 13:06:05,057][root][INFO] - [s] SQP converged: bwd-cls 1000/1000 (100%), bwd-CTG 1000/1000 (100%)
[2026-07-16 13:06:05,062][root][INFO] - Solver iteration: 1
[2026-07-16 13:06:05,062][root][INFO] - 	 *Phase: TRANSITION
[2026-07-16 13:06:05,062][root][INFO] - 	 *lowest F value: 1.00000 | # live points: 1000
[2026-07-16 13:06:05,071][root][INFO] - Phase TRANSITION is over.
[2026-07-16 13:06:05,861][root][INFO] - Backward constraint evaluation time for node 22: 0.7765 seconds
[2026-07-16 13:06:06,679][root][INFO] - Cost-to-go evaluation time for node 22: 0.8163 seconds
[2026-07-16 13:06:06,679][root][INFO] - [s] SQP feasible:  bwd-cls 100/100 (100%), bwd-CTG 100/100 (100%)
[2026-07-16 13:06:06,679][root][INFO] - [s] SQP converged: bwd-cls 100/100 (100%), bwd-CTG 100/100 (100%)
[2026-07-16 13:06:06,685][root][INFO] - Solver iteration: 2
[2026-07-16 13:06:06,685][root][INFO] - 	 *Phase: PROBABILISTIC
[2026-07-16 13:06:06,685][root][INFO] - 	 *lowest F value: 1.00000 | # live points: 1000 | # proposals: 100
[2026-07-16 13:06:06,685][root][INFO] - 	 *Fraction of live points in DS~100.00%: 1.0000
[2026-07-16 13:06:06,685][root][INFO] - 	 *Evidence estimate: 2.30038
[2026-07-16 13:06:06,685][root][INFO] - Phase PROBABILISTIC is over.
[2026-07-16 13:06:06,793][root][INFO] - Design Space Characterization is done.
[2026-07-16 13:06:06,793][root][INFO] - Time taken to solve the problem: 39.157723903656006 seconds
[2026-07-16 13:06:06,806][root][INFO] - Node 22: bwd-cls — feasible 2200/2200 (100.0%), converged 2200/2200 (100.0%)
[2026-07-16 13:06:06,806][root][INFO] - Node 22: bwd-CTG — feasible 2200/2200 (100.0%), converged 2200/2200 (100.0%)
[2026-07-16 13:06:48,471][root][INFO] - training_performance (regressor): {'mse': Array(0.0001718, dtype=float64), 'standardised_mape': Array(0.03800607, dtype=float64)} | best_hyperparams={'hidden_size': [75, 75], 'activation_function': 'gelu', 'output_units': 1} | best_avg_val_loss=0.0004305
[2026-07-16 13:06:50,338][root][INFO] - training_performance: {'acc': 0.9670406732117812, 'tn': np.int64(1998), 'fp': np.int64(0), 'fn': np.int64(141), 'tp': np.int64(2139)}
[2026-07-16 13:06:51,059][root][INFO] - ------- Characterising node 21 according to precedence order -------
[2026-07-16 13:06:51,060][root][INFO] - Bounds: {'d1': {'d1': [np.float64(290.0), np.float64(302.0)]}, 'd2': {'d2': [np.float64(0.78), np.float64(0.97)]}, 'd3': {'d3': [np.float64(314.0), np.float64(332.0)]}, 'd4': {'d4': [np.float64(290.0), np.float64(302.0)]}, 'd5': {'d5': [np.float64(0.8), np.float64(0.95)]}}
[2026-07-16 13:06:51,060][root][INFO] - EXTENDED DS DIM.: 5
[2026-07-16 13:06:51,215][root][INFO] - Integration took 0.104248046875 seconds
[2026-07-16 13:06:53,737][root][INFO] - Backward constraint evaluation time for node 21: 2.1003 seconds
[2026-07-16 13:06:56,299][root][INFO] - Cost-to-go evaluation time for node 21: 2.2816 seconds
[2026-07-16 13:06:57,170][root][INFO] - Backward constraint evaluation time for node 21: 0.7747 seconds
[2026-07-16 13:06:57,988][root][INFO] - Cost-to-go evaluation time for node 21: 0.8162 seconds
[2026-07-16 13:06:58,770][root][INFO] - Backward constraint evaluation time for node 21: 0.7748 seconds
[2026-07-16 13:06:59,587][root][INFO] - Cost-to-go evaluation time for node 21: 0.8158 seconds
[2026-07-16 13:07:00,370][root][INFO] - Backward constraint evaluation time for node 21: 0.7752 seconds
[2026-07-16 13:07:01,189][root][INFO] - Cost-to-go evaluation time for node 21: 0.8177 seconds
[2026-07-16 13:07:01,971][root][INFO] - Backward constraint evaluation time for node 21: 0.7740 seconds
[2026-07-16 13:07:02,793][root][INFO] - Cost-to-go evaluation time for node 21: 0.8214 seconds
[2026-07-16 13:07:03,577][root][INFO] - Backward constraint evaluation time for node 21: 0.7761 seconds
[2026-07-16 13:07:04,399][root][INFO] - Cost-to-go evaluation time for node 21: 0.8204 seconds
[2026-07-16 13:07:05,182][root][INFO] - Backward constraint evaluation time for node 21: 0.7754 seconds
[2026-07-16 13:07:06,004][root][INFO] - Cost-to-go evaluation time for node 21: 0.8213 seconds
[2026-07-16 13:07:06,785][root][INFO] - Backward constraint evaluation time for node 21: 0.7734 seconds
[2026-07-16 13:07:07,608][root][INFO] - Cost-to-go evaluation time for node 21: 0.8217 seconds
[2026-07-16 13:07:08,389][root][INFO] - Backward constraint evaluation time for node 21: 0.7731 seconds
[2026-07-16 13:07:09,209][root][INFO] - Cost-to-go evaluation time for node 21: 0.8192 seconds
[2026-07-16 13:07:09,993][root][INFO] - Backward constraint evaluation time for node 21: 0.7762 seconds
[2026-07-16 13:07:10,815][root][INFO] - Cost-to-go evaluation time for node 21: 0.8210 seconds
[2026-07-16 13:07:10,823][root][INFO] - Solver iteration: 0
[2026-07-16 13:07:10,823][root][INFO] - 	 *Phase: INITIAL
[2026-07-16 13:07:10,823][root][INFO] - 	 *lowest F value: -2.08058 | # live points: 1000
[2026-07-16 13:07:10,829][root][INFO] - Phase INITIAL is over.
[2026-07-16 13:07:11,616][root][INFO] - Backward constraint evaluation time for node 21: 0.7759 seconds
[2026-07-16 13:07:12,435][root][INFO] - Cost-to-go evaluation time for node 21: 0.8176 seconds
[2026-07-16 13:07:12,436][root][INFO] - [s] SQP feasible:  bwd-cls 100/100 (100%), bwd-CTG 100/100 (100%)
[2026-07-16 13:07:12,436][root][INFO] - [s] SQP converged: bwd-cls 100/100 (100%), bwd-CTG 100/100 (100%)
[2026-07-16 13:07:12,444][root][INFO] - Solver iteration: 1
[2026-07-16 13:07:12,444][root][INFO] - 	 *Phase: DETERMINISTIC
[2026-07-16 13:07:12,444][root][INFO] - 	 *lowest F value: -1.61014 | # live points: 1000 | # proposals: 100
[2026-07-16 13:07:12,444][root][INFO] - 	 *Fraction of live points in DS~nominal: 1.0000
[2026-07-16 13:07:12,444][root][INFO] - 	 *Evidence estimate: 0.00000
[2026-07-16 13:07:12,444][root][INFO] - Phase DETERMINISTIC is over.
[2026-07-16 13:07:12,444][root][INFO] - Phase NMVP_SEARCH is skipped.
[2026-07-16 13:07:13,230][root][INFO] - Backward constraint evaluation time for node 21: 0.7695 seconds
[2026-07-16 13:07:14,048][root][INFO] - Cost-to-go evaluation time for node 21: 0.8172 seconds
[2026-07-16 13:07:14,830][root][INFO] - Backward constraint evaluation time for node 21: 0.7745 seconds
[2026-07-16 13:07:15,649][root][INFO] - Cost-to-go evaluation time for node 21: 0.8174 seconds
[2026-07-16 13:07:16,433][root][INFO] - Backward constraint evaluation time for node 21: 0.7769 seconds
[2026-07-16 13:07:17,252][root][INFO] - Cost-to-go evaluation time for node 21: 0.8176 seconds
[2026-07-16 13:07:18,033][root][INFO] - Backward constraint evaluation time for node 21: 0.7738 seconds
[2026-07-16 13:07:18,852][root][INFO] - Cost-to-go evaluation time for node 21: 0.8177 seconds
[2026-07-16 13:07:19,633][root][INFO] - Backward constraint evaluation time for node 21: 0.7733 seconds
[2026-07-16 13:07:20,452][root][INFO] - Cost-to-go evaluation time for node 21: 0.8174 seconds
[2026-07-16 13:07:21,235][root][INFO] - Backward constraint evaluation time for node 21: 0.7761 seconds
[2026-07-16 13:07:22,054][root][INFO] - Cost-to-go evaluation time for node 21: 0.8172 seconds
[2026-07-16 13:07:22,835][root][INFO] - Backward constraint evaluation time for node 21: 0.7735 seconds
[2026-07-16 13:07:23,652][root][INFO] - Cost-to-go evaluation time for node 21: 0.8159 seconds
[2026-07-16 13:07:24,433][root][INFO] - Backward constraint evaluation time for node 21: 0.7734 seconds
[2026-07-16 13:07:25,252][root][INFO] - Cost-to-go evaluation time for node 21: 0.8178 seconds
[2026-07-16 13:07:26,034][root][INFO] - Backward constraint evaluation time for node 21: 0.7740 seconds
[2026-07-16 13:07:26,853][root][INFO] - Cost-to-go evaluation time for node 21: 0.8182 seconds
[2026-07-16 13:07:27,636][root][INFO] - Backward constraint evaluation time for node 21: 0.7749 seconds
[2026-07-16 13:07:28,458][root][INFO] - Cost-to-go evaluation time for node 21: 0.8212 seconds
[2026-07-16 13:07:28,459][root][INFO] - [s] SQP feasible:  bwd-cls 1000/1000 (100%), bwd-CTG 1000/1000 (100%)
[2026-07-16 13:07:28,459][root][INFO] - [s] SQP converged: bwd-cls 1000/1000 (100%), bwd-CTG 1000/1000 (100%)
[2026-07-16 13:07:28,464][root][INFO] - Solver iteration: 1
[2026-07-16 13:07:28,464][root][INFO] - 	 *Phase: TRANSITION
[2026-07-16 13:07:28,464][root][INFO] - 	 *lowest F value: 1.00000 | # live points: 1000
[2026-07-16 13:07:28,473][root][INFO] - Phase TRANSITION is over.
[2026-07-16 13:07:29,261][root][INFO] - Backward constraint evaluation time for node 21: 0.7755 seconds
[2026-07-16 13:07:30,079][root][INFO] - Cost-to-go evaluation time for node 21: 0.8170 seconds
[2026-07-16 13:07:30,080][root][INFO] - [s] SQP feasible:  bwd-cls 100/100 (100%), bwd-CTG 100/100 (100%)
[2026-07-16 13:07:30,080][root][INFO] - [s] SQP converged: bwd-cls 100/100 (100%), bwd-CTG 100/100 (100%)
[2026-07-16 13:07:30,085][root][INFO] - Solver iteration: 2
[2026-07-16 13:07:30,085][root][INFO] - 	 *Phase: PROBABILISTIC
[2026-07-16 13:07:30,085][root][INFO] - 	 *lowest F value: 1.00000 | # live points: 1000 | # proposals: 100
[2026-07-16 13:07:30,085][root][INFO] - 	 *Fraction of live points in DS~100.00%: 1.0000
[2026-07-16 13:07:30,085][root][INFO] - 	 *Evidence estimate: 2.30038
[2026-07-16 13:07:30,085][root][INFO] - Phase PROBABILISTIC is over.
[2026-07-16 13:07:30,193][root][INFO] - Design Space Characterization is done.
[2026-07-16 13:07:30,193][root][INFO] - Time taken to solve the problem: 39.12226319313049 seconds
[2026-07-16 13:07:30,206][root][INFO] - Node 21: bwd-cls — feasible 2200/2200 (100.0%), converged 2200/2200 (100.0%)
[2026-07-16 13:07:30,206][root][INFO] - Node 21: bwd-CTG — feasible 2200/2200 (100.0%), converged 2200/2200 (100.0%)
[2026-07-16 13:08:11,137][root][INFO] - training_performance (regressor): {'mse': Array(0.00014528, dtype=float64), 'standardised_mape': Array(0.05103565, dtype=float64)} | best_hyperparams={'hidden_size': [75, 75], 'activation_function': 'gelu', 'output_units': 1} | best_avg_val_loss=0.0003844
[2026-07-16 13:08:13,008][root][INFO] - training_performance: {'acc': 0.9670406732117812, 'tn': np.int64(1998), 'fp': np.int64(0), 'fn': np.int64(141), 'tp': np.int64(2139)}
[2026-07-16 13:08:13,732][root][INFO] - ------- Characterising node 20 according to precedence order -------
[2026-07-16 13:08:13,734][root][INFO] - Bounds: {'d1': {'d1': [np.float64(290.0), np.float64(302.0)]}, 'd2': {'d2': [np.float64(0.78), np.float64(0.97)]}, 'd3': {'d3': [np.float64(314.0), np.float64(332.0)]}, 'd4': {'d4': [np.float64(290.0), np.float64(302.0)]}, 'd5': {'d5': [np.float64(0.8), np.float64(0.95)]}}
[2026-07-16 13:08:13,734][root][INFO] - EXTENDED DS DIM.: 5
[2026-07-16 13:08:13,888][root][INFO] - Integration took 0.10304999351501465 seconds
[2026-07-16 13:08:16,407][root][INFO] - Backward constraint evaluation time for node 20: 2.0995 seconds
[2026-07-16 13:08:18,973][root][INFO] - Cost-to-go evaluation time for node 20: 2.2872 seconds
[2026-07-16 13:08:19,844][root][INFO] - Backward constraint evaluation time for node 20: 0.7738 seconds
[2026-07-16 13:08:20,664][root][INFO] - Cost-to-go evaluation time for node 20: 0.8192 seconds
[2026-07-16 13:08:21,446][root][INFO] - Backward constraint evaluation time for node 20: 0.7731 seconds
[2026-07-16 13:08:22,264][root][INFO] - Cost-to-go evaluation time for node 20: 0.8177 seconds
[2026-07-16 13:08:23,045][root][INFO] - Backward constraint evaluation time for node 20: 0.7733 seconds
[2026-07-16 13:08:23,863][root][INFO] - Cost-to-go evaluation time for node 20: 0.8168 seconds
[2026-07-16 13:08:24,646][root][INFO] - Backward constraint evaluation time for node 20: 0.7760 seconds
[2026-07-16 13:08:25,464][root][INFO] - Cost-to-go evaluation time for node 20: 0.8170 seconds
[2026-07-16 13:08:26,247][root][INFO] - Backward constraint evaluation time for node 20: 0.7748 seconds
[2026-07-16 13:08:27,066][root][INFO] - Cost-to-go evaluation time for node 20: 0.8183 seconds
[2026-07-16 13:08:27,848][root][INFO] - Backward constraint evaluation time for node 20: 0.7736 seconds
[2026-07-16 13:08:28,666][root][INFO] - Cost-to-go evaluation time for node 20: 0.8180 seconds
[2026-07-16 13:08:29,449][root][INFO] - Backward constraint evaluation time for node 20: 0.7749 seconds
[2026-07-16 13:08:30,269][root][INFO] - Cost-to-go evaluation time for node 20: 0.8186 seconds
[2026-07-16 13:08:31,055][root][INFO] - Backward constraint evaluation time for node 20: 0.7788 seconds
[2026-07-16 13:08:31,879][root][INFO] - Cost-to-go evaluation time for node 20: 0.8232 seconds
[2026-07-16 13:08:32,664][root][INFO] - Backward constraint evaluation time for node 20: 0.7765 seconds
[2026-07-16 13:08:33,485][root][INFO] - Cost-to-go evaluation time for node 20: 0.8207 seconds
[2026-07-16 13:08:33,493][root][INFO] - Solver iteration: 0
[2026-07-16 13:08:33,493][root][INFO] - 	 *Phase: INITIAL
[2026-07-16 13:08:33,493][root][INFO] - 	 *lowest F value: -2.08058 | # live points: 1000
[2026-07-16 13:08:33,501][root][INFO] - Phase INITIAL is over.
[2026-07-16 13:08:34,286][root][INFO] - Backward constraint evaluation time for node 20: 0.7748 seconds
[2026-07-16 13:08:35,106][root][INFO] - Cost-to-go evaluation time for node 20: 0.8184 seconds
[2026-07-16 13:08:35,106][root][INFO] - [s] SQP feasible:  bwd-cls 100/100 (100%), bwd-CTG 100/100 (100%)
[2026-07-16 13:08:35,107][root][INFO] - [s] SQP converged: bwd-cls 100/100 (100%), bwd-CTG 100/100 (100%)
[2026-07-16 13:08:35,116][root][INFO] - Solver iteration: 1
[2026-07-16 13:08:35,116][root][INFO] - 	 *Phase: DETERMINISTIC
[2026-07-16 13:08:35,116][root][INFO] - 	 *lowest F value: -1.61014 | # live points: 1000 | # proposals: 100
[2026-07-16 13:08:35,116][root][INFO] - 	 *Fraction of live points in DS~nominal: 1.0000
[2026-07-16 13:08:35,116][root][INFO] - 	 *Evidence estimate: 0.00000
[2026-07-16 13:08:35,116][root][INFO] - Phase DETERMINISTIC is over.
[2026-07-16 13:08:35,116][root][INFO] - Phase NMVP_SEARCH is skipped.
[2026-07-16 13:08:35,906][root][INFO] - Backward constraint evaluation time for node 20: 0.7731 seconds
[2026-07-16 13:08:36,728][root][INFO] - Cost-to-go evaluation time for node 20: 0.8212 seconds
[2026-07-16 13:08:37,512][root][INFO] - Backward constraint evaluation time for node 20: 0.7759 seconds
[2026-07-16 13:08:38,334][root][INFO] - Cost-to-go evaluation time for node 20: 0.8212 seconds
[2026-07-16 13:08:39,114][root][INFO] - Backward constraint evaluation time for node 20: 0.7722 seconds
[2026-07-16 13:08:39,932][root][INFO] - Cost-to-go evaluation time for node 20: 0.8173 seconds
[2026-07-16 13:08:40,713][root][INFO] - Backward constraint evaluation time for node 20: 0.7732 seconds
[2026-07-16 13:08:41,530][root][INFO] - Cost-to-go evaluation time for node 20: 0.8162 seconds
[2026-07-16 13:08:42,313][root][INFO] - Backward constraint evaluation time for node 20: 0.7745 seconds
[2026-07-16 13:08:43,130][root][INFO] - Cost-to-go evaluation time for node 20: 0.8166 seconds
[2026-07-16 13:08:43,921][root][INFO] - Backward constraint evaluation time for node 20: 0.7832 seconds
[2026-07-16 13:08:44,742][root][INFO] - Cost-to-go evaluation time for node 20: 0.8194 seconds
[2026-07-16 13:08:45,526][root][INFO] - Backward constraint evaluation time for node 20: 0.7764 seconds
[2026-07-16 13:08:46,343][root][INFO] - Cost-to-go evaluation time for node 20: 0.8161 seconds
[2026-07-16 13:08:47,123][root][INFO] - Backward constraint evaluation time for node 20: 0.7723 seconds
[2026-07-16 13:08:47,968][root][INFO] - Cost-to-go evaluation time for node 20: 0.8446 seconds
[2026-07-16 13:08:48,778][root][INFO] - Backward constraint evaluation time for node 20: 0.8015 seconds
[2026-07-16 13:08:49,628][root][INFO] - Cost-to-go evaluation time for node 20: 0.8495 seconds
[2026-07-16 13:08:50,432][root][INFO] - Backward constraint evaluation time for node 20: 0.7959 seconds
[2026-07-16 13:08:51,286][root][INFO] - Cost-to-go evaluation time for node 20: 0.8526 seconds
[2026-07-16 13:08:51,287][root][INFO] - [s] SQP feasible:  bwd-cls 1000/1000 (100%), bwd-CTG 1000/1000 (100%)
[2026-07-16 13:08:51,287][root][INFO] - [s] SQP converged: bwd-cls 1000/1000 (100%), bwd-CTG 1000/1000 (100%)
[2026-07-16 13:08:51,292][root][INFO] - Solver iteration: 1
[2026-07-16 13:08:51,292][root][INFO] - 	 *Phase: TRANSITION
[2026-07-16 13:08:51,292][root][INFO] - 	 *lowest F value: 1.00000 | # live points: 1000
[2026-07-16 13:08:51,301][root][INFO] - Phase TRANSITION is over.
[2026-07-16 13:08:52,113][root][INFO] - Backward constraint evaluation time for node 20: 0.7989 seconds
[2026-07-16 13:08:52,959][root][INFO] - Cost-to-go evaluation time for node 20: 0.8451 seconds
[2026-07-16 13:08:52,960][root][INFO] - [s] SQP feasible:  bwd-cls 100/100 (100%), bwd-CTG 100/100 (100%)
[2026-07-16 13:08:52,960][root][INFO] - [s] SQP converged: bwd-cls 100/100 (100%), bwd-CTG 100/100 (100%)
[2026-07-16 13:08:52,966][root][INFO] - Solver iteration: 2
[2026-07-16 13:08:52,966][root][INFO] - 	 *Phase: PROBABILISTIC
[2026-07-16 13:08:52,966][root][INFO] - 	 *lowest F value: 1.00000 | # live points: 1000 | # proposals: 100
[2026-07-16 13:08:52,966][root][INFO] - 	 *Fraction of live points in DS~100.00%: 1.0000
[2026-07-16 13:08:52,966][root][INFO] - 	 *Evidence estimate: 2.30038
[2026-07-16 13:08:52,966][root][INFO] - Phase PROBABILISTIC is over.
[2026-07-16 13:08:53,062][root][INFO] - Design Space Characterization is done.
[2026-07-16 13:08:53,063][root][INFO] - Time taken to solve the problem: 39.318650245666504 seconds
[2026-07-16 13:08:53,069][root][INFO] - Node 20: bwd-cls — feasible 2200/2200 (100.0%), converged 2200/2200 (100.0%)
[2026-07-16 13:08:53,069][root][INFO] - Node 20: bwd-CTG — feasible 2200/2200 (100.0%), converged 2200/2200 (100.0%)
[2026-07-16 13:09:34,106][root][INFO] - training_performance (regressor): {'mse': Array(0.00017839, dtype=float64), 'standardised_mape': Array(0.04537065, dtype=float64)} | best_hyperparams={'hidden_size': [75, 75], 'activation_function': 'gelu', 'output_units': 1} | best_avg_val_loss=0.0004414
[2026-07-16 13:09:36,004][root][INFO] - training_performance: {'acc': 0.9670406732117812, 'tn': np.int64(1998), 'fp': np.int64(0), 'fn': np.int64(141), 'tp': np.int64(2139)}
[2026-07-16 13:09:36,736][root][INFO] - ------- Characterising node 19 according to precedence order -------
[2026-07-16 13:09:36,737][root][INFO] - Bounds: {'d1': {'d1': [np.float64(290.0), np.float64(302.0)]}, 'd2': {'d2': [np.float64(0.78), np.float64(0.97)]}, 'd3': {'d3': [np.float64(314.0), np.float64(332.0)]}, 'd4': {'d4': [np.float64(290.0), np.float64(302.0)]}, 'd5': {'d5': [np.float64(0.8), np.float64(0.95)]}}
[2026-07-16 13:09:36,737][root][INFO] - EXTENDED DS DIM.: 5
[2026-07-16 13:09:36,893][root][INFO] - Integration took 0.1035928726196289 seconds
[2026-07-16 13:09:39,427][root][INFO] - Backward constraint evaluation time for node 19: 2.1120 seconds
[2026-07-16 13:09:42,012][root][INFO] - Cost-to-go evaluation time for node 19: 2.3112 seconds
[2026-07-16 13:09:42,883][root][INFO] - Backward constraint evaluation time for node 19: 0.7779 seconds
[2026-07-16 13:09:43,704][root][INFO] - Cost-to-go evaluation time for node 19: 0.8198 seconds
[2026-07-16 13:09:44,483][root][INFO] - Backward constraint evaluation time for node 19: 0.7709 seconds
[2026-07-16 13:09:45,299][root][INFO] - Cost-to-go evaluation time for node 19: 0.8150 seconds
[2026-07-16 13:09:46,079][root][INFO] - Backward constraint evaluation time for node 19: 0.7726 seconds
[2026-07-16 13:09:46,899][root][INFO] - Cost-to-go evaluation time for node 19: 0.8189 seconds
[2026-07-16 13:09:47,677][root][INFO] - Backward constraint evaluation time for node 19: 0.7704 seconds
[2026-07-16 13:09:48,499][root][INFO] - Cost-to-go evaluation time for node 19: 0.8202 seconds
[2026-07-16 13:09:49,282][root][INFO] - Backward constraint evaluation time for node 19: 0.7753 seconds
[2026-07-16 13:09:50,101][root][INFO] - Cost-to-go evaluation time for node 19: 0.8182 seconds
[2026-07-16 13:09:50,883][root][INFO] - Backward constraint evaluation time for node 19: 0.7741 seconds
[2026-07-16 13:09:51,703][root][INFO] - Cost-to-go evaluation time for node 19: 0.8193 seconds
[2026-07-16 13:09:52,485][root][INFO] - Backward constraint evaluation time for node 19: 0.7742 seconds
[2026-07-16 13:09:53,307][root][INFO] - Cost-to-go evaluation time for node 19: 0.8207 seconds
[2026-07-16 13:09:54,088][root][INFO] - Backward constraint evaluation time for node 19: 0.7730 seconds
[2026-07-16 13:09:54,912][root][INFO] - Cost-to-go evaluation time for node 19: 0.8233 seconds
[2026-07-16 13:09:55,696][root][INFO] - Backward constraint evaluation time for node 19: 0.7761 seconds
[2026-07-16 13:09:56,513][root][INFO] - Cost-to-go evaluation time for node 19: 0.8162 seconds
[2026-07-16 13:09:56,521][root][INFO] - Solver iteration: 0
[2026-07-16 13:09:56,521][root][INFO] - 	 *Phase: INITIAL
[2026-07-16 13:09:56,521][root][INFO] - 	 *lowest F value: -2.08058 | # live points: 1000
[2026-07-16 13:09:56,527][root][INFO] - Phase INITIAL is over.
[2026-07-16 13:09:57,330][root][INFO] - Backward constraint evaluation time for node 19: 0.7911 seconds
[2026-07-16 13:09:58,153][root][INFO] - Cost-to-go evaluation time for node 19: 0.8226 seconds
[2026-07-16 13:09:58,154][root][INFO] - [s] SQP feasible:  bwd-cls 100/100 (100%), bwd-CTG 100/100 (100%)
[2026-07-16 13:09:58,154][root][INFO] - [s] SQP converged: bwd-cls 100/100 (100%), bwd-CTG 100/100 (100%)
[2026-07-16 13:09:58,162][root][INFO] - Solver iteration: 1
[2026-07-16 13:09:58,162][root][INFO] - 	 *Phase: DETERMINISTIC
[2026-07-16 13:09:58,162][root][INFO] - 	 *lowest F value: -1.61014 | # live points: 1000 | # proposals: 100
[2026-07-16 13:09:58,162][root][INFO] - 	 *Fraction of live points in DS~nominal: 1.0000
[2026-07-16 13:09:58,162][root][INFO] - 	 *Evidence estimate: 0.00000
[2026-07-16 13:09:58,162][root][INFO] - Phase DETERMINISTIC is over.
[2026-07-16 13:09:58,162][root][INFO] - Phase NMVP_SEARCH is skipped.
[2026-07-16 13:09:58,960][root][INFO] - Backward constraint evaluation time for node 19: 0.7764 seconds
[2026-07-16 13:09:59,778][root][INFO] - Cost-to-go evaluation time for node 19: 0.8164 seconds
[2026-07-16 13:10:00,559][root][INFO] - Backward constraint evaluation time for node 19: 0.7734 seconds
[2026-07-16 13:10:01,380][root][INFO] - Cost-to-go evaluation time for node 19: 0.8207 seconds
[2026-07-16 13:10:02,162][root][INFO] - Backward constraint evaluation time for node 19: 0.7738 seconds
[2026-07-16 13:10:02,984][root][INFO] - Cost-to-go evaluation time for node 19: 0.8211 seconds
[2026-07-16 13:10:03,766][root][INFO] - Backward constraint evaluation time for node 19: 0.7736 seconds
[2026-07-16 13:10:04,580][root][INFO] - Cost-to-go evaluation time for node 19: 0.8134 seconds
[2026-07-16 13:10:05,363][root][INFO] - Backward constraint evaluation time for node 19: 0.7754 seconds
[2026-07-16 13:10:06,181][root][INFO] - Cost-to-go evaluation time for node 19: 0.8162 seconds
[2026-07-16 13:10:06,963][root][INFO] - Backward constraint evaluation time for node 19: 0.7741 seconds
[2026-07-16 13:10:07,781][root][INFO] - Cost-to-go evaluation time for node 19: 0.8179 seconds
[2026-07-16 13:10:08,566][root][INFO] - Backward constraint evaluation time for node 19: 0.7768 seconds
[2026-07-16 13:10:09,383][root][INFO] - Cost-to-go evaluation time for node 19: 0.8163 seconds
[2026-07-16 13:10:10,163][root][INFO] - Backward constraint evaluation time for node 19: 0.7721 seconds
[2026-07-16 13:10:10,986][root][INFO] - Cost-to-go evaluation time for node 19: 0.8214 seconds
[2026-07-16 13:10:11,768][root][INFO] - Backward constraint evaluation time for node 19: 0.7744 seconds
[2026-07-16 13:10:12,584][root][INFO] - Cost-to-go evaluation time for node 19: 0.8156 seconds
[2026-07-16 13:10:13,366][root][INFO] - Backward constraint evaluation time for node 19: 0.7739 seconds
[2026-07-16 13:10:14,191][root][INFO] - Cost-to-go evaluation time for node 19: 0.8240 seconds
[2026-07-16 13:10:14,192][root][INFO] - [s] SQP feasible:  bwd-cls 1000/1000 (100%), bwd-CTG 1000/1000 (100%)
[2026-07-16 13:10:14,192][root][INFO] - [s] SQP converged: bwd-cls 1000/1000 (100%), bwd-CTG 1000/1000 (100%)
[2026-07-16 13:10:14,197][root][INFO] - Solver iteration: 1
[2026-07-16 13:10:14,197][root][INFO] - 	 *Phase: TRANSITION
[2026-07-16 13:10:14,197][root][INFO] - 	 *lowest F value: 1.00000 | # live points: 1000
[2026-07-16 13:10:14,206][root][INFO] - Phase TRANSITION is over.
[2026-07-16 13:10:14,993][root][INFO] - Backward constraint evaluation time for node 19: 0.7738 seconds
[2026-07-16 13:10:15,814][root][INFO] - Cost-to-go evaluation time for node 19: 0.8200 seconds
[2026-07-16 13:10:15,815][root][INFO] - [s] SQP feasible:  bwd-cls 100/100 (100%), bwd-CTG 100/100 (100%)
[2026-07-16 13:10:15,815][root][INFO] - [s] SQP converged: bwd-cls 100/100 (100%), bwd-CTG 100/100 (100%)
[2026-07-16 13:10:15,821][root][INFO] - Solver iteration: 2
[2026-07-16 13:10:15,821][root][INFO] - 	 *Phase: PROBABILISTIC
[2026-07-16 13:10:15,821][root][INFO] - 	 *lowest F value: 1.00000 | # live points: 1000 | # proposals: 100
[2026-07-16 13:10:15,821][root][INFO] - 	 *Fraction of live points in DS~100.00%: 1.0000
[2026-07-16 13:10:15,821][root][INFO] - 	 *Evidence estimate: 2.30038
[2026-07-16 13:10:15,821][root][INFO] - Phase PROBABILISTIC is over.
[2026-07-16 13:10:15,929][root][INFO] - Design Space Characterization is done.
[2026-07-16 13:10:15,929][root][INFO] - Time taken to solve the problem: 39.18101501464844 seconds
[2026-07-16 13:10:15,941][root][INFO] - Node 19: bwd-cls — feasible 2200/2200 (100.0%), converged 2200/2200 (100.0%)
[2026-07-16 13:10:15,941][root][INFO] - Node 19: bwd-CTG — feasible 2200/2200 (100.0%), converged 2200/2200 (100.0%)
[2026-07-16 13:10:55,852][root][INFO] - training_performance (regressor): {'mse': Array(0.00014553, dtype=float64), 'standardised_mape': Array(0.03337455, dtype=float64)} | best_hyperparams={'hidden_size': [75, 75], 'activation_function': 'gelu', 'output_units': 1} | best_avg_val_loss=0.00038
[2026-07-16 13:10:57,754][root][INFO] - training_performance: {'acc': 0.9670406732117812, 'tn': np.int64(1998), 'fp': np.int64(0), 'fn': np.int64(141), 'tp': np.int64(2139)}
[2026-07-16 13:10:58,500][root][INFO] - ------- Characterising node 18 according to precedence order -------
[2026-07-16 13:10:58,501][root][INFO] - Bounds: {'d1': {'d1': [np.float64(290.0), np.float64(302.0)]}, 'd2': {'d2': [np.float64(0.78), np.float64(0.97)]}, 'd3': {'d3': [np.float64(314.0), np.float64(332.0)]}, 'd4': {'d4': [np.float64(290.0), np.float64(302.0)]}, 'd5': {'d5': [np.float64(0.8), np.float64(0.95)]}}
[2026-07-16 13:10:58,502][root][INFO] - EXTENDED DS DIM.: 5
[2026-07-16 13:10:58,657][root][INFO] - Integration took 0.10461807250976562 seconds
[2026-07-16 13:11:01,184][root][INFO] - Backward constraint evaluation time for node 18: 2.1069 seconds
[2026-07-16 13:11:03,767][root][INFO] - Cost-to-go evaluation time for node 18: 2.3006 seconds
[2026-07-16 13:11:04,635][root][INFO] - Backward constraint evaluation time for node 18: 0.7707 seconds
[2026-07-16 13:11:05,458][root][INFO] - Cost-to-go evaluation time for node 18: 0.8222 seconds
[2026-07-16 13:11:06,240][root][INFO] - Backward constraint evaluation time for node 18: 0.7739 seconds
[2026-07-16 13:11:07,057][root][INFO] - Cost-to-go evaluation time for node 18: 0.8158 seconds
[2026-07-16 13:11:07,836][root][INFO] - Backward constraint evaluation time for node 18: 0.7707 seconds
[2026-07-16 13:11:08,655][root][INFO] - Cost-to-go evaluation time for node 18: 0.8177 seconds
[2026-07-16 13:11:09,436][root][INFO] - Backward constraint evaluation time for node 18: 0.7731 seconds
[2026-07-16 13:11:10,258][root][INFO] - Cost-to-go evaluation time for node 18: 0.8214 seconds
[2026-07-16 13:11:11,043][root][INFO] - Backward constraint evaluation time for node 18: 0.7777 seconds
[2026-07-16 13:11:11,865][root][INFO] - Cost-to-go evaluation time for node 18: 0.8208 seconds
[2026-07-16 13:11:12,647][root][INFO] - Backward constraint evaluation time for node 18: 0.7737 seconds
[2026-07-16 13:11:13,466][root][INFO] - Cost-to-go evaluation time for node 18: 0.8178 seconds
[2026-07-16 13:11:14,248][root][INFO] - Backward constraint evaluation time for node 18: 0.7741 seconds
[2026-07-16 13:11:15,065][root][INFO] - Cost-to-go evaluation time for node 18: 0.8169 seconds
[2026-07-16 13:11:15,849][root][INFO] - Backward constraint evaluation time for node 18: 0.7760 seconds
[2026-07-16 13:11:16,675][root][INFO] - Cost-to-go evaluation time for node 18: 0.8243 seconds
[2026-07-16 13:11:17,458][root][INFO] - Backward constraint evaluation time for node 18: 0.7758 seconds
[2026-07-16 13:11:18,287][root][INFO] - Cost-to-go evaluation time for node 18: 0.8279 seconds
[2026-07-16 13:11:18,294][root][INFO] - Solver iteration: 0
[2026-07-16 13:11:18,294][root][INFO] - 	 *Phase: INITIAL
[2026-07-16 13:11:18,294][root][INFO] - 	 *lowest F value: -2.08058 | # live points: 1000
[2026-07-16 13:11:18,303][root][INFO] - Phase INITIAL is over.
[2026-07-16 13:11:19,092][root][INFO] - Backward constraint evaluation time for node 18: 0.7776 seconds
[2026-07-16 13:11:19,913][root][INFO] - Cost-to-go evaluation time for node 18: 0.8203 seconds
[2026-07-16 13:11:19,914][root][INFO] - [s] SQP feasible:  bwd-cls 100/100 (100%), bwd-CTG 100/100 (100%)
[2026-07-16 13:11:19,914][root][INFO] - [s] SQP converged: bwd-cls 100/100 (100%), bwd-CTG 100/100 (100%)
[2026-07-16 13:11:19,922][root][INFO] - Solver iteration: 1
[2026-07-16 13:11:19,922][root][INFO] - 	 *Phase: DETERMINISTIC
[2026-07-16 13:11:19,923][root][INFO] - 	 *lowest F value: -1.61014 | # live points: 1000 | # proposals: 100
[2026-07-16 13:11:19,923][root][INFO] - 	 *Fraction of live points in DS~nominal: 1.0000
[2026-07-16 13:11:19,923][root][INFO] - 	 *Evidence estimate: 0.00000
[2026-07-16 13:11:19,923][root][INFO] - Phase DETERMINISTIC is over.
[2026-07-16 13:11:19,923][root][INFO] - Phase NMVP_SEARCH is skipped.
[2026-07-16 13:11:20,713][root][INFO] - Backward constraint evaluation time for node 18: 0.7739 seconds
[2026-07-16 13:11:21,532][root][INFO] - Cost-to-go evaluation time for node 18: 0.8176 seconds
[2026-07-16 13:11:22,315][root][INFO] - Backward constraint evaluation time for node 18: 0.7756 seconds
[2026-07-16 13:11:23,136][root][INFO] - Cost-to-go evaluation time for node 18: 0.8192 seconds
[2026-07-16 13:11:23,915][root][INFO] - Backward constraint evaluation time for node 18: 0.7719 seconds
[2026-07-16 13:11:24,733][root][INFO] - Cost-to-go evaluation time for node 18: 0.8168 seconds
[2026-07-16 13:11:25,513][root][INFO] - Backward constraint evaluation time for node 18: 0.7725 seconds
[2026-07-16 13:11:26,331][root][INFO] - Cost-to-go evaluation time for node 18: 0.8164 seconds
[2026-07-16 13:11:27,113][root][INFO] - Backward constraint evaluation time for node 18: 0.7739 seconds
[2026-07-16 13:11:27,930][root][INFO] - Cost-to-go evaluation time for node 18: 0.8166 seconds
[2026-07-16 13:11:28,709][root][INFO] - Backward constraint evaluation time for node 18: 0.7711 seconds
[2026-07-16 13:11:29,536][root][INFO] - Cost-to-go evaluation time for node 18: 0.8258 seconds
[2026-07-16 13:11:30,317][root][INFO] - Backward constraint evaluation time for node 18: 0.7733 seconds
[2026-07-16 13:11:31,136][root][INFO] - Cost-to-go evaluation time for node 18: 0.8182 seconds
[2026-07-16 13:11:31,917][root][INFO] - Backward constraint evaluation time for node 18: 0.7733 seconds
[2026-07-16 13:11:32,736][root][INFO] - Cost-to-go evaluation time for node 18: 0.8179 seconds
[2026-07-16 13:11:33,518][root][INFO] - Backward constraint evaluation time for node 18: 0.7742 seconds
[2026-07-16 13:11:34,335][root][INFO] - Cost-to-go evaluation time for node 18: 0.8164 seconds
[2026-07-16 13:11:35,114][root][INFO] - Backward constraint evaluation time for node 18: 0.7714 seconds
[2026-07-16 13:11:35,937][root][INFO] - Cost-to-go evaluation time for node 18: 0.8218 seconds
[2026-07-16 13:11:35,938][root][INFO] - [s] SQP feasible:  bwd-cls 1000/1000 (100%), bwd-CTG 1000/1000 (100%)
[2026-07-16 13:11:35,938][root][INFO] - [s] SQP converged: bwd-cls 1000/1000 (100%), bwd-CTG 1000/1000 (100%)
[2026-07-16 13:11:35,943][root][INFO] - Solver iteration: 1
[2026-07-16 13:11:35,943][root][INFO] - 	 *Phase: TRANSITION
[2026-07-16 13:11:35,943][root][INFO] - 	 *lowest F value: 1.00000 | # live points: 1000
[2026-07-16 13:11:35,952][root][INFO] - Phase TRANSITION is over.
[2026-07-16 13:11:36,737][root][INFO] - Backward constraint evaluation time for node 18: 0.7722 seconds
[2026-07-16 13:11:37,555][root][INFO] - Cost-to-go evaluation time for node 18: 0.8167 seconds
[2026-07-16 13:11:37,555][root][INFO] - [s] SQP feasible:  bwd-cls 100/100 (100%), bwd-CTG 100/100 (100%)
[2026-07-16 13:11:37,555][root][INFO] - [s] SQP converged: bwd-cls 100/100 (100%), bwd-CTG 100/100 (100%)
[2026-07-16 13:11:37,561][root][INFO] - Solver iteration: 2
[2026-07-16 13:11:37,561][root][INFO] - 	 *Phase: PROBABILISTIC
[2026-07-16 13:11:37,561][root][INFO] - 	 *lowest F value: 1.00000 | # live points: 1000 | # proposals: 100
[2026-07-16 13:11:37,561][root][INFO] - 	 *Fraction of live points in DS~100.00%: 1.0000
[2026-07-16 13:11:37,561][root][INFO] - 	 *Evidence estimate: 2.30038
[2026-07-16 13:11:37,561][root][INFO] - Phase PROBABILISTIC is over.
[2026-07-16 13:11:37,672][root][INFO] - Design Space Characterization is done.
[2026-07-16 13:11:37,673][root][INFO] - Time taken to solve the problem: 39.16111397743225 seconds
[2026-07-16 13:11:37,684][root][INFO] - Node 18: bwd-cls — feasible 2200/2200 (100.0%), converged 2200/2200 (100.0%)
[2026-07-16 13:11:37,684][root][INFO] - Node 18: bwd-CTG — feasible 2200/2200 (100.0%), converged 2200/2200 (100.0%)
[2026-07-16 13:12:17,722][root][INFO] - training_performance (regressor): {'mse': Array(0.0001772, dtype=float64), 'standardised_mape': Array(0.18764424, dtype=float64)} | best_hyperparams={'hidden_size': [75, 75], 'activation_function': 'gelu', 'output_units': 1} | best_avg_val_loss=0.0004251
[2026-07-16 13:12:19,644][root][INFO] - training_performance: {'acc': 0.9670406732117812, 'tn': np.int64(1998), 'fp': np.int64(0), 'fn': np.int64(141), 'tp': np.int64(2139)}
[2026-07-16 13:12:20,406][root][INFO] - ------- Characterising node 17 according to precedence order -------
[2026-07-16 13:12:20,407][root][INFO] - Bounds: {'d1': {'d1': [np.float64(290.0), np.float64(302.0)]}, 'd2': {'d2': [np.float64(0.78), np.float64(0.97)]}, 'd3': {'d3': [np.float64(314.0), np.float64(332.0)]}, 'd4': {'d4': [np.float64(290.0), np.float64(302.0)]}, 'd5': {'d5': [np.float64(0.8), np.float64(0.95)]}}
[2026-07-16 13:12:20,407][root][INFO] - EXTENDED DS DIM.: 5
[2026-07-16 13:12:20,570][root][INFO] - Integration took 0.11083507537841797 seconds
[2026-07-16 13:12:23,116][root][INFO] - Backward constraint evaluation time for node 17: 2.1166 seconds
[2026-07-16 13:12:25,686][root][INFO] - Cost-to-go evaluation time for node 17: 2.2918 seconds
[2026-07-16 13:12:26,556][root][INFO] - Backward constraint evaluation time for node 17: 0.7732 seconds
[2026-07-16 13:12:27,375][root][INFO] - Cost-to-go evaluation time for node 17: 0.8182 seconds
[2026-07-16 13:12:28,156][root][INFO] - Backward constraint evaluation time for node 17: 0.7732 seconds
[2026-07-16 13:12:28,975][root][INFO] - Cost-to-go evaluation time for node 17: 0.8177 seconds
[2026-07-16 13:12:29,755][root][INFO] - Backward constraint evaluation time for node 17: 0.7724 seconds
[2026-07-16 13:12:30,576][root][INFO] - Cost-to-go evaluation time for node 17: 0.8200 seconds
[2026-07-16 13:12:31,359][root][INFO] - Backward constraint evaluation time for node 17: 0.7752 seconds
[2026-07-16 13:12:32,178][root][INFO] - Cost-to-go evaluation time for node 17: 0.8183 seconds
[2026-07-16 13:12:32,961][root][INFO] - Backward constraint evaluation time for node 17: 0.7754 seconds
[2026-07-16 13:12:33,781][root][INFO] - Cost-to-go evaluation time for node 17: 0.8190 seconds
[2026-07-16 13:12:34,563][root][INFO] - Backward constraint evaluation time for node 17: 0.7734 seconds
[2026-07-16 13:12:35,384][root][INFO] - Cost-to-go evaluation time for node 17: 0.8205 seconds
[2026-07-16 13:12:36,162][root][INFO] - Backward constraint evaluation time for node 17: 0.7704 seconds
[2026-07-16 13:12:36,980][root][INFO] - Cost-to-go evaluation time for node 17: 0.8168 seconds
[2026-07-16 13:12:37,760][root][INFO] - Backward constraint evaluation time for node 17: 0.7726 seconds
[2026-07-16 13:12:38,578][root][INFO] - Cost-to-go evaluation time for node 17: 0.8170 seconds
[2026-07-16 13:12:39,361][root][INFO] - Backward constraint evaluation time for node 17: 0.7749 seconds
[2026-07-16 13:12:40,184][root][INFO] - Cost-to-go evaluation time for node 17: 0.8215 seconds
[2026-07-16 13:12:40,191][root][INFO] - Solver iteration: 0
[2026-07-16 13:12:40,191][root][INFO] - 	 *Phase: INITIAL
[2026-07-16 13:12:40,191][root][INFO] - 	 *lowest F value: -2.08058 | # live points: 1000
[2026-07-16 13:12:40,199][root][INFO] - Phase INITIAL is over.
[2026-07-16 13:12:40,985][root][INFO] - Backward constraint evaluation time for node 17: 0.7748 seconds
[2026-07-16 13:12:41,805][root][INFO] - Cost-to-go evaluation time for node 17: 0.8192 seconds
[2026-07-16 13:12:41,806][root][INFO] - [s] SQP feasible:  bwd-cls 100/100 (100%), bwd-CTG 100/100 (100%)
[2026-07-16 13:12:41,806][root][INFO] - [s] SQP converged: bwd-cls 100/100 (100%), bwd-CTG 100/100 (100%)
[2026-07-16 13:12:41,814][root][INFO] - Solver iteration: 1
[2026-07-16 13:12:41,814][root][INFO] - 	 *Phase: DETERMINISTIC
[2026-07-16 13:12:41,814][root][INFO] - 	 *lowest F value: -1.61014 | # live points: 1000 | # proposals: 100
[2026-07-16 13:12:41,814][root][INFO] - 	 *Fraction of live points in DS~nominal: 1.0000
[2026-07-16 13:12:41,814][root][INFO] - 	 *Evidence estimate: 0.00000
[2026-07-16 13:12:41,815][root][INFO] - Phase DETERMINISTIC is over.
[2026-07-16 13:12:41,815][root][INFO] - Phase NMVP_SEARCH is skipped.
[2026-07-16 13:12:42,604][root][INFO] - Backward constraint evaluation time for node 17: 0.7728 seconds
[2026-07-16 13:12:43,427][root][INFO] - Cost-to-go evaluation time for node 17: 0.8218 seconds
[2026-07-16 13:12:44,222][root][INFO] - Backward constraint evaluation time for node 17: 0.7868 seconds
[2026-07-16 13:12:45,055][root][INFO] - Cost-to-go evaluation time for node 17: 0.8319 seconds
[2026-07-16 13:12:45,839][root][INFO] - Backward constraint evaluation time for node 17: 0.7761 seconds
[2026-07-16 13:12:46,661][root][INFO] - Cost-to-go evaluation time for node 17: 0.8210 seconds
[2026-07-16 13:12:47,442][root][INFO] - Backward constraint evaluation time for node 17: 0.7735 seconds
[2026-07-16 13:12:48,262][root][INFO] - Cost-to-go evaluation time for node 17: 0.8190 seconds
[2026-07-16 13:12:49,045][root][INFO] - Backward constraint evaluation time for node 17: 0.7752 seconds
[2026-07-16 13:12:49,864][root][INFO] - Cost-to-go evaluation time for node 17: 0.8176 seconds
[2026-07-16 13:12:50,645][root][INFO] - Backward constraint evaluation time for node 17: 0.7736 seconds
[2026-07-16 13:12:51,463][root][INFO] - Cost-to-go evaluation time for node 17: 0.8167 seconds
[2026-07-16 13:12:52,244][root][INFO] - Backward constraint evaluation time for node 17: 0.7738 seconds
[2026-07-16 13:12:53,062][root][INFO] - Cost-to-go evaluation time for node 17: 0.8169 seconds
[2026-07-16 13:12:53,844][root][INFO] - Backward constraint evaluation time for node 17: 0.7745 seconds
[2026-07-16 13:12:54,664][root][INFO] - Cost-to-go evaluation time for node 17: 0.8190 seconds
[2026-07-16 13:12:55,448][root][INFO] - Backward constraint evaluation time for node 17: 0.7755 seconds
[2026-07-16 13:12:56,267][root][INFO] - Cost-to-go evaluation time for node 17: 0.8184 seconds
[2026-07-16 13:12:57,050][root][INFO] - Backward constraint evaluation time for node 17: 0.7740 seconds
[2026-07-16 13:12:57,873][root][INFO] - Cost-to-go evaluation time for node 17: 0.8222 seconds
[2026-07-16 13:12:57,874][root][INFO] - [s] SQP feasible:  bwd-cls 1000/1000 (100%), bwd-CTG 1000/1000 (100%)
[2026-07-16 13:12:57,874][root][INFO] - [s] SQP converged: bwd-cls 1000/1000 (100%), bwd-CTG 1000/1000 (100%)
[2026-07-16 13:12:57,880][root][INFO] - Solver iteration: 1
[2026-07-16 13:12:57,880][root][INFO] - 	 *Phase: TRANSITION
[2026-07-16 13:12:57,880][root][INFO] - 	 *lowest F value: 1.00000 | # live points: 1000
[2026-07-16 13:12:57,888][root][INFO] - Phase TRANSITION is over.
[2026-07-16 13:12:58,676][root][INFO] - Backward constraint evaluation time for node 17: 0.7750 seconds
[2026-07-16 13:12:59,494][root][INFO] - Cost-to-go evaluation time for node 17: 0.8171 seconds
[2026-07-16 13:12:59,495][root][INFO] - [s] SQP feasible:  bwd-cls 100/100 (100%), bwd-CTG 100/100 (100%)
[2026-07-16 13:12:59,495][root][INFO] - [s] SQP converged: bwd-cls 100/100 (100%), bwd-CTG 100/100 (100%)
[2026-07-16 13:12:59,501][root][INFO] - Solver iteration: 2
[2026-07-16 13:12:59,501][root][INFO] - 	 *Phase: PROBABILISTIC
[2026-07-16 13:12:59,501][root][INFO] - 	 *lowest F value: 1.00000 | # live points: 1000 | # proposals: 100
[2026-07-16 13:12:59,501][root][INFO] - 	 *Fraction of live points in DS~100.00%: 1.0000
[2026-07-16 13:12:59,501][root][INFO] - 	 *Evidence estimate: 2.30038
[2026-07-16 13:12:59,501][root][INFO] - Phase PROBABILISTIC is over.
[2026-07-16 13:12:59,612][root][INFO] - Design Space Characterization is done.
[2026-07-16 13:12:59,613][root][INFO] - Time taken to solve the problem: 39.19500803947449 seconds
[2026-07-16 13:12:59,625][root][INFO] - Node 17: bwd-cls — feasible 2200/2200 (100.0%), converged 2200/2200 (100.0%)
[2026-07-16 13:12:59,625][root][INFO] - Node 17: bwd-CTG — feasible 2200/2200 (100.0%), converged 2200/2200 (100.0%)
[2026-07-16 13:13:39,235][root][INFO] - training_performance (regressor): {'mse': Array(0.00015029, dtype=float64), 'standardised_mape': Array(0.0319426, dtype=float64)} | best_hyperparams={'hidden_size': [75, 75], 'activation_function': 'gelu', 'output_units': 1} | best_avg_val_loss=0.0003793
[2026-07-16 13:13:41,107][root][INFO] - training_performance: {'acc': 0.9670406732117812, 'tn': np.int64(1998), 'fp': np.int64(0), 'fn': np.int64(141), 'tp': np.int64(2139)}
[2026-07-16 13:13:41,849][root][INFO] - ------- Characterising node 16 according to precedence order -------
[2026-07-16 13:13:41,850][root][INFO] - Bounds: {'d1': {'d1': [np.float64(290.0), np.float64(302.0)]}, 'd2': {'d2': [np.float64(0.78), np.float64(0.97)]}, 'd3': {'d3': [np.float64(314.0), np.float64(332.0)]}, 'd4': {'d4': [np.float64(290.0), np.float64(302.0)]}, 'd5': {'d5': [np.float64(0.8), np.float64(0.95)]}}
[2026-07-16 13:13:41,850][root][INFO] - EXTENDED DS DIM.: 5
[2026-07-16 13:13:42,007][root][INFO] - Integration took 0.10373902320861816 seconds
[2026-07-16 13:13:44,564][root][INFO] - Backward constraint evaluation time for node 16: 2.1192 seconds
[2026-07-16 13:13:47,139][root][INFO] - Cost-to-go evaluation time for node 16: 2.2943 seconds
[2026-07-16 13:13:48,011][root][INFO] - Backward constraint evaluation time for node 16: 0.7744 seconds
[2026-07-16 13:13:48,827][root][INFO] - Cost-to-go evaluation time for node 16: 0.8154 seconds
[2026-07-16 13:13:49,610][root][INFO] - Backward constraint evaluation time for node 16: 0.7748 seconds
[2026-07-16 13:13:50,428][root][INFO] - Cost-to-go evaluation time for node 16: 0.8171 seconds
[2026-07-16 13:13:51,209][root][INFO] - Backward constraint evaluation time for node 16: 0.7738 seconds
[2026-07-16 13:13:52,024][root][INFO] - Cost-to-go evaluation time for node 16: 0.8142 seconds
[2026-07-16 13:13:52,806][root][INFO] - Backward constraint evaluation time for node 16: 0.7738 seconds
[2026-07-16 13:13:53,624][root][INFO] - Cost-to-go evaluation time for node 16: 0.8170 seconds
[2026-07-16 13:13:54,404][root][INFO] - Backward constraint evaluation time for node 16: 0.7720 seconds
[2026-07-16 13:13:55,221][root][INFO] - Cost-to-go evaluation time for node 16: 0.8156 seconds
[2026-07-16 13:13:56,001][root][INFO] - Backward constraint evaluation time for node 16: 0.7727 seconds
[2026-07-16 13:13:56,819][root][INFO] - Cost-to-go evaluation time for node 16: 0.8170 seconds
[2026-07-16 13:13:57,600][root][INFO] - Backward constraint evaluation time for node 16: 0.7731 seconds
[2026-07-16 13:13:58,417][root][INFO] - Cost-to-go evaluation time for node 16: 0.8162 seconds
[2026-07-16 13:13:59,222][root][INFO] - Backward constraint evaluation time for node 16: 0.7966 seconds
[2026-07-16 13:14:00,038][root][INFO] - Cost-to-go evaluation time for node 16: 0.8158 seconds
[2026-07-16 13:14:00,818][root][INFO] - Backward constraint evaluation time for node 16: 0.7714 seconds
[2026-07-16 13:14:01,634][root][INFO] - Cost-to-go evaluation time for node 16: 0.8153 seconds
[2026-07-16 13:14:01,642][root][INFO] - Solver iteration: 0
[2026-07-16 13:14:01,642][root][INFO] - 	 *Phase: INITIAL
[2026-07-16 13:14:01,642][root][INFO] - 	 *lowest F value: -2.08058 | # live points: 1000
[2026-07-16 13:14:01,648][root][INFO] - Phase INITIAL is over.
[2026-07-16 13:14:02,430][root][INFO] - Backward constraint evaluation time for node 16: 0.7709 seconds
[2026-07-16 13:14:03,255][root][INFO] - Cost-to-go evaluation time for node 16: 0.8238 seconds
[2026-07-16 13:14:03,256][root][INFO] - [s] SQP feasible:  bwd-cls 100/100 (100%), bwd-CTG 100/100 (100%)
[2026-07-16 13:14:03,256][root][INFO] - [s] SQP converged: bwd-cls 100/100 (100%), bwd-CTG 100/100 (100%)
[2026-07-16 13:14:03,264][root][INFO] - Solver iteration: 1
[2026-07-16 13:14:03,264][root][INFO] - 	 *Phase: DETERMINISTIC
[2026-07-16 13:14:03,264][root][INFO] - 	 *lowest F value: -1.61014 | # live points: 1000 | # proposals: 100
[2026-07-16 13:14:03,264][root][INFO] - 	 *Fraction of live points in DS~nominal: 1.0000
[2026-07-16 13:14:03,264][root][INFO] - 	 *Evidence estimate: 0.00000
[2026-07-16 13:14:03,264][root][INFO] - Phase DETERMINISTIC is over.
[2026-07-16 13:14:03,264][root][INFO] - Phase NMVP_SEARCH is skipped.
[2026-07-16 13:14:04,054][root][INFO] - Backward constraint evaluation time for node 16: 0.7730 seconds
[2026-07-16 13:14:04,874][root][INFO] - Cost-to-go evaluation time for node 16: 0.8190 seconds
[2026-07-16 13:14:05,655][root][INFO] - Backward constraint evaluation time for node 16: 0.7738 seconds
[2026-07-16 13:14:06,474][root][INFO] - Cost-to-go evaluation time for node 16: 0.8179 seconds
[2026-07-16 13:14:07,255][root][INFO] - Backward constraint evaluation time for node 16: 0.7726 seconds
[2026-07-16 13:14:08,074][root][INFO] - Cost-to-go evaluation time for node 16: 0.8177 seconds
[2026-07-16 13:14:08,853][root][INFO] - Backward constraint evaluation time for node 16: 0.7717 seconds
[2026-07-16 13:14:09,671][root][INFO] - Cost-to-go evaluation time for node 16: 0.8172 seconds
[2026-07-16 13:14:10,454][root][INFO] - Backward constraint evaluation time for node 16: 0.7750 seconds
[2026-07-16 13:14:11,278][root][INFO] - Cost-to-go evaluation time for node 16: 0.8230 seconds
[2026-07-16 13:14:12,061][root][INFO] - Backward constraint evaluation time for node 16: 0.7749 seconds
[2026-07-16 13:14:12,879][root][INFO] - Cost-to-go evaluation time for node 16: 0.8176 seconds
[2026-07-16 13:14:13,660][root][INFO] - Backward constraint evaluation time for node 16: 0.7729 seconds
[2026-07-16 13:14:14,478][root][INFO] - Cost-to-go evaluation time for node 16: 0.8170 seconds
[2026-07-16 13:14:15,259][root][INFO] - Backward constraint evaluation time for node 16: 0.7731 seconds
[2026-07-16 13:14:16,090][root][INFO] - Cost-to-go evaluation time for node 16: 0.8300 seconds
[2026-07-16 13:14:16,871][root][INFO] - Backward constraint evaluation time for node 16: 0.7736 seconds
[2026-07-16 13:14:17,690][root][INFO] - Cost-to-go evaluation time for node 16: 0.8178 seconds
[2026-07-16 13:14:18,471][root][INFO] - Backward constraint evaluation time for node 16: 0.7725 seconds
[2026-07-16 13:14:19,291][root][INFO] - Cost-to-go evaluation time for node 16: 0.8196 seconds
[2026-07-16 13:14:19,292][root][INFO] - [s] SQP feasible:  bwd-cls 1000/1000 (100%), bwd-CTG 1000/1000 (100%)
[2026-07-16 13:14:19,292][root][INFO] - [s] SQP converged: bwd-cls 1000/1000 (100%), bwd-CTG 1000/1000 (100%)
[2026-07-16 13:14:19,297][root][INFO] - Solver iteration: 1
[2026-07-16 13:14:19,298][root][INFO] - 	 *Phase: TRANSITION
[2026-07-16 13:14:19,298][root][INFO] - 	 *lowest F value: 1.00000 | # live points: 1000
[2026-07-16 13:14:19,306][root][INFO] - Phase TRANSITION is over.
[2026-07-16 13:14:20,093][root][INFO] - Backward constraint evaluation time for node 16: 0.7740 seconds
[2026-07-16 13:14:20,911][root][INFO] - Cost-to-go evaluation time for node 16: 0.8172 seconds
[2026-07-16 13:14:20,912][root][INFO] - [s] SQP feasible:  bwd-cls 100/100 (100%), bwd-CTG 100/100 (100%)
[2026-07-16 13:14:20,912][root][INFO] - [s] SQP converged: bwd-cls 100/100 (100%), bwd-CTG 100/100 (100%)
[2026-07-16 13:14:20,918][root][INFO] - Solver iteration: 2
[2026-07-16 13:14:20,918][root][INFO] - 	 *Phase: PROBABILISTIC
[2026-07-16 13:14:20,918][root][INFO] - 	 *lowest F value: 1.00000 | # live points: 1000 | # proposals: 100
[2026-07-16 13:14:20,918][root][INFO] - 	 *Fraction of live points in DS~100.00%: 1.0000
[2026-07-16 13:14:20,918][root][INFO] - 	 *Evidence estimate: 2.30038
[2026-07-16 13:14:20,918][root][INFO] - Phase PROBABILISTIC is over.
[2026-07-16 13:14:21,025][root][INFO] - Design Space Characterization is done.
[2026-07-16 13:14:21,025][root][INFO] - Time taken to solve the problem: 39.16338610649109 seconds
[2026-07-16 13:14:21,043][root][INFO] - Node 16: bwd-cls — feasible 2200/2200 (100.0%), converged 2200/2200 (100.0%)
[2026-07-16 13:14:21,043][root][INFO] - Node 16: bwd-CTG — feasible 2200/2200 (100.0%), converged 2200/2200 (100.0%)
[2026-07-16 13:15:01,110][root][INFO] - training_performance (regressor): {'mse': Array(0.00017232, dtype=float64), 'standardised_mape': Array(0.04116867, dtype=float64)} | best_hyperparams={'hidden_size': [75, 75], 'activation_function': 'gelu', 'output_units': 1} | best_avg_val_loss=0.000402
[2026-07-16 13:15:03,049][root][INFO] - training_performance: {'acc': 0.9670406732117812, 'tn': np.int64(1998), 'fp': np.int64(0), 'fn': np.int64(141), 'tp': np.int64(2139)}
[2026-07-16 13:15:03,777][root][INFO] - ------- Characterising node 15 according to precedence order -------
[2026-07-16 13:15:03,778][root][INFO] - Bounds: {'d1': {'d1': [np.float64(290.0), np.float64(302.0)]}, 'd2': {'d2': [np.float64(0.78), np.float64(0.97)]}, 'd3': {'d3': [np.float64(314.0), np.float64(332.0)]}, 'd4': {'d4': [np.float64(290.0), np.float64(302.0)]}, 'd5': {'d5': [np.float64(0.8), np.float64(0.95)]}}
[2026-07-16 13:15:03,778][root][INFO] - EXTENDED DS DIM.: 5
[2026-07-16 13:15:03,931][root][INFO] - Integration took 0.10255098342895508 seconds
[2026-07-16 13:15:06,462][root][INFO] - Backward constraint evaluation time for node 15: 2.1134 seconds
[2026-07-16 13:15:09,085][root][INFO] - Cost-to-go evaluation time for node 15: 2.3459 seconds
[2026-07-16 13:15:09,950][root][INFO] - Backward constraint evaluation time for node 15: 0.7741 seconds
[2026-07-16 13:15:10,772][root][INFO] - Cost-to-go evaluation time for node 15: 0.8212 seconds
[2026-07-16 13:15:11,555][root][INFO] - Backward constraint evaluation time for node 15: 0.7742 seconds
[2026-07-16 13:15:12,372][root][INFO] - Cost-to-go evaluation time for node 15: 0.8159 seconds
[2026-07-16 13:15:13,153][root][INFO] - Backward constraint evaluation time for node 15: 0.7734 seconds
[2026-07-16 13:15:13,970][root][INFO] - Cost-to-go evaluation time for node 15: 0.8156 seconds
[2026-07-16 13:15:14,750][root][INFO] - Backward constraint evaluation time for node 15: 0.7720 seconds
[2026-07-16 13:15:15,567][root][INFO] - Cost-to-go evaluation time for node 15: 0.8163 seconds
[2026-07-16 13:15:16,348][root][INFO] - Backward constraint evaluation time for node 15: 0.7728 seconds
[2026-07-16 13:15:17,166][root][INFO] - Cost-to-go evaluation time for node 15: 0.8173 seconds
[2026-07-16 13:15:17,948][root][INFO] - Backward constraint evaluation time for node 15: 0.7740 seconds
[2026-07-16 13:15:18,763][root][INFO] - Cost-to-go evaluation time for node 15: 0.8141 seconds
[2026-07-16 13:15:19,544][root][INFO] - Backward constraint evaluation time for node 15: 0.7736 seconds
[2026-07-16 13:15:20,364][root][INFO] - Cost-to-go evaluation time for node 15: 0.8185 seconds
[2026-07-16 13:15:21,145][root][INFO] - Backward constraint evaluation time for node 15: 0.7731 seconds
[2026-07-16 13:15:21,964][root][INFO] - Cost-to-go evaluation time for node 15: 0.8183 seconds
[2026-07-16 13:15:22,744][root][INFO] - Backward constraint evaluation time for node 15: 0.7721 seconds
[2026-07-16 13:15:23,563][root][INFO] - Cost-to-go evaluation time for node 15: 0.8179 seconds
[2026-07-16 13:15:23,571][root][INFO] - Solver iteration: 0
[2026-07-16 13:15:23,571][root][INFO] - 	 *Phase: INITIAL
[2026-07-16 13:15:23,571][root][INFO] - 	 *lowest F value: -2.08058 | # live points: 1000
[2026-07-16 13:15:23,578][root][INFO] - Phase INITIAL is over.
[2026-07-16 13:15:24,364][root][INFO] - Backward constraint evaluation time for node 15: 0.7745 seconds
[2026-07-16 13:15:25,182][root][INFO] - Cost-to-go evaluation time for node 15: 0.8173 seconds
[2026-07-16 13:15:25,183][root][INFO] - [s] SQP feasible:  bwd-cls 100/100 (100%), bwd-CTG 100/100 (100%)
[2026-07-16 13:15:25,183][root][INFO] - [s] SQP converged: bwd-cls 100/100 (100%), bwd-CTG 100/100 (100%)
[2026-07-16 13:15:25,191][root][INFO] - Solver iteration: 1
[2026-07-16 13:15:25,191][root][INFO] - 	 *Phase: DETERMINISTIC
[2026-07-16 13:15:25,191][root][INFO] - 	 *lowest F value: -1.61014 | # live points: 1000 | # proposals: 100
[2026-07-16 13:15:25,191][root][INFO] - 	 *Fraction of live points in DS~nominal: 1.0000
[2026-07-16 13:15:25,191][root][INFO] - 	 *Evidence estimate: 0.00000
[2026-07-16 13:15:25,191][root][INFO] - Phase DETERMINISTIC is over.
[2026-07-16 13:15:25,191][root][INFO] - Phase NMVP_SEARCH is skipped.
[2026-07-16 13:15:25,981][root][INFO] - Backward constraint evaluation time for node 15: 0.7734 seconds
[2026-07-16 13:15:26,801][root][INFO] - Cost-to-go evaluation time for node 15: 0.8186 seconds
[2026-07-16 13:15:27,583][root][INFO] - Backward constraint evaluation time for node 15: 0.7745 seconds
[2026-07-16 13:15:28,400][root][INFO] - Cost-to-go evaluation time for node 15: 0.8158 seconds
[2026-07-16 13:15:29,183][root][INFO] - Backward constraint evaluation time for node 15: 0.7753 seconds
[2026-07-16 13:15:30,000][root][INFO] - Cost-to-go evaluation time for node 15: 0.8162 seconds
[2026-07-16 13:15:30,782][root][INFO] - Backward constraint evaluation time for node 15: 0.7741 seconds
[2026-07-16 13:15:31,599][root][INFO] - Cost-to-go evaluation time for node 15: 0.8157 seconds
[2026-07-16 13:15:32,381][root][INFO] - Backward constraint evaluation time for node 15: 0.7744 seconds
[2026-07-16 13:15:33,212][root][INFO] - Cost-to-go evaluation time for node 15: 0.8297 seconds
[2026-07-16 13:15:33,991][root][INFO] - Backward constraint evaluation time for node 15: 0.7714 seconds
[2026-07-16 13:15:34,810][root][INFO] - Cost-to-go evaluation time for node 15: 0.8175 seconds
[2026-07-16 13:15:35,591][root][INFO] - Backward constraint evaluation time for node 15: 0.7735 seconds
[2026-07-16 13:15:36,410][root][INFO] - Cost-to-go evaluation time for node 15: 0.8177 seconds
[2026-07-16 13:15:37,190][root][INFO] - Backward constraint evaluation time for node 15: 0.7723 seconds
[2026-07-16 13:15:38,007][root][INFO] - Cost-to-go evaluation time for node 15: 0.8163 seconds
[2026-07-16 13:15:38,787][root][INFO] - Backward constraint evaluation time for node 15: 0.7725 seconds
[2026-07-16 13:15:39,607][root][INFO] - Cost-to-go evaluation time for node 15: 0.8185 seconds
[2026-07-16 13:15:40,392][root][INFO] - Backward constraint evaluation time for node 15: 0.7769 seconds
[2026-07-16 13:15:41,209][root][INFO] - Cost-to-go evaluation time for node 15: 0.8168 seconds
[2026-07-16 13:15:41,210][root][INFO] - [s] SQP feasible:  bwd-cls 1000/1000 (100%), bwd-CTG 1000/1000 (100%)
[2026-07-16 13:15:41,210][root][INFO] - [s] SQP converged: bwd-cls 1000/1000 (100%), bwd-CTG 1000/1000 (100%)
[2026-07-16 13:15:41,215][root][INFO] - Solver iteration: 1
[2026-07-16 13:15:41,215][root][INFO] - 	 *Phase: TRANSITION
[2026-07-16 13:15:41,215][root][INFO] - 	 *lowest F value: 1.00000 | # live points: 1000
[2026-07-16 13:15:41,224][root][INFO] - Phase TRANSITION is over.
[2026-07-16 13:15:42,012][root][INFO] - Backward constraint evaluation time for node 15: 0.7756 seconds
[2026-07-16 13:15:42,827][root][INFO] - Cost-to-go evaluation time for node 15: 0.8140 seconds
[2026-07-16 13:15:42,828][root][INFO] - [s] SQP feasible:  bwd-cls 100/100 (100%), bwd-CTG 100/100 (100%)
[2026-07-16 13:15:42,828][root][INFO] - [s] SQP converged: bwd-cls 100/100 (100%), bwd-CTG 100/100 (100%)
[2026-07-16 13:15:42,834][root][INFO] - Solver iteration: 2
[2026-07-16 13:15:42,834][root][INFO] - 	 *Phase: PROBABILISTIC
[2026-07-16 13:15:42,834][root][INFO] - 	 *lowest F value: 1.00000 | # live points: 1000 | # proposals: 100
[2026-07-16 13:15:42,834][root][INFO] - 	 *Fraction of live points in DS~100.00%: 1.0000
[2026-07-16 13:15:42,834][root][INFO] - 	 *Evidence estimate: 2.30038
[2026-07-16 13:15:42,834][root][INFO] - Phase PROBABILISTIC is over.
[2026-07-16 13:15:42,944][root][INFO] - Design Space Characterization is done.
[2026-07-16 13:15:42,944][root][INFO] - Time taken to solve the problem: 39.15591382980347 seconds
[2026-07-16 13:15:42,958][root][INFO] - Node 15: bwd-cls — feasible 2200/2200 (100.0%), converged 2200/2200 (100.0%)
[2026-07-16 13:15:42,958][root][INFO] - Node 15: bwd-CTG — feasible 2200/2200 (100.0%), converged 2200/2200 (100.0%)
[2026-07-16 13:16:23,532][root][INFO] - training_performance (regressor): {'mse': Array(0.00012925, dtype=float64), 'standardised_mape': Array(0.03098951, dtype=float64)} | best_hyperparams={'hidden_size': [75, 75], 'activation_function': 'gelu', 'output_units': 1} | best_avg_val_loss=0.0003451
[2026-07-16 13:16:25,375][root][INFO] - training_performance: {'acc': 0.9670406732117812, 'tn': np.int64(1998), 'fp': np.int64(0), 'fn': np.int64(141), 'tp': np.int64(2139)}
[2026-07-16 13:16:26,140][root][INFO] - ------- Characterising node 14 according to precedence order -------
[2026-07-16 13:16:26,141][root][INFO] - Bounds: {'d1': {'d1': [np.float64(290.0), np.float64(302.0)]}, 'd2': {'d2': [np.float64(0.78), np.float64(0.97)]}, 'd3': {'d3': [np.float64(314.0), np.float64(332.0)]}, 'd4': {'d4': [np.float64(290.0), np.float64(302.0)]}, 'd5': {'d5': [np.float64(0.8), np.float64(0.95)]}}
[2026-07-16 13:16:26,141][root][INFO] - EXTENDED DS DIM.: 5
[2026-07-16 13:16:26,297][root][INFO] - Integration took 0.10461711883544922 seconds
[2026-07-16 13:16:28,840][root][INFO] - Backward constraint evaluation time for node 14: 2.1236 seconds
[2026-07-16 13:16:31,430][root][INFO] - Cost-to-go evaluation time for node 14: 2.3093 seconds
[2026-07-16 13:16:32,305][root][INFO] - Backward constraint evaluation time for node 14: 0.7755 seconds
[2026-07-16 13:16:33,124][root][INFO] - Cost-to-go evaluation time for node 14: 0.8178 seconds
[2026-07-16 13:16:33,905][root][INFO] - Backward constraint evaluation time for node 14: 0.7733 seconds
[2026-07-16 13:16:34,722][root][INFO] - Cost-to-go evaluation time for node 14: 0.8163 seconds
[2026-07-16 13:16:35,502][root][INFO] - Backward constraint evaluation time for node 14: 0.7722 seconds
[2026-07-16 13:16:36,320][root][INFO] - Cost-to-go evaluation time for node 14: 0.8168 seconds
[2026-07-16 13:16:37,104][root][INFO] - Backward constraint evaluation time for node 14: 0.7759 seconds
[2026-07-16 13:16:37,922][root][INFO] - Cost-to-go evaluation time for node 14: 0.8173 seconds
[2026-07-16 13:16:38,703][root][INFO] - Backward constraint evaluation time for node 14: 0.7733 seconds
[2026-07-16 13:16:39,526][root][INFO] - Cost-to-go evaluation time for node 14: 0.8213 seconds
[2026-07-16 13:16:40,308][root][INFO] - Backward constraint evaluation time for node 14: 0.7742 seconds
[2026-07-16 13:16:41,126][root][INFO] - Cost-to-go evaluation time for node 14: 0.8172 seconds
[2026-07-16 13:16:41,906][root][INFO] - Backward constraint evaluation time for node 14: 0.7714 seconds
[2026-07-16 13:16:42,724][root][INFO] - Cost-to-go evaluation time for node 14: 0.8171 seconds
[2026-07-16 13:16:43,506][root][INFO] - Backward constraint evaluation time for node 14: 0.7741 seconds
[2026-07-16 13:16:44,324][root][INFO] - Cost-to-go evaluation time for node 14: 0.8167 seconds
[2026-07-16 13:16:45,106][root][INFO] - Backward constraint evaluation time for node 14: 0.7742 seconds
[2026-07-16 13:16:45,924][root][INFO] - Cost-to-go evaluation time for node 14: 0.8177 seconds
[2026-07-16 13:16:45,932][root][INFO] - Solver iteration: 0
[2026-07-16 13:16:45,932][root][INFO] - 	 *Phase: INITIAL
[2026-07-16 13:16:45,932][root][INFO] - 	 *lowest F value: -2.08058 | # live points: 1000
[2026-07-16 13:16:45,940][root][INFO] - Phase INITIAL is over.
[2026-07-16 13:16:46,726][root][INFO] - Backward constraint evaluation time for node 14: 0.7749 seconds
[2026-07-16 13:16:47,547][root][INFO] - Cost-to-go evaluation time for node 14: 0.8202 seconds
[2026-07-16 13:16:47,548][root][INFO] - [s] SQP feasible:  bwd-cls 100/100 (100%), bwd-CTG 100/100 (100%)
[2026-07-16 13:16:47,548][root][INFO] - [s] SQP converged: bwd-cls 100/100 (100%), bwd-CTG 100/100 (100%)
[2026-07-16 13:16:47,556][root][INFO] - Solver iteration: 1
[2026-07-16 13:16:47,556][root][INFO] - 	 *Phase: DETERMINISTIC
[2026-07-16 13:16:47,556][root][INFO] - 	 *lowest F value: -1.61014 | # live points: 1000 | # proposals: 100
[2026-07-16 13:16:47,556][root][INFO] - 	 *Fraction of live points in DS~nominal: 1.0000
[2026-07-16 13:16:47,556][root][INFO] - 	 *Evidence estimate: 0.00000
[2026-07-16 13:16:47,556][root][INFO] - Phase DETERMINISTIC is over.
[2026-07-16 13:16:47,556][root][INFO] - Phase NMVP_SEARCH is skipped.
[2026-07-16 13:16:48,344][root][INFO] - Backward constraint evaluation time for node 14: 0.7721 seconds
[2026-07-16 13:16:49,164][root][INFO] - Cost-to-go evaluation time for node 14: 0.8188 seconds
[2026-07-16 13:16:49,943][root][INFO] - Backward constraint evaluation time for node 14: 0.7718 seconds
[2026-07-16 13:16:50,763][root][INFO] - Cost-to-go evaluation time for node 14: 0.8191 seconds
[2026-07-16 13:16:51,546][root][INFO] - Backward constraint evaluation time for node 14: 0.7744 seconds
[2026-07-16 13:16:52,362][root][INFO] - Cost-to-go evaluation time for node 14: 0.8148 seconds
[2026-07-16 13:16:53,148][root][INFO] - Backward constraint evaluation time for node 14: 0.7790 seconds
[2026-07-16 13:16:54,029][root][INFO] - Cost-to-go evaluation time for node 14: 0.8795 seconds
[2026-07-16 13:16:54,857][root][INFO] - Backward constraint evaluation time for node 14: 0.8195 seconds
[2026-07-16 13:16:55,682][root][INFO] - Cost-to-go evaluation time for node 14: 0.8245 seconds
[2026-07-16 13:16:56,463][root][INFO] - Backward constraint evaluation time for node 14: 0.7728 seconds
[2026-07-16 13:16:57,282][root][INFO] - Cost-to-go evaluation time for node 14: 0.8177 seconds
[2026-07-16 13:16:58,063][root][INFO] - Backward constraint evaluation time for node 14: 0.7734 seconds
[2026-07-16 13:16:58,880][root][INFO] - Cost-to-go evaluation time for node 14: 0.8166 seconds
[2026-07-16 13:16:59,660][root][INFO] - Backward constraint evaluation time for node 14: 0.7715 seconds
[2026-07-16 13:17:00,479][root][INFO] - Cost-to-go evaluation time for node 14: 0.8177 seconds
[2026-07-16 13:17:01,259][root][INFO] - Backward constraint evaluation time for node 14: 0.7728 seconds
[2026-07-16 13:17:02,075][root][INFO] - Cost-to-go evaluation time for node 14: 0.8146 seconds
[2026-07-16 13:17:02,856][root][INFO] - Backward constraint evaluation time for node 14: 0.7736 seconds
[2026-07-16 13:17:03,681][root][INFO] - Cost-to-go evaluation time for node 14: 0.8241 seconds
[2026-07-16 13:17:03,682][root][INFO] - [s] SQP feasible:  bwd-cls 1000/1000 (100%), bwd-CTG 1000/1000 (100%)
[2026-07-16 13:17:03,682][root][INFO] - [s] SQP converged: bwd-cls 1000/1000 (100%), bwd-CTG 1000/1000 (100%)
[2026-07-16 13:17:03,687][root][INFO] - Solver iteration: 1
[2026-07-16 13:17:03,687][root][INFO] - 	 *Phase: TRANSITION
[2026-07-16 13:17:03,687][root][INFO] - 	 *lowest F value: 1.00000 | # live points: 1000
[2026-07-16 13:17:03,696][root][INFO] - Phase TRANSITION is over.
[2026-07-16 13:17:04,485][root][INFO] - Backward constraint evaluation time for node 14: 0.7762 seconds
[2026-07-16 13:17:05,306][root][INFO] - Cost-to-go evaluation time for node 14: 0.8194 seconds
[2026-07-16 13:17:05,306][root][INFO] - [s] SQP feasible:  bwd-cls 100/100 (100%), bwd-CTG 100/100 (100%)
[2026-07-16 13:17:05,306][root][INFO] - [s] SQP converged: bwd-cls 100/100 (100%), bwd-CTG 100/100 (100%)
[2026-07-16 13:17:05,312][root][INFO] - Solver iteration: 2
[2026-07-16 13:17:05,312][root][INFO] - 	 *Phase: PROBABILISTIC
[2026-07-16 13:17:05,312][root][INFO] - 	 *lowest F value: 1.00000 | # live points: 1000 | # proposals: 100
[2026-07-16 13:17:05,312][root][INFO] - 	 *Fraction of live points in DS~100.00%: 1.0000
[2026-07-16 13:17:05,312][root][INFO] - 	 *Evidence estimate: 2.30038
[2026-07-16 13:17:05,312][root][INFO] - Phase PROBABILISTIC is over.
[2026-07-16 13:17:05,420][root][INFO] - Design Space Characterization is done.
[2026-07-16 13:17:05,420][root][INFO] - Time taken to solve the problem: 39.26805305480957 seconds
[2026-07-16 13:17:05,434][root][INFO] - Node 14: bwd-cls — feasible 2200/2200 (100.0%), converged 2200/2200 (100.0%)
[2026-07-16 13:17:05,434][root][INFO] - Node 14: bwd-CTG — feasible 2200/2200 (100.0%), converged 2200/2200 (100.0%)
[2026-07-16 13:17:45,123][root][INFO] - training_performance (regressor): {'mse': Array(0.00015435, dtype=float64), 'standardised_mape': Array(0.10118095, dtype=float64)} | best_hyperparams={'hidden_size': [75, 75], 'activation_function': 'gelu', 'output_units': 1} | best_avg_val_loss=0.0003644
[2026-07-16 13:17:47,011][root][INFO] - training_performance: {'acc': 0.9670406732117812, 'tn': np.int64(1998), 'fp': np.int64(0), 'fn': np.int64(141), 'tp': np.int64(2139)}
[2026-07-16 13:17:47,759][root][INFO] - ------- Characterising node 13 according to precedence order -------
[2026-07-16 13:17:47,760][root][INFO] - Bounds: {'d1': {'d1': [np.float64(290.0), np.float64(302.0)]}, 'd2': {'d2': [np.float64(0.78), np.float64(0.97)]}, 'd3': {'d3': [np.float64(314.0), np.float64(332.0)]}, 'd4': {'d4': [np.float64(290.0), np.float64(302.0)]}, 'd5': {'d5': [np.float64(0.8), np.float64(0.95)]}}
[2026-07-16 13:17:47,760][root][INFO] - EXTENDED DS DIM.: 5
[2026-07-16 13:17:47,916][root][INFO] - Integration took 0.10565519332885742 seconds
[2026-07-16 13:17:50,493][root][INFO] - Backward constraint evaluation time for node 13: 2.1391 seconds
[2026-07-16 13:17:53,074][root][INFO] - Cost-to-go evaluation time for node 13: 2.3021 seconds
[2026-07-16 13:17:53,944][root][INFO] - Backward constraint evaluation time for node 13: 0.7731 seconds
[2026-07-16 13:17:54,762][root][INFO] - Cost-to-go evaluation time for node 13: 0.8171 seconds
[2026-07-16 13:17:55,545][root][INFO] - Backward constraint evaluation time for node 13: 0.7753 seconds
[2026-07-16 13:17:56,362][root][INFO] - Cost-to-go evaluation time for node 13: 0.8165 seconds
[2026-07-16 13:17:57,144][root][INFO] - Backward constraint evaluation time for node 13: 0.7740 seconds
[2026-07-16 13:17:57,962][root][INFO] - Cost-to-go evaluation time for node 13: 0.8168 seconds
[2026-07-16 13:17:58,744][root][INFO] - Backward constraint evaluation time for node 13: 0.7746 seconds
[2026-07-16 13:17:59,565][root][INFO] - Cost-to-go evaluation time for node 13: 0.8193 seconds
[2026-07-16 13:18:00,350][root][INFO] - Backward constraint evaluation time for node 13: 0.7772 seconds
[2026-07-16 13:18:01,168][root][INFO] - Cost-to-go evaluation time for node 13: 0.8178 seconds
[2026-07-16 13:18:01,947][root][INFO] - Backward constraint evaluation time for node 13: 0.7710 seconds
[2026-07-16 13:18:02,768][root][INFO] - Cost-to-go evaluation time for node 13: 0.8198 seconds
[2026-07-16 13:18:03,554][root][INFO] - Backward constraint evaluation time for node 13: 0.7785 seconds
[2026-07-16 13:18:04,376][root][INFO] - Cost-to-go evaluation time for node 13: 0.8205 seconds
[2026-07-16 13:18:05,158][root][INFO] - Backward constraint evaluation time for node 13: 0.7741 seconds
[2026-07-16 13:18:05,976][root][INFO] - Cost-to-go evaluation time for node 13: 0.8171 seconds
[2026-07-16 13:18:06,756][root][INFO] - Backward constraint evaluation time for node 13: 0.7726 seconds
[2026-07-16 13:18:07,575][root][INFO] - Cost-to-go evaluation time for node 13: 0.8174 seconds
[2026-07-16 13:18:07,582][root][INFO] - Solver iteration: 0
[2026-07-16 13:18:07,582][root][INFO] - 	 *Phase: INITIAL
[2026-07-16 13:18:07,582][root][INFO] - 	 *lowest F value: -2.08058 | # live points: 1000
[2026-07-16 13:18:07,590][root][INFO] - Phase INITIAL is over.
[2026-07-16 13:18:08,377][root][INFO] - Backward constraint evaluation time for node 13: 0.7747 seconds
[2026-07-16 13:18:09,199][root][INFO] - Cost-to-go evaluation time for node 13: 0.8212 seconds
[2026-07-16 13:18:09,200][root][INFO] - [s] SQP feasible:  bwd-cls 100/100 (100%), bwd-CTG 100/100 (100%)
[2026-07-16 13:18:09,200][root][INFO] - [s] SQP converged: bwd-cls 100/100 (100%), bwd-CTG 100/100 (100%)
[2026-07-16 13:18:09,208][root][INFO] - Solver iteration: 1
[2026-07-16 13:18:09,208][root][INFO] - 	 *Phase: DETERMINISTIC
[2026-07-16 13:18:09,208][root][INFO] - 	 *lowest F value: -1.61014 | # live points: 1000 | # proposals: 100
[2026-07-16 13:18:09,208][root][INFO] - 	 *Fraction of live points in DS~nominal: 1.0000
[2026-07-16 13:18:09,208][root][INFO] - 	 *Evidence estimate: 0.00000
[2026-07-16 13:18:09,208][root][INFO] - Phase DETERMINISTIC is over.
[2026-07-16 13:18:09,208][root][INFO] - Phase NMVP_SEARCH is skipped.
[2026-07-16 13:18:09,999][root][INFO] - Backward constraint evaluation time for node 13: 0.7745 seconds
[2026-07-16 13:18:10,818][root][INFO] - Cost-to-go evaluation time for node 13: 0.8179 seconds
[2026-07-16 13:18:11,603][root][INFO] - Backward constraint evaluation time for node 13: 0.7778 seconds
[2026-07-16 13:18:12,422][root][INFO] - Cost-to-go evaluation time for node 13: 0.8176 seconds
[2026-07-16 13:18:13,202][root][INFO] - Backward constraint evaluation time for node 13: 0.7723 seconds
[2026-07-16 13:18:14,020][root][INFO] - Cost-to-go evaluation time for node 13: 0.8169 seconds
[2026-07-16 13:18:14,802][root][INFO] - Backward constraint evaluation time for node 13: 0.7743 seconds
[2026-07-16 13:18:15,621][root][INFO] - Cost-to-go evaluation time for node 13: 0.8178 seconds
[2026-07-16 13:18:16,404][root][INFO] - Backward constraint evaluation time for node 13: 0.7752 seconds
[2026-07-16 13:18:17,224][root][INFO] - Cost-to-go evaluation time for node 13: 0.8191 seconds
[2026-07-16 13:18:18,007][root][INFO] - Backward constraint evaluation time for node 13: 0.7749 seconds
[2026-07-16 13:18:18,825][root][INFO] - Cost-to-go evaluation time for node 13: 0.8169 seconds
[2026-07-16 13:18:19,609][root][INFO] - Backward constraint evaluation time for node 13: 0.7762 seconds
[2026-07-16 13:18:20,428][root][INFO] - Cost-to-go evaluation time for node 13: 0.8175 seconds
[2026-07-16 13:18:21,211][root][INFO] - Backward constraint evaluation time for node 13: 0.7755 seconds
[2026-07-16 13:18:22,028][root][INFO] - Cost-to-go evaluation time for node 13: 0.8157 seconds
[2026-07-16 13:18:22,810][root][INFO] - Backward constraint evaluation time for node 13: 0.7741 seconds
[2026-07-16 13:18:23,629][root][INFO] - Cost-to-go evaluation time for node 13: 0.8181 seconds
[2026-07-16 13:18:24,413][root][INFO] - Backward constraint evaluation time for node 13: 0.7761 seconds
[2026-07-16 13:18:25,231][root][INFO] - Cost-to-go evaluation time for node 13: 0.8177 seconds
[2026-07-16 13:18:25,232][root][INFO] - [s] SQP feasible:  bwd-cls 1000/1000 (100%), bwd-CTG 1000/1000 (100%)
[2026-07-16 13:18:25,232][root][INFO] - [s] SQP converged: bwd-cls 1000/1000 (100%), bwd-CTG 1000/1000 (100%)
[2026-07-16 13:18:25,238][root][INFO] - Solver iteration: 1
[2026-07-16 13:18:25,238][root][INFO] - 	 *Phase: TRANSITION
[2026-07-16 13:18:25,238][root][INFO] - 	 *lowest F value: 1.00000 | # live points: 1000
[2026-07-16 13:18:25,247][root][INFO] - Phase TRANSITION is over.
[2026-07-16 13:18:26,034][root][INFO] - Backward constraint evaluation time for node 13: 0.7742 seconds
[2026-07-16 13:18:26,853][root][INFO] - Cost-to-go evaluation time for node 13: 0.8176 seconds
[2026-07-16 13:18:26,853][root][INFO] - [s] SQP feasible:  bwd-cls 100/100 (100%), bwd-CTG 100/100 (100%)
[2026-07-16 13:18:26,853][root][INFO] - [s] SQP converged: bwd-cls 100/100 (100%), bwd-CTG 100/100 (100%)
[2026-07-16 13:18:26,859][root][INFO] - Solver iteration: 2
[2026-07-16 13:18:26,859][root][INFO] - 	 *Phase: PROBABILISTIC
[2026-07-16 13:18:26,859][root][INFO] - 	 *lowest F value: 1.00000 | # live points: 1000 | # proposals: 100
[2026-07-16 13:18:26,859][root][INFO] - 	 *Fraction of live points in DS~100.00%: 1.0000
[2026-07-16 13:18:26,859][root][INFO] - 	 *Evidence estimate: 2.30038
[2026-07-16 13:18:26,859][root][INFO] - Phase PROBABILISTIC is over.
[2026-07-16 13:18:26,972][root][INFO] - Design Space Characterization is done.
[2026-07-16 13:18:26,973][root][INFO] - Time taken to solve the problem: 39.20224213600159 seconds
[2026-07-16 13:18:26,986][root][INFO] - Node 13: bwd-cls — feasible 2200/2200 (100.0%), converged 2200/2200 (100.0%)
[2026-07-16 13:18:26,986][root][INFO] - Node 13: bwd-CTG — feasible 2200/2200 (100.0%), converged 2200/2200 (100.0%)
[2026-07-16 13:19:06,029][root][INFO] - training_performance (regressor): {'mse': Array(0.00014107, dtype=float64), 'standardised_mape': Array(0.03715225, dtype=float64)} | best_hyperparams={'hidden_size': [75, 75], 'activation_function': 'gelu', 'output_units': 1} | best_avg_val_loss=0.0003513
[2026-07-16 13:19:07,962][root][INFO] - training_performance: {'acc': 0.9670406732117812, 'tn': np.int64(1998), 'fp': np.int64(0), 'fn': np.int64(141), 'tp': np.int64(2139)}
[2026-07-16 13:19:08,732][root][INFO] - ------- Characterising node 12 according to precedence order -------
[2026-07-16 13:19:08,733][root][INFO] - Bounds: {'d1': {'d1': [np.float64(290.0), np.float64(302.0)]}, 'd2': {'d2': [np.float64(0.78), np.float64(0.97)]}, 'd3': {'d3': [np.float64(314.0), np.float64(332.0)]}, 'd4': {'d4': [np.float64(290.0), np.float64(302.0)]}, 'd5': {'d5': [np.float64(0.8), np.float64(0.95)]}}
[2026-07-16 13:19:08,733][root][INFO] - EXTENDED DS DIM.: 5
[2026-07-16 13:19:08,887][root][INFO] - Integration took 0.10335683822631836 seconds
[2026-07-16 13:19:11,451][root][INFO] - Backward constraint evaluation time for node 12: 2.1475 seconds
[2026-07-16 13:19:14,032][root][INFO] - Cost-to-go evaluation time for node 12: 2.3012 seconds
[2026-07-16 13:19:14,903][root][INFO] - Backward constraint evaluation time for node 12: 0.7750 seconds
[2026-07-16 13:19:15,719][root][INFO] - Cost-to-go evaluation time for node 12: 0.8154 seconds
[2026-07-16 13:19:16,503][root][INFO] - Backward constraint evaluation time for node 12: 0.7761 seconds
[2026-07-16 13:19:17,323][root][INFO] - Cost-to-go evaluation time for node 12: 0.8189 seconds
[2026-07-16 13:19:18,105][root][INFO] - Backward constraint evaluation time for node 12: 0.7742 seconds
[2026-07-16 13:19:18,922][root][INFO] - Cost-to-go evaluation time for node 12: 0.8160 seconds
[2026-07-16 13:19:19,701][root][INFO] - Backward constraint evaluation time for node 12: 0.7714 seconds
[2026-07-16 13:19:20,518][root][INFO] - Cost-to-go evaluation time for node 12: 0.8159 seconds
[2026-07-16 13:19:21,301][root][INFO] - Backward constraint evaluation time for node 12: 0.7754 seconds
[2026-07-16 13:19:22,117][root][INFO] - Cost-to-go evaluation time for node 12: 0.8147 seconds
[2026-07-16 13:19:22,900][root][INFO] - Backward constraint evaluation time for node 12: 0.7746 seconds
[2026-07-16 13:19:23,718][root][INFO] - Cost-to-go evaluation time for node 12: 0.8177 seconds
[2026-07-16 13:19:24,501][root][INFO] - Backward constraint evaluation time for node 12: 0.7743 seconds
[2026-07-16 13:19:25,317][root][INFO] - Cost-to-go evaluation time for node 12: 0.8156 seconds
[2026-07-16 13:19:26,100][root][INFO] - Backward constraint evaluation time for node 12: 0.7747 seconds
[2026-07-16 13:19:26,916][root][INFO] - Cost-to-go evaluation time for node 12: 0.8156 seconds
[2026-07-16 13:19:27,712][root][INFO] - Backward constraint evaluation time for node 12: 0.7878 seconds
[2026-07-16 13:19:28,569][root][INFO] - Cost-to-go evaluation time for node 12: 0.8557 seconds
[2026-07-16 13:19:28,577][root][INFO] - Solver iteration: 0
[2026-07-16 13:19:28,577][root][INFO] - 	 *Phase: INITIAL
[2026-07-16 13:19:28,577][root][INFO] - 	 *lowest F value: -2.08058 | # live points: 1000
[2026-07-16 13:19:28,583][root][INFO] - Phase INITIAL is over.
[2026-07-16 13:19:29,378][root][INFO] - Backward constraint evaluation time for node 12: 0.7843 seconds
[2026-07-16 13:19:30,196][root][INFO] - Cost-to-go evaluation time for node 12: 0.8169 seconds
[2026-07-16 13:19:30,197][root][INFO] - [s] SQP feasible:  bwd-cls 100/100 (100%), bwd-CTG 100/100 (100%)
[2026-07-16 13:19:30,197][root][INFO] - [s] SQP converged: bwd-cls 100/100 (100%), bwd-CTG 100/100 (100%)
[2026-07-16 13:19:30,206][root][INFO] - Solver iteration: 1
[2026-07-16 13:19:30,206][root][INFO] - 	 *Phase: DETERMINISTIC
[2026-07-16 13:19:30,206][root][INFO] - 	 *lowest F value: -1.61014 | # live points: 1000 | # proposals: 100
[2026-07-16 13:19:30,206][root][INFO] - 	 *Fraction of live points in DS~nominal: 1.0000
[2026-07-16 13:19:30,206][root][INFO] - 	 *Evidence estimate: 0.00000
[2026-07-16 13:19:30,206][root][INFO] - Phase DETERMINISTIC is over.
[2026-07-16 13:19:30,206][root][INFO] - Phase NMVP_SEARCH is skipped.
[2026-07-16 13:19:30,999][root][INFO] - Backward constraint evaluation time for node 12: 0.7776 seconds
[2026-07-16 13:19:31,817][root][INFO] - Cost-to-go evaluation time for node 12: 0.8171 seconds
[2026-07-16 13:19:32,600][root][INFO] - Backward constraint evaluation time for node 12: 0.7747 seconds
[2026-07-16 13:19:33,419][root][INFO] - Cost-to-go evaluation time for node 12: 0.8178 seconds
[2026-07-16 13:19:34,203][root][INFO] - Backward constraint evaluation time for node 12: 0.7771 seconds
[2026-07-16 13:19:35,020][root][INFO] - Cost-to-go evaluation time for node 12: 0.8160 seconds
[2026-07-16 13:19:35,803][root][INFO] - Backward constraint evaluation time for node 12: 0.7755 seconds
[2026-07-16 13:19:36,619][root][INFO] - Cost-to-go evaluation time for node 12: 0.8147 seconds
[2026-07-16 13:19:37,398][root][INFO] - Backward constraint evaluation time for node 12: 0.7716 seconds
[2026-07-16 13:19:38,222][root][INFO] - Cost-to-go evaluation time for node 12: 0.8222 seconds
[2026-07-16 13:19:39,003][root][INFO] - Backward constraint evaluation time for node 12: 0.7741 seconds
[2026-07-16 13:19:39,824][root][INFO] - Cost-to-go evaluation time for node 12: 0.8196 seconds
[2026-07-16 13:19:40,609][root][INFO] - Backward constraint evaluation time for node 12: 0.7778 seconds
[2026-07-16 13:19:41,427][root][INFO] - Cost-to-go evaluation time for node 12: 0.8174 seconds
[2026-07-16 13:19:42,211][root][INFO] - Backward constraint evaluation time for node 12: 0.7756 seconds
[2026-07-16 13:19:43,030][root][INFO] - Cost-to-go evaluation time for node 12: 0.8188 seconds
[2026-07-16 13:19:43,812][root][INFO] - Backward constraint evaluation time for node 12: 0.7741 seconds
[2026-07-16 13:19:44,631][root][INFO] - Cost-to-go evaluation time for node 12: 0.8178 seconds
[2026-07-16 13:19:45,413][root][INFO] - Backward constraint evaluation time for node 12: 0.7745 seconds
[2026-07-16 13:19:46,269][root][INFO] - Cost-to-go evaluation time for node 12: 0.8545 seconds
[2026-07-16 13:19:46,270][root][INFO] - [s] SQP feasible:  bwd-cls 1000/1000 (100%), bwd-CTG 1000/1000 (100%)
[2026-07-16 13:19:46,270][root][INFO] - [s] SQP converged: bwd-cls 1000/1000 (100%), bwd-CTG 1000/1000 (100%)
[2026-07-16 13:19:46,275][root][INFO] - Solver iteration: 1
[2026-07-16 13:19:46,275][root][INFO] - 	 *Phase: TRANSITION
[2026-07-16 13:19:46,275][root][INFO] - 	 *lowest F value: 1.00000 | # live points: 1000
[2026-07-16 13:19:46,283][root][INFO] - Phase TRANSITION is over.
[2026-07-16 13:19:47,082][root][INFO] - Backward constraint evaluation time for node 12: 0.7857 seconds
[2026-07-16 13:19:47,899][root][INFO] - Cost-to-go evaluation time for node 12: 0.8158 seconds
[2026-07-16 13:19:47,900][root][INFO] - [s] SQP feasible:  bwd-cls 100/100 (100%), bwd-CTG 100/100 (100%)
[2026-07-16 13:19:47,900][root][INFO] - [s] SQP converged: bwd-cls 100/100 (100%), bwd-CTG 100/100 (100%)
[2026-07-16 13:19:47,905][root][INFO] - Solver iteration: 2
[2026-07-16 13:19:47,905][root][INFO] - 	 *Phase: PROBABILISTIC
[2026-07-16 13:19:47,905][root][INFO] - 	 *lowest F value: 1.00000 | # live points: 1000 | # proposals: 100
[2026-07-16 13:19:47,905][root][INFO] - 	 *Fraction of live points in DS~100.00%: 1.0000
[2026-07-16 13:19:47,906][root][INFO] - 	 *Evidence estimate: 2.30038
[2026-07-16 13:19:47,906][root][INFO] - Phase PROBABILISTIC is over.
[2026-07-16 13:19:48,016][root][INFO] - Design Space Characterization is done.
[2026-07-16 13:19:48,016][root][INFO] - Time taken to solve the problem: 39.27258515357971 seconds
[2026-07-16 13:19:48,028][root][INFO] - Node 12: bwd-cls — feasible 2200/2200 (100.0%), converged 2200/2200 (100.0%)
[2026-07-16 13:19:48,029][root][INFO] - Node 12: bwd-CTG — feasible 2200/2200 (100.0%), converged 2200/2200 (100.0%)
[2026-07-16 13:20:27,952][root][INFO] - training_performance (regressor): {'mse': Array(0.00012038, dtype=float64), 'standardised_mape': Array(0.02695279, dtype=float64)} | best_hyperparams={'hidden_size': [100, 100], 'activation_function': 'gelu', 'output_units': 1} | best_avg_val_loss=0.0003611
[2026-07-16 13:20:29,899][root][INFO] - training_performance: {'acc': 0.9670406732117812, 'tn': np.int64(1998), 'fp': np.int64(0), 'fn': np.int64(141), 'tp': np.int64(2139)}
[2026-07-16 13:20:30,636][root][INFO] - ------- Characterising node 11 according to precedence order -------
[2026-07-16 13:20:30,637][root][INFO] - Bounds: {'d1': {'d1': [np.float64(290.0), np.float64(302.0)]}, 'd2': {'d2': [np.float64(0.78), np.float64(0.97)]}, 'd3': {'d3': [np.float64(314.0), np.float64(332.0)]}, 'd4': {'d4': [np.float64(290.0), np.float64(302.0)]}, 'd5': {'d5': [np.float64(0.8), np.float64(0.95)]}}
[2026-07-16 13:20:30,637][root][INFO] - EXTENDED DS DIM.: 5
[2026-07-16 13:20:30,793][root][INFO] - Integration took 0.10608291625976562 seconds
[2026-07-16 13:20:33,358][root][INFO] - Backward constraint evaluation time for node 11: 2.1403 seconds
[2026-07-16 13:20:35,976][root][INFO] - Cost-to-go evaluation time for node 11: 2.3405 seconds
[2026-07-16 13:20:36,841][root][INFO] - Backward constraint evaluation time for node 11: 0.7722 seconds
[2026-07-16 13:20:37,683][root][INFO] - Cost-to-go evaluation time for node 11: 0.8413 seconds
[2026-07-16 13:20:38,462][root][INFO] - Backward constraint evaluation time for node 11: 0.7712 seconds
[2026-07-16 13:20:39,309][root][INFO] - Cost-to-go evaluation time for node 11: 0.8459 seconds
[2026-07-16 13:20:40,098][root][INFO] - Backward constraint evaluation time for node 11: 0.7811 seconds
[2026-07-16 13:20:40,940][root][INFO] - Cost-to-go evaluation time for node 11: 0.8409 seconds
[2026-07-16 13:20:41,722][root][INFO] - Backward constraint evaluation time for node 11: 0.7738 seconds
[2026-07-16 13:20:42,558][root][INFO] - Cost-to-go evaluation time for node 11: 0.8356 seconds
[2026-07-16 13:20:43,338][root][INFO] - Backward constraint evaluation time for node 11: 0.7716 seconds
[2026-07-16 13:20:44,178][root][INFO] - Cost-to-go evaluation time for node 11: 0.8390 seconds
[2026-07-16 13:20:44,959][root][INFO] - Backward constraint evaluation time for node 11: 0.7740 seconds
[2026-07-16 13:20:45,799][root][INFO] - Cost-to-go evaluation time for node 11: 0.8389 seconds
[2026-07-16 13:20:46,580][root][INFO] - Backward constraint evaluation time for node 11: 0.7726 seconds
[2026-07-16 13:20:47,421][root][INFO] - Cost-to-go evaluation time for node 11: 0.8409 seconds
[2026-07-16 13:20:48,201][root][INFO] - Backward constraint evaluation time for node 11: 0.7720 seconds
[2026-07-16 13:20:49,042][root][INFO] - Cost-to-go evaluation time for node 11: 0.8395 seconds
[2026-07-16 13:20:49,822][root][INFO] - Backward constraint evaluation time for node 11: 0.7728 seconds
[2026-07-16 13:20:50,664][root][INFO] - Cost-to-go evaluation time for node 11: 0.8401 seconds
[2026-07-16 13:20:50,671][root][INFO] - Solver iteration: 0
[2026-07-16 13:20:50,671][root][INFO] - 	 *Phase: INITIAL
[2026-07-16 13:20:50,671][root][INFO] - 	 *lowest F value: -2.08058 | # live points: 1000
[2026-07-16 13:20:50,678][root][INFO] - Phase INITIAL is over.
[2026-07-16 13:20:51,462][root][INFO] - Backward constraint evaluation time for node 11: 0.7724 seconds
[2026-07-16 13:20:52,303][root][INFO] - Cost-to-go evaluation time for node 11: 0.8394 seconds
[2026-07-16 13:20:52,303][root][INFO] - [s] SQP feasible:  bwd-cls 100/100 (100%), bwd-CTG 100/100 (100%)
[2026-07-16 13:20:52,303][root][INFO] - [s] SQP converged: bwd-cls 100/100 (100%), bwd-CTG 100/100 (100%)
[2026-07-16 13:20:52,312][root][INFO] - Solver iteration: 1
[2026-07-16 13:20:52,312][root][INFO] - 	 *Phase: DETERMINISTIC
[2026-07-16 13:20:52,312][root][INFO] - 	 *lowest F value: -1.61014 | # live points: 1000 | # proposals: 100
[2026-07-16 13:20:52,312][root][INFO] - 	 *Fraction of live points in DS~nominal: 1.0000
[2026-07-16 13:20:52,312][root][INFO] - 	 *Evidence estimate: 0.00000
[2026-07-16 13:20:52,312][root][INFO] - Phase DETERMINISTIC is over.
[2026-07-16 13:20:52,312][root][INFO] - Phase NMVP_SEARCH is skipped.
[2026-07-16 13:20:53,102][root][INFO] - Backward constraint evaluation time for node 11: 0.7737 seconds
[2026-07-16 13:20:53,943][root][INFO] - Cost-to-go evaluation time for node 11: 0.8408 seconds
[2026-07-16 13:20:54,726][root][INFO] - Backward constraint evaluation time for node 11: 0.7743 seconds
[2026-07-16 13:20:55,566][root][INFO] - Cost-to-go evaluation time for node 11: 0.8389 seconds
[2026-07-16 13:20:56,348][root][INFO] - Backward constraint evaluation time for node 11: 0.7746 seconds
[2026-07-16 13:20:57,188][root][INFO] - Cost-to-go evaluation time for node 11: 0.8390 seconds
[2026-07-16 13:20:57,969][root][INFO] - Backward constraint evaluation time for node 11: 0.7733 seconds
[2026-07-16 13:20:58,811][root][INFO] - Cost-to-go evaluation time for node 11: 0.8409 seconds
[2026-07-16 13:20:59,593][root][INFO] - Backward constraint evaluation time for node 11: 0.7739 seconds
[2026-07-16 13:21:00,434][root][INFO] - Cost-to-go evaluation time for node 11: 0.8401 seconds
[2026-07-16 13:21:01,215][root][INFO] - Backward constraint evaluation time for node 11: 0.7731 seconds
[2026-07-16 13:21:02,056][root][INFO] - Cost-to-go evaluation time for node 11: 0.8403 seconds
[2026-07-16 13:21:02,837][root][INFO] - Backward constraint evaluation time for node 11: 0.7724 seconds
[2026-07-16 13:21:03,680][root][INFO] - Cost-to-go evaluation time for node 11: 0.8424 seconds
[2026-07-16 13:21:04,460][root][INFO] - Backward constraint evaluation time for node 11: 0.7724 seconds
[2026-07-16 13:21:05,302][root][INFO] - Cost-to-go evaluation time for node 11: 0.8410 seconds
[2026-07-16 13:21:06,082][root][INFO] - Backward constraint evaluation time for node 11: 0.7724 seconds
[2026-07-16 13:21:06,925][root][INFO] - Cost-to-go evaluation time for node 11: 0.8412 seconds
[2026-07-16 13:21:07,707][root][INFO] - Backward constraint evaluation time for node 11: 0.7742 seconds
[2026-07-16 13:21:08,549][root][INFO] - Cost-to-go evaluation time for node 11: 0.8413 seconds
[2026-07-16 13:21:08,550][root][INFO] - [s] SQP feasible:  bwd-cls 1000/1000 (100%), bwd-CTG 1000/1000 (100%)
[2026-07-16 13:21:08,550][root][INFO] - [s] SQP converged: bwd-cls 1000/1000 (100%), bwd-CTG 1000/1000 (100%)
[2026-07-16 13:21:08,555][root][INFO] - Solver iteration: 1
[2026-07-16 13:21:08,555][root][INFO] - 	 *Phase: TRANSITION
[2026-07-16 13:21:08,555][root][INFO] - 	 *lowest F value: 1.00000 | # live points: 1000
[2026-07-16 13:21:08,564][root][INFO] - Phase TRANSITION is over.
[2026-07-16 13:21:09,348][root][INFO] - Backward constraint evaluation time for node 11: 0.7719 seconds
[2026-07-16 13:21:10,190][root][INFO] - Cost-to-go evaluation time for node 11: 0.8403 seconds
[2026-07-16 13:21:10,190][root][INFO] - [s] SQP feasible:  bwd-cls 100/100 (100%), bwd-CTG 100/100 (100%)
[2026-07-16 13:21:10,190][root][INFO] - [s] SQP converged: bwd-cls 100/100 (100%), bwd-CTG 100/100 (100%)
[2026-07-16 13:21:10,196][root][INFO] - Solver iteration: 2
[2026-07-16 13:21:10,196][root][INFO] - 	 *Phase: PROBABILISTIC
[2026-07-16 13:21:10,196][root][INFO] - 	 *lowest F value: 1.00000 | # live points: 1000 | # proposals: 100
[2026-07-16 13:21:10,196][root][INFO] - 	 *Fraction of live points in DS~100.00%: 1.0000
[2026-07-16 13:21:10,196][root][INFO] - 	 *Evidence estimate: 2.30038
[2026-07-16 13:21:10,196][root][INFO] - Phase PROBABILISTIC is over.
[2026-07-16 13:21:10,306][root][INFO] - Design Space Characterization is done.
[2026-07-16 13:21:10,306][root][INFO] - Time taken to solve the problem: 39.65889382362366 seconds
[2026-07-16 13:21:10,318][root][INFO] - Node 11: bwd-cls — feasible 2200/2200 (100.0%), converged 2200/2200 (100.0%)
[2026-07-16 13:21:10,318][root][INFO] - Node 11: bwd-CTG — feasible 2200/2200 (100.0%), converged 2200/2200 (100.0%)
[2026-07-16 13:21:49,544][root][INFO] - training_performance (regressor): {'mse': Array(0.00019295, dtype=float64), 'standardised_mape': Array(0.02882002, dtype=float64)} | best_hyperparams={'hidden_size': [50, 50, 25], 'activation_function': 'gelu', 'output_units': 1} | best_avg_val_loss=0.0004183
[2026-07-16 13:21:51,527][root][INFO] - training_performance: {'acc': 0.9670406732117812, 'tn': np.int64(1998), 'fp': np.int64(0), 'fn': np.int64(141), 'tp': np.int64(2139)}
[2026-07-16 13:21:52,281][root][INFO] - ------- Characterising node 10 according to precedence order -------
[2026-07-16 13:21:52,282][root][INFO] - Bounds: {'d1': {'d1': [np.float64(290.0), np.float64(302.0)]}, 'd2': {'d2': [np.float64(0.78), np.float64(0.97)]}, 'd3': {'d3': [np.float64(314.0), np.float64(332.0)]}, 'd4': {'d4': [np.float64(290.0), np.float64(302.0)]}, 'd5': {'d5': [np.float64(0.8), np.float64(0.95)]}}
[2026-07-16 13:21:52,283][root][INFO] - EXTENDED DS DIM.: 5
[2026-07-16 13:21:52,441][root][INFO] - Integration took 0.10654592514038086 seconds
[2026-07-16 13:21:54,985][root][INFO] - Backward constraint evaluation time for node 10: 2.1238 seconds
[2026-07-16 13:21:57,659][root][INFO] - Cost-to-go evaluation time for node 10: 2.3954 seconds
[2026-07-16 13:21:58,532][root][INFO] - Backward constraint evaluation time for node 10: 0.7764 seconds
[2026-07-16 13:21:59,348][root][INFO] - Cost-to-go evaluation time for node 10: 0.8147 seconds
[2026-07-16 13:22:00,133][root][INFO] - Backward constraint evaluation time for node 10: 0.7769 seconds
[2026-07-16 13:22:00,952][root][INFO] - Cost-to-go evaluation time for node 10: 0.8180 seconds
[2026-07-16 13:22:01,734][root][INFO] - Backward constraint evaluation time for node 10: 0.7748 seconds
[2026-07-16 13:22:02,548][root][INFO] - Cost-to-go evaluation time for node 10: 0.8128 seconds
[2026-07-16 13:22:03,330][root][INFO] - Backward constraint evaluation time for node 10: 0.7737 seconds
[2026-07-16 13:22:04,150][root][INFO] - Cost-to-go evaluation time for node 10: 0.8197 seconds
[2026-07-16 13:22:04,934][root][INFO] - Backward constraint evaluation time for node 10: 0.7751 seconds
[2026-07-16 13:22:05,751][root][INFO] - Cost-to-go evaluation time for node 10: 0.8162 seconds
[2026-07-16 13:22:06,532][root][INFO] - Backward constraint evaluation time for node 10: 0.7732 seconds
[2026-07-16 13:22:07,348][root][INFO] - Cost-to-go evaluation time for node 10: 0.8147 seconds
[2026-07-16 13:22:08,128][root][INFO] - Backward constraint evaluation time for node 10: 0.7727 seconds
[2026-07-16 13:22:08,944][root][INFO] - Cost-to-go evaluation time for node 10: 0.8150 seconds
[2026-07-16 13:22:09,723][root][INFO] - Backward constraint evaluation time for node 10: 0.7706 seconds
[2026-07-16 13:22:10,540][root][INFO] - Cost-to-go evaluation time for node 10: 0.8160 seconds
[2026-07-16 13:22:11,325][root][INFO] - Backward constraint evaluation time for node 10: 0.7778 seconds
[2026-07-16 13:22:12,143][root][INFO] - Cost-to-go evaluation time for node 10: 0.8168 seconds
[2026-07-16 13:22:12,150][root][INFO] - Solver iteration: 0
[2026-07-16 13:22:12,151][root][INFO] - 	 *Phase: INITIAL
[2026-07-16 13:22:12,151][root][INFO] - 	 *lowest F value: -2.08058 | # live points: 1000
[2026-07-16 13:22:12,158][root][INFO] - Phase INITIAL is over.
[2026-07-16 13:22:12,943][root][INFO] - Backward constraint evaluation time for node 10: 0.7736 seconds
[2026-07-16 13:22:13,761][root][INFO] - Cost-to-go evaluation time for node 10: 0.8168 seconds
[2026-07-16 13:22:13,761][root][INFO] - [s] SQP feasible:  bwd-cls 100/100 (100%), bwd-CTG 100/100 (100%)
[2026-07-16 13:22:13,761][root][INFO] - [s] SQP converged: bwd-cls 100/100 (100%), bwd-CTG 100/100 (100%)
[2026-07-16 13:22:13,769][root][INFO] - Solver iteration: 1
[2026-07-16 13:22:13,769][root][INFO] - 	 *Phase: DETERMINISTIC
[2026-07-16 13:22:13,769][root][INFO] - 	 *lowest F value: -1.61014 | # live points: 1000 | # proposals: 100
[2026-07-16 13:22:13,769][root][INFO] - 	 *Fraction of live points in DS~nominal: 1.0000
[2026-07-16 13:22:13,769][root][INFO] - 	 *Evidence estimate: 0.00000
[2026-07-16 13:22:13,769][root][INFO] - Phase DETERMINISTIC is over.
[2026-07-16 13:22:13,769][root][INFO] - Phase NMVP_SEARCH is skipped.
[2026-07-16 13:22:14,561][root][INFO] - Backward constraint evaluation time for node 10: 0.7754 seconds
[2026-07-16 13:22:15,377][root][INFO] - Cost-to-go evaluation time for node 10: 0.8149 seconds
[2026-07-16 13:22:16,157][root][INFO] - Backward constraint evaluation time for node 10: 0.7725 seconds
[2026-07-16 13:22:16,972][root][INFO] - Cost-to-go evaluation time for node 10: 0.8134 seconds
[2026-07-16 13:22:17,753][root][INFO] - Backward constraint evaluation time for node 10: 0.7733 seconds
[2026-07-16 13:22:18,568][root][INFO] - Cost-to-go evaluation time for node 10: 0.8141 seconds
[2026-07-16 13:22:19,350][root][INFO] - Backward constraint evaluation time for node 10: 0.7746 seconds
[2026-07-16 13:22:20,167][root][INFO] - Cost-to-go evaluation time for node 10: 0.8158 seconds
[2026-07-16 13:22:20,949][root][INFO] - Backward constraint evaluation time for node 10: 0.7741 seconds
[2026-07-16 13:22:21,762][root][INFO] - Cost-to-go evaluation time for node 10: 0.8122 seconds
[2026-07-16 13:22:22,547][root][INFO] - Backward constraint evaluation time for node 10: 0.7776 seconds
[2026-07-16 13:22:23,361][root][INFO] - Cost-to-go evaluation time for node 10: 0.8125 seconds
[2026-07-16 13:22:24,145][root][INFO] - Backward constraint evaluation time for node 10: 0.7764 seconds
[2026-07-16 13:22:24,960][root][INFO] - Cost-to-go evaluation time for node 10: 0.8147 seconds
[2026-07-16 13:22:25,742][root][INFO] - Backward constraint evaluation time for node 10: 0.7734 seconds
[2026-07-16 13:22:26,555][root][INFO] - Cost-to-go evaluation time for node 10: 0.8120 seconds
[2026-07-16 13:22:27,333][root][INFO] - Backward constraint evaluation time for node 10: 0.7709 seconds
[2026-07-16 13:22:28,152][root][INFO] - Cost-to-go evaluation time for node 10: 0.8181 seconds
[2026-07-16 13:22:28,934][root][INFO] - Backward constraint evaluation time for node 10: 0.7741 seconds
[2026-07-16 13:22:29,753][root][INFO] - Cost-to-go evaluation time for node 10: 0.8179 seconds
[2026-07-16 13:22:29,754][root][INFO] - [s] SQP feasible:  bwd-cls 1000/1000 (100%), bwd-CTG 1000/1000 (100%)
[2026-07-16 13:22:29,754][root][INFO] - [s] SQP converged: bwd-cls 1000/1000 (100%), bwd-CTG 1000/1000 (100%)
[2026-07-16 13:22:29,759][root][INFO] - Solver iteration: 1
[2026-07-16 13:22:29,759][root][INFO] - 	 *Phase: TRANSITION
[2026-07-16 13:22:29,760][root][INFO] - 	 *lowest F value: 1.00000 | # live points: 1000
[2026-07-16 13:22:29,769][root][INFO] - Phase TRANSITION is over.
[2026-07-16 13:22:30,558][root][INFO] - Backward constraint evaluation time for node 10: 0.7762 seconds
[2026-07-16 13:22:31,380][root][INFO] - Cost-to-go evaluation time for node 10: 0.8211 seconds
[2026-07-16 13:22:31,381][root][INFO] - [s] SQP feasible:  bwd-cls 100/100 (100%), bwd-CTG 100/100 (100%)
[2026-07-16 13:22:31,381][root][INFO] - [s] SQP converged: bwd-cls 100/100 (100%), bwd-CTG 100/100 (100%)
[2026-07-16 13:22:31,387][root][INFO] - Solver iteration: 2
[2026-07-16 13:22:31,387][root][INFO] - 	 *Phase: PROBABILISTIC
[2026-07-16 13:22:31,387][root][INFO] - 	 *lowest F value: 1.00000 | # live points: 1000 | # proposals: 100
[2026-07-16 13:22:31,387][root][INFO] - 	 *Fraction of live points in DS~100.00%: 1.0000
[2026-07-16 13:22:31,387][root][INFO] - 	 *Evidence estimate: 2.30038
[2026-07-16 13:22:31,387][root][INFO] - Phase PROBABILISTIC is over.
[2026-07-16 13:22:31,482][root][INFO] - Design Space Characterization is done.
[2026-07-16 13:22:31,482][root][INFO] - Time taken to solve the problem: 39.189157009124756 seconds
[2026-07-16 13:22:31,489][root][INFO] - Node 10: bwd-cls — feasible 2200/2200 (100.0%), converged 2200/2200 (100.0%)
[2026-07-16 13:22:31,489][root][INFO] - Node 10: bwd-CTG — feasible 2200/2200 (100.0%), converged 2200/2200 (100.0%)
[2026-07-16 13:23:10,428][root][INFO] - training_performance (regressor): {'mse': Array(0.00016622, dtype=float64), 'standardised_mape': Array(0.02744824, dtype=float64)} | best_hyperparams={'hidden_size': [75, 75], 'activation_function': 'gelu', 'output_units': 1} | best_avg_val_loss=0.0003709
[2026-07-16 13:23:12,356][root][INFO] - training_performance: {'acc': 0.9670406732117812, 'tn': np.int64(1998), 'fp': np.int64(0), 'fn': np.int64(141), 'tp': np.int64(2139)}
[2026-07-16 13:23:13,132][root][INFO] - ------- Characterising node 9 according to precedence order -------
[2026-07-16 13:23:13,133][root][INFO] - Bounds: {'d1': {'d1': [np.float64(290.0), np.float64(302.0)]}, 'd2': {'d2': [np.float64(0.78), np.float64(0.97)]}, 'd3': {'d3': [np.float64(314.0), np.float64(332.0)]}, 'd4': {'d4': [np.float64(290.0), np.float64(302.0)]}, 'd5': {'d5': [np.float64(0.8), np.float64(0.95)]}}
[2026-07-16 13:23:13,133][root][INFO] - EXTENDED DS DIM.: 5
[2026-07-16 13:23:13,292][root][INFO] - Integration took 0.10829615592956543 seconds
[2026-07-16 13:23:15,838][root][INFO] - Backward constraint evaluation time for node 9: 2.1114 seconds
[2026-07-16 13:23:18,430][root][INFO] - Cost-to-go evaluation time for node 9: 2.3196 seconds
[2026-07-16 13:23:19,300][root][INFO] - Backward constraint evaluation time for node 9: 0.7776 seconds
[2026-07-16 13:23:20,119][root][INFO] - Cost-to-go evaluation time for node 9: 0.8178 seconds
[2026-07-16 13:23:20,906][root][INFO] - Backward constraint evaluation time for node 9: 0.7789 seconds
[2026-07-16 13:23:21,723][root][INFO] - Cost-to-go evaluation time for node 9: 0.8156 seconds
[2026-07-16 13:23:22,504][root][INFO] - Backward constraint evaluation time for node 9: 0.7738 seconds
[2026-07-16 13:23:23,323][root][INFO] - Cost-to-go evaluation time for node 9: 0.8174 seconds
[2026-07-16 13:23:24,105][root][INFO] - Backward constraint evaluation time for node 9: 0.7742 seconds
[2026-07-16 13:23:24,923][root][INFO] - Cost-to-go evaluation time for node 9: 0.8174 seconds
[2026-07-16 13:23:25,707][root][INFO] - Backward constraint evaluation time for node 9: 0.7755 seconds
[2026-07-16 13:23:26,539][root][INFO] - Cost-to-go evaluation time for node 9: 0.8310 seconds
[2026-07-16 13:23:27,326][root][INFO] - Backward constraint evaluation time for node 9: 0.7789 seconds
[2026-07-16 13:23:28,143][root][INFO] - Cost-to-go evaluation time for node 9: 0.8162 seconds
[2026-07-16 13:23:28,925][root][INFO] - Backward constraint evaluation time for node 9: 0.7745 seconds
[2026-07-16 13:23:29,747][root][INFO] - Cost-to-go evaluation time for node 9: 0.8209 seconds
[2026-07-16 13:23:30,529][root][INFO] - Backward constraint evaluation time for node 9: 0.7741 seconds
[2026-07-16 13:23:31,367][root][INFO] - Cost-to-go evaluation time for node 9: 0.8366 seconds
[2026-07-16 13:23:32,149][root][INFO] - Backward constraint evaluation time for node 9: 0.7750 seconds
[2026-07-16 13:23:32,968][root][INFO] - Cost-to-go evaluation time for node 9: 0.8174 seconds
[2026-07-16 13:23:32,975][root][INFO] - Solver iteration: 0
[2026-07-16 13:23:32,975][root][INFO] - 	 *Phase: INITIAL
[2026-07-16 13:23:32,975][root][INFO] - 	 *lowest F value: -2.08058 | # live points: 1000
[2026-07-16 13:23:32,982][root][INFO] - Phase INITIAL is over.
[2026-07-16 13:23:33,768][root][INFO] - Backward constraint evaluation time for node 9: 0.7741 seconds
[2026-07-16 13:23:34,585][root][INFO] - Cost-to-go evaluation time for node 9: 0.8158 seconds
[2026-07-16 13:23:34,585][root][INFO] - [s] SQP feasible:  bwd-cls 100/100 (100%), bwd-CTG 100/100 (100%)
[2026-07-16 13:23:34,585][root][INFO] - [s] SQP converged: bwd-cls 100/100 (100%), bwd-CTG 100/100 (100%)
[2026-07-16 13:23:34,594][root][INFO] - Solver iteration: 1
[2026-07-16 13:23:34,594][root][INFO] - 	 *Phase: DETERMINISTIC
[2026-07-16 13:23:34,594][root][INFO] - 	 *lowest F value: -1.61014 | # live points: 1000 | # proposals: 100
[2026-07-16 13:23:34,594][root][INFO] - 	 *Fraction of live points in DS~nominal: 1.0000
[2026-07-16 13:23:34,594][root][INFO] - 	 *Evidence estimate: 0.00000
[2026-07-16 13:23:34,594][root][INFO] - Phase DETERMINISTIC is over.
[2026-07-16 13:23:34,594][root][INFO] - Phase NMVP_SEARCH is skipped.
[2026-07-16 13:23:35,386][root][INFO] - Backward constraint evaluation time for node 9: 0.7761 seconds
[2026-07-16 13:23:36,201][root][INFO] - Cost-to-go evaluation time for node 9: 0.8147 seconds
[2026-07-16 13:23:36,982][root][INFO] - Backward constraint evaluation time for node 9: 0.7730 seconds
[2026-07-16 13:23:37,802][root][INFO] - Cost-to-go evaluation time for node 9: 0.8184 seconds
[2026-07-16 13:23:38,586][root][INFO] - Backward constraint evaluation time for node 9: 0.7766 seconds
[2026-07-16 13:23:39,404][root][INFO] - Cost-to-go evaluation time for node 9: 0.8169 seconds
[2026-07-16 13:23:40,186][root][INFO] - Backward constraint evaluation time for node 9: 0.7738 seconds
[2026-07-16 13:23:41,005][root][INFO] - Cost-to-go evaluation time for node 9: 0.8180 seconds
[2026-07-16 13:23:41,789][root][INFO] - Backward constraint evaluation time for node 9: 0.7763 seconds
[2026-07-16 13:23:42,606][root][INFO] - Cost-to-go evaluation time for node 9: 0.8163 seconds
[2026-07-16 13:23:43,389][root][INFO] - Backward constraint evaluation time for node 9: 0.7753 seconds
[2026-07-16 13:23:44,208][root][INFO] - Cost-to-go evaluation time for node 9: 0.8180 seconds
[2026-07-16 13:23:44,992][root][INFO] - Backward constraint evaluation time for node 9: 0.7764 seconds
[2026-07-16 13:23:45,811][root][INFO] - Cost-to-go evaluation time for node 9: 0.8174 seconds
[2026-07-16 13:23:46,593][root][INFO] - Backward constraint evaluation time for node 9: 0.7742 seconds
[2026-07-16 13:23:47,412][root][INFO] - Cost-to-go evaluation time for node 9: 0.8187 seconds
[2026-07-16 13:23:48,192][root][INFO] - Backward constraint evaluation time for node 9: 0.7719 seconds
[2026-07-16 13:23:49,014][root][INFO] - Cost-to-go evaluation time for node 9: 0.8206 seconds
[2026-07-16 13:23:49,797][root][INFO] - Backward constraint evaluation time for node 9: 0.7758 seconds
[2026-07-16 13:23:50,618][root][INFO] - Cost-to-go evaluation time for node 9: 0.8198 seconds
[2026-07-16 13:23:50,619][root][INFO] - [s] SQP feasible:  bwd-cls 1000/1000 (100%), bwd-CTG 1000/1000 (100%)
[2026-07-16 13:23:50,619][root][INFO] - [s] SQP converged: bwd-cls 1000/1000 (100%), bwd-CTG 1000/1000 (100%)
[2026-07-16 13:23:50,624][root][INFO] - Solver iteration: 1
[2026-07-16 13:23:50,624][root][INFO] - 	 *Phase: TRANSITION
[2026-07-16 13:23:50,624][root][INFO] - 	 *lowest F value: 1.00000 | # live points: 1000
[2026-07-16 13:23:50,633][root][INFO] - Phase TRANSITION is over.
[2026-07-16 13:23:51,437][root][INFO] - Backward constraint evaluation time for node 9: 0.7902 seconds
[2026-07-16 13:23:52,253][root][INFO] - Cost-to-go evaluation time for node 9: 0.8152 seconds
[2026-07-16 13:23:52,254][root][INFO] - [s] SQP feasible:  bwd-cls 100/100 (100%), bwd-CTG 100/100 (100%)
[2026-07-16 13:23:52,254][root][INFO] - [s] SQP converged: bwd-cls 100/100 (100%), bwd-CTG 100/100 (100%)
[2026-07-16 13:23:52,259][root][INFO] - Solver iteration: 2
[2026-07-16 13:23:52,259][root][INFO] - 	 *Phase: PROBABILISTIC
[2026-07-16 13:23:52,259][root][INFO] - 	 *lowest F value: 1.00000 | # live points: 1000 | # proposals: 100
[2026-07-16 13:23:52,259][root][INFO] - 	 *Fraction of live points in DS~100.00%: 1.0000
[2026-07-16 13:23:52,259][root][INFO] - 	 *Evidence estimate: 2.30038
[2026-07-16 13:23:52,259][root][INFO] - Phase PROBABILISTIC is over.
[2026-07-16 13:23:52,367][root][INFO] - Design Space Characterization is done.
[2026-07-16 13:23:52,367][root][INFO] - Time taken to solve the problem: 39.2239248752594 seconds
[2026-07-16 13:23:52,381][root][INFO] - Node 9: bwd-cls — feasible 2200/2200 (100.0%), converged 2200/2200 (100.0%)
[2026-07-16 13:23:52,381][root][INFO] - Node 9: bwd-CTG — feasible 2200/2200 (100.0%), converged 2200/2200 (100.0%)
[2026-07-16 13:24:31,350][root][INFO] - training_performance (regressor): {'mse': Array(0.00015893, dtype=float64), 'standardised_mape': Array(0.097759, dtype=float64)} | best_hyperparams={'hidden_size': [75, 75], 'activation_function': 'gelu', 'output_units': 1} | best_avg_val_loss=0.0003367
[2026-07-16 13:24:33,310][root][INFO] - training_performance: {'acc': 0.9670406732117812, 'tn': np.int64(1998), 'fp': np.int64(0), 'fn': np.int64(141), 'tp': np.int64(2139)}
[2026-07-16 13:24:34,066][root][INFO] - ------- Characterising node 8 according to precedence order -------
[2026-07-16 13:24:34,067][root][INFO] - Bounds: {'d1': {'d1': [np.float64(290.0), np.float64(302.0)]}, 'd2': {'d2': [np.float64(0.78), np.float64(0.97)]}, 'd3': {'d3': [np.float64(314.0), np.float64(332.0)]}, 'd4': {'d4': [np.float64(290.0), np.float64(302.0)]}, 'd5': {'d5': [np.float64(0.8), np.float64(0.95)]}}
[2026-07-16 13:24:34,067][root][INFO] - EXTENDED DS DIM.: 5
[2026-07-16 13:24:34,223][root][INFO] - Integration took 0.10399889945983887 seconds
[2026-07-16 13:24:36,756][root][INFO] - Backward constraint evaluation time for node 8: 2.1079 seconds
[2026-07-16 13:24:39,439][root][INFO] - Cost-to-go evaluation time for node 8: 2.4133 seconds
[2026-07-16 13:24:40,313][root][INFO] - Backward constraint evaluation time for node 8: 0.7733 seconds
[2026-07-16 13:24:41,136][root][INFO] - Cost-to-go evaluation time for node 8: 0.8215 seconds
[2026-07-16 13:24:41,917][root][INFO] - Backward constraint evaluation time for node 8: 0.7735 seconds
[2026-07-16 13:24:42,736][root][INFO] - Cost-to-go evaluation time for node 8: 0.8181 seconds
[2026-07-16 13:24:43,517][root][INFO] - Backward constraint evaluation time for node 8: 0.7726 seconds
[2026-07-16 13:24:44,337][root][INFO] - Cost-to-go evaluation time for node 8: 0.8191 seconds
[2026-07-16 13:24:45,118][root][INFO] - Backward constraint evaluation time for node 8: 0.7739 seconds
[2026-07-16 13:24:45,938][root][INFO] - Cost-to-go evaluation time for node 8: 0.8183 seconds
[2026-07-16 13:24:46,719][root][INFO] - Backward constraint evaluation time for node 8: 0.7738 seconds
[2026-07-16 13:24:47,543][root][INFO] - Cost-to-go evaluation time for node 8: 0.8228 seconds
[2026-07-16 13:24:48,324][root][INFO] - Backward constraint evaluation time for node 8: 0.7734 seconds
[2026-07-16 13:24:49,145][root][INFO] - Cost-to-go evaluation time for node 8: 0.8200 seconds
[2026-07-16 13:24:49,927][root][INFO] - Backward constraint evaluation time for node 8: 0.7741 seconds
[2026-07-16 13:24:50,746][root][INFO] - Cost-to-go evaluation time for node 8: 0.8179 seconds
[2026-07-16 13:24:51,529][root][INFO] - Backward constraint evaluation time for node 8: 0.7744 seconds
[2026-07-16 13:24:52,351][root][INFO] - Cost-to-go evaluation time for node 8: 0.8211 seconds
[2026-07-16 13:24:53,130][root][INFO] - Backward constraint evaluation time for node 8: 0.7719 seconds
[2026-07-16 13:24:53,953][root][INFO] - Cost-to-go evaluation time for node 8: 0.8218 seconds
[2026-07-16 13:24:53,961][root][INFO] - Solver iteration: 0
[2026-07-16 13:24:53,961][root][INFO] - 	 *Phase: INITIAL
[2026-07-16 13:24:53,961][root][INFO] - 	 *lowest F value: -2.08058 | # live points: 1000
[2026-07-16 13:24:53,968][root][INFO] - Phase INITIAL is over.
[2026-07-16 13:24:54,752][root][INFO] - Backward constraint evaluation time for node 8: 0.7724 seconds
[2026-07-16 13:24:55,568][root][INFO] - Cost-to-go evaluation time for node 8: 0.8150 seconds
[2026-07-16 13:24:55,569][root][INFO] - [s] SQP feasible:  bwd-cls 100/100 (100%), bwd-CTG 100/100 (100%)
[2026-07-16 13:24:55,569][root][INFO] - [s] SQP converged: bwd-cls 100/100 (100%), bwd-CTG 100/100 (100%)
[2026-07-16 13:24:55,577][root][INFO] - Solver iteration: 1
[2026-07-16 13:24:55,577][root][INFO] - 	 *Phase: DETERMINISTIC
[2026-07-16 13:24:55,577][root][INFO] - 	 *lowest F value: -1.61014 | # live points: 1000 | # proposals: 100
[2026-07-16 13:24:55,577][root][INFO] - 	 *Fraction of live points in DS~nominal: 1.0000
[2026-07-16 13:24:55,577][root][INFO] - 	 *Evidence estimate: 0.00000
[2026-07-16 13:24:55,577][root][INFO] - Phase DETERMINISTIC is over.
[2026-07-16 13:24:55,577][root][INFO] - Phase NMVP_SEARCH is skipped.
[2026-07-16 13:24:56,367][root][INFO] - Backward constraint evaluation time for node 8: 0.7736 seconds
[2026-07-16 13:24:57,192][root][INFO] - Cost-to-go evaluation time for node 8: 0.8243 seconds
[2026-07-16 13:24:57,975][root][INFO] - Backward constraint evaluation time for node 8: 0.7751 seconds
[2026-07-16 13:24:58,796][root][INFO] - Cost-to-go evaluation time for node 8: 0.8202 seconds
[2026-07-16 13:24:59,580][root][INFO] - Backward constraint evaluation time for node 8: 0.7757 seconds
[2026-07-16 13:25:00,401][root][INFO] - Cost-to-go evaluation time for node 8: 0.8200 seconds
[2026-07-16 13:25:01,182][root][INFO] - Backward constraint evaluation time for node 8: 0.7731 seconds
[2026-07-16 13:25:02,001][root][INFO] - Cost-to-go evaluation time for node 8: 0.8180 seconds
[2026-07-16 13:25:02,783][root][INFO] - Backward constraint evaluation time for node 8: 0.7745 seconds
[2026-07-16 13:25:03,602][root][INFO] - Cost-to-go evaluation time for node 8: 0.8179 seconds
[2026-07-16 13:25:04,387][root][INFO] - Backward constraint evaluation time for node 8: 0.7777 seconds
[2026-07-16 13:25:05,208][root][INFO] - Cost-to-go evaluation time for node 8: 0.8197 seconds
[2026-07-16 13:25:05,990][root][INFO] - Backward constraint evaluation time for node 8: 0.7741 seconds
[2026-07-16 13:25:06,809][root][INFO] - Cost-to-go evaluation time for node 8: 0.8179 seconds
[2026-07-16 13:25:07,590][root][INFO] - Backward constraint evaluation time for node 8: 0.7736 seconds
[2026-07-16 13:25:08,411][root][INFO] - Cost-to-go evaluation time for node 8: 0.8197 seconds
[2026-07-16 13:25:09,192][root][INFO] - Backward constraint evaluation time for node 8: 0.7732 seconds
[2026-07-16 13:25:10,011][root][INFO] - Cost-to-go evaluation time for node 8: 0.8181 seconds
[2026-07-16 13:25:10,792][root][INFO] - Backward constraint evaluation time for node 8: 0.7732 seconds
[2026-07-16 13:25:11,619][root][INFO] - Cost-to-go evaluation time for node 8: 0.8257 seconds
[2026-07-16 13:25:11,619][root][INFO] - [s] SQP feasible:  bwd-cls 1000/1000 (100%), bwd-CTG 1000/1000 (100%)
[2026-07-16 13:25:11,619][root][INFO] - [s] SQP converged: bwd-cls 1000/1000 (100%), bwd-CTG 1000/1000 (100%)
[2026-07-16 13:25:11,624][root][INFO] - Solver iteration: 1
[2026-07-16 13:25:11,624][root][INFO] - 	 *Phase: TRANSITION
[2026-07-16 13:25:11,625][root][INFO] - 	 *lowest F value: 1.00000 | # live points: 1000
[2026-07-16 13:25:11,634][root][INFO] - Phase TRANSITION is over.
[2026-07-16 13:25:12,418][root][INFO] - Backward constraint evaluation time for node 8: 0.7710 seconds
[2026-07-16 13:25:13,236][root][INFO] - Cost-to-go evaluation time for node 8: 0.8169 seconds
[2026-07-16 13:25:13,236][root][INFO] - [s] SQP feasible:  bwd-cls 100/100 (100%), bwd-CTG 100/100 (100%)
[2026-07-16 13:25:13,236][root][INFO] - [s] SQP converged: bwd-cls 100/100 (100%), bwd-CTG 100/100 (100%)
[2026-07-16 13:25:13,242][root][INFO] - Solver iteration: 2
[2026-07-16 13:25:13,242][root][INFO] - 	 *Phase: PROBABILISTIC
[2026-07-16 13:25:13,242][root][INFO] - 	 *lowest F value: 1.00000 | # live points: 1000 | # proposals: 100
[2026-07-16 13:25:13,242][root][INFO] - 	 *Fraction of live points in DS~100.00%: 1.0000
[2026-07-16 13:25:13,242][root][INFO] - 	 *Evidence estimate: 2.30038
[2026-07-16 13:25:13,242][root][INFO] - Phase PROBABILISTIC is over.
[2026-07-16 13:25:13,350][root][INFO] - Design Space Characterization is done.
[2026-07-16 13:25:13,351][root][INFO] - Time taken to solve the problem: 39.271870851516724 seconds
[2026-07-16 13:25:13,363][root][INFO] - Node 8: bwd-cls — feasible 2200/2200 (100.0%), converged 2200/2200 (100.0%)
[2026-07-16 13:25:13,363][root][INFO] - Node 8: bwd-CTG — feasible 2200/2200 (100.0%), converged 2200/2200 (100.0%)
[2026-07-16 13:25:52,227][root][INFO] - training_performance (regressor): {'mse': Array(0.00013769, dtype=float64), 'standardised_mape': Array(0.0281483, dtype=float64)} | best_hyperparams={'hidden_size': [75, 75], 'activation_function': 'gelu', 'output_units': 1} | best_avg_val_loss=0.0002966
[2026-07-16 13:25:54,094][root][INFO] - training_performance: {'acc': 0.9670406732117812, 'tn': np.int64(1998), 'fp': np.int64(0), 'fn': np.int64(141), 'tp': np.int64(2139)}
[2026-07-16 13:25:54,873][root][INFO] - ------- Characterising node 7 according to precedence order -------
[2026-07-16 13:25:54,874][root][INFO] - Bounds: {'d1': {'d1': [np.float64(290.0), np.float64(302.0)]}, 'd2': {'d2': [np.float64(0.78), np.float64(0.97)]}, 'd3': {'d3': [np.float64(314.0), np.float64(332.0)]}, 'd4': {'d4': [np.float64(290.0), np.float64(302.0)]}, 'd5': {'d5': [np.float64(0.8), np.float64(0.95)]}}
[2026-07-16 13:25:54,874][root][INFO] - EXTENDED DS DIM.: 5
[2026-07-16 13:25:55,037][root][INFO] - Integration took 0.10647010803222656 seconds
[2026-07-16 13:25:57,576][root][INFO] - Backward constraint evaluation time for node 7: 2.1132 seconds
[2026-07-16 13:26:00,147][root][INFO] - Cost-to-go evaluation time for node 7: 2.2934 seconds
[2026-07-16 13:26:01,020][root][INFO] - Backward constraint evaluation time for node 7: 0.7759 seconds
[2026-07-16 13:26:01,843][root][INFO] - Cost-to-go evaluation time for node 7: 0.8221 seconds
[2026-07-16 13:26:02,627][root][INFO] - Backward constraint evaluation time for node 7: 0.7760 seconds
[2026-07-16 13:26:03,446][root][INFO] - Cost-to-go evaluation time for node 7: 0.8180 seconds
[2026-07-16 13:26:04,230][root][INFO] - Backward constraint evaluation time for node 7: 0.7765 seconds
[2026-07-16 13:26:05,047][root][INFO] - Cost-to-go evaluation time for node 7: 0.8164 seconds
[2026-07-16 13:26:05,829][root][INFO] - Backward constraint evaluation time for node 7: 0.7738 seconds
[2026-07-16 13:26:06,648][root][INFO] - Cost-to-go evaluation time for node 7: 0.8177 seconds
[2026-07-16 13:26:07,429][root][INFO] - Backward constraint evaluation time for node 7: 0.7737 seconds
[2026-07-16 13:26:08,251][root][INFO] - Cost-to-go evaluation time for node 7: 0.8210 seconds
[2026-07-16 13:26:09,033][root][INFO] - Backward constraint evaluation time for node 7: 0.7738 seconds
[2026-07-16 13:26:09,851][root][INFO] - Cost-to-go evaluation time for node 7: 0.8171 seconds
[2026-07-16 13:26:10,633][root][INFO] - Backward constraint evaluation time for node 7: 0.7746 seconds
[2026-07-16 13:26:11,452][root][INFO] - Cost-to-go evaluation time for node 7: 0.8175 seconds
[2026-07-16 13:26:12,239][root][INFO] - Backward constraint evaluation time for node 7: 0.7796 seconds
[2026-07-16 13:26:13,057][root][INFO] - Cost-to-go evaluation time for node 7: 0.8170 seconds
[2026-07-16 13:26:13,839][root][INFO] - Backward constraint evaluation time for node 7: 0.7739 seconds
[2026-07-16 13:26:14,659][root][INFO] - Cost-to-go evaluation time for node 7: 0.8193 seconds
[2026-07-16 13:26:14,667][root][INFO] - Solver iteration: 0
[2026-07-16 13:26:14,667][root][INFO] - 	 *Phase: INITIAL
[2026-07-16 13:26:14,667][root][INFO] - 	 *lowest F value: -2.08058 | # live points: 1000
[2026-07-16 13:26:14,673][root][INFO] - Phase INITIAL is over.
[2026-07-16 13:26:15,461][root][INFO] - Backward constraint evaluation time for node 7: 0.7757 seconds
[2026-07-16 13:26:16,278][root][INFO] - Cost-to-go evaluation time for node 7: 0.8167 seconds
[2026-07-16 13:26:16,279][root][INFO] - [s] SQP feasible:  bwd-cls 100/100 (100%), bwd-CTG 100/100 (100%)
[2026-07-16 13:26:16,279][root][INFO] - [s] SQP converged: bwd-cls 100/100 (100%), bwd-CTG 100/100 (100%)
[2026-07-16 13:26:16,287][root][INFO] - Solver iteration: 1
[2026-07-16 13:26:16,287][root][INFO] - 	 *Phase: DETERMINISTIC
[2026-07-16 13:26:16,287][root][INFO] - 	 *lowest F value: -1.61014 | # live points: 1000 | # proposals: 100
[2026-07-16 13:26:16,287][root][INFO] - 	 *Fraction of live points in DS~nominal: 1.0000
[2026-07-16 13:26:16,287][root][INFO] - 	 *Evidence estimate: 0.00000
[2026-07-16 13:26:16,287][root][INFO] - Phase DETERMINISTIC is over.
[2026-07-16 13:26:16,287][root][INFO] - Phase NMVP_SEARCH is skipped.
[2026-07-16 13:26:17,076][root][INFO] - Backward constraint evaluation time for node 7: 0.7727 seconds
[2026-07-16 13:26:17,897][root][INFO] - Cost-to-go evaluation time for node 7: 0.8205 seconds
[2026-07-16 13:26:18,680][root][INFO] - Backward constraint evaluation time for node 7: 0.7745 seconds
[2026-07-16 13:26:19,500][root][INFO] - Cost-to-go evaluation time for node 7: 0.8190 seconds
[2026-07-16 13:26:20,281][root][INFO] - Backward constraint evaluation time for node 7: 0.7733 seconds
[2026-07-16 13:26:21,100][root][INFO] - Cost-to-go evaluation time for node 7: 0.8180 seconds
[2026-07-16 13:26:21,880][root][INFO] - Backward constraint evaluation time for node 7: 0.7725 seconds
[2026-07-16 13:26:22,699][root][INFO] - Cost-to-go evaluation time for node 7: 0.8178 seconds
[2026-07-16 13:26:23,482][root][INFO] - Backward constraint evaluation time for node 7: 0.7754 seconds
[2026-07-16 13:26:24,300][root][INFO] - Cost-to-go evaluation time for node 7: 0.8166 seconds
[2026-07-16 13:26:25,081][root][INFO] - Backward constraint evaluation time for node 7: 0.7733 seconds
[2026-07-16 13:26:25,899][root][INFO] - Cost-to-go evaluation time for node 7: 0.8175 seconds
[2026-07-16 13:26:26,681][root][INFO] - Backward constraint evaluation time for node 7: 0.7738 seconds
[2026-07-16 13:26:27,499][root][INFO] - Cost-to-go evaluation time for node 7: 0.8171 seconds
[2026-07-16 13:26:28,278][root][INFO] - Backward constraint evaluation time for node 7: 0.7716 seconds
[2026-07-16 13:26:29,094][root][INFO] - Cost-to-go evaluation time for node 7: 0.8149 seconds
[2026-07-16 13:26:29,875][root][INFO] - Backward constraint evaluation time for node 7: 0.7730 seconds
[2026-07-16 13:26:30,692][root][INFO] - Cost-to-go evaluation time for node 7: 0.8161 seconds
[2026-07-16 13:26:31,476][root][INFO] - Backward constraint evaluation time for node 7: 0.7759 seconds
[2026-07-16 13:26:32,299][root][INFO] - Cost-to-go evaluation time for node 7: 0.8221 seconds
[2026-07-16 13:26:32,300][root][INFO] - [s] SQP feasible:  bwd-cls 1000/1000 (100%), bwd-CTG 1000/1000 (100%)
[2026-07-16 13:26:32,300][root][INFO] - [s] SQP converged: bwd-cls 1000/1000 (100%), bwd-CTG 1000/1000 (100%)
[2026-07-16 13:26:32,305][root][INFO] - Solver iteration: 1
[2026-07-16 13:26:32,305][root][INFO] - 	 *Phase: TRANSITION
[2026-07-16 13:26:32,305][root][INFO] - 	 *lowest F value: 1.00000 | # live points: 1000
[2026-07-16 13:26:32,314][root][INFO] - Phase TRANSITION is over.
[2026-07-16 13:26:33,101][root][INFO] - Backward constraint evaluation time for node 7: 0.7748 seconds
[2026-07-16 13:26:33,921][root][INFO] - Cost-to-go evaluation time for node 7: 0.8188 seconds
[2026-07-16 13:26:33,922][root][INFO] - [s] SQP feasible:  bwd-cls 100/100 (100%), bwd-CTG 100/100 (100%)
[2026-07-16 13:26:33,922][root][INFO] - [s] SQP converged: bwd-cls 100/100 (100%), bwd-CTG 100/100 (100%)
[2026-07-16 13:26:33,928][root][INFO] - Solver iteration: 2
[2026-07-16 13:26:33,928][root][INFO] - 	 *Phase: PROBABILISTIC
[2026-07-16 13:26:33,928][root][INFO] - 	 *lowest F value: 1.00000 | # live points: 1000 | # proposals: 100
[2026-07-16 13:26:33,928][root][INFO] - 	 *Fraction of live points in DS~100.00%: 1.0000
[2026-07-16 13:26:33,928][root][INFO] - 	 *Evidence estimate: 2.30038
[2026-07-16 13:26:33,928][root][INFO] - Phase PROBABILISTIC is over.
[2026-07-16 13:26:34,034][root][INFO] - Design Space Characterization is done.
[2026-07-16 13:26:34,034][root][INFO] - Time taken to solve the problem: 39.149271965026855 seconds
[2026-07-16 13:26:34,046][root][INFO] - Node 7: bwd-cls — feasible 2200/2200 (100.0%), converged 2200/2200 (100.0%)
[2026-07-16 13:26:34,046][root][INFO] - Node 7: bwd-CTG — feasible 2200/2200 (100.0%), converged 2200/2200 (100.0%)
[2026-07-16 13:27:12,664][root][INFO] - training_performance (regressor): {'mse': Array(0.00014617, dtype=float64), 'standardised_mape': Array(0.02787417, dtype=float64)} | best_hyperparams={'hidden_size': [75, 75], 'activation_function': 'gelu', 'output_units': 1} | best_avg_val_loss=0.0003147
[2026-07-16 13:27:14,575][root][INFO] - training_performance: {'acc': 0.9670406732117812, 'tn': np.int64(1998), 'fp': np.int64(0), 'fn': np.int64(141), 'tp': np.int64(2139)}
[2026-07-16 13:27:15,349][root][INFO] - ------- Characterising node 6 according to precedence order -------
[2026-07-16 13:27:15,351][root][INFO] - Bounds: {'d1': {'d1': [np.float64(290.0), np.float64(302.0)]}, 'd2': {'d2': [np.float64(0.78), np.float64(0.97)]}, 'd3': {'d3': [np.float64(314.0), np.float64(332.0)]}, 'd4': {'d4': [np.float64(290.0), np.float64(302.0)]}, 'd5': {'d5': [np.float64(0.8), np.float64(0.95)]}}
[2026-07-16 13:27:15,351][root][INFO] - EXTENDED DS DIM.: 5
[2026-07-16 13:27:15,507][root][INFO] - Integration took 0.10445904731750488 seconds
[2026-07-16 13:27:18,039][root][INFO] - Backward constraint evaluation time for node 6: 2.1158 seconds
[2026-07-16 13:27:20,616][root][INFO] - Cost-to-go evaluation time for node 6: 2.2972 seconds
[2026-07-16 13:27:21,490][root][INFO] - Backward constraint evaluation time for node 6: 0.7762 seconds
[2026-07-16 13:27:22,307][root][INFO] - Cost-to-go evaluation time for node 6: 0.8167 seconds
[2026-07-16 13:27:23,092][root][INFO] - Backward constraint evaluation time for node 6: 0.7761 seconds
[2026-07-16 13:27:23,910][root][INFO] - Cost-to-go evaluation time for node 6: 0.8173 seconds
[2026-07-16 13:27:24,690][root][INFO] - Backward constraint evaluation time for node 6: 0.7724 seconds
[2026-07-16 13:27:25,513][root][INFO] - Cost-to-go evaluation time for node 6: 0.8217 seconds
[2026-07-16 13:27:26,298][root][INFO] - Backward constraint evaluation time for node 6: 0.7772 seconds
[2026-07-16 13:27:27,118][root][INFO] - Cost-to-go evaluation time for node 6: 0.8185 seconds
[2026-07-16 13:27:27,901][root][INFO] - Backward constraint evaluation time for node 6: 0.7757 seconds
[2026-07-16 13:27:28,723][root][INFO] - Cost-to-go evaluation time for node 6: 0.8213 seconds
[2026-07-16 13:27:29,504][root][INFO] - Backward constraint evaluation time for node 6: 0.7731 seconds
[2026-07-16 13:27:30,327][root][INFO] - Cost-to-go evaluation time for node 6: 0.8215 seconds
[2026-07-16 13:27:31,108][root][INFO] - Backward constraint evaluation time for node 6: 0.7735 seconds
[2026-07-16 13:27:31,928][root][INFO] - Cost-to-go evaluation time for node 6: 0.8189 seconds
[2026-07-16 13:27:32,711][root][INFO] - Backward constraint evaluation time for node 6: 0.7755 seconds
[2026-07-16 13:27:33,531][root][INFO] - Cost-to-go evaluation time for node 6: 0.8184 seconds
[2026-07-16 13:27:34,314][root][INFO] - Backward constraint evaluation time for node 6: 0.7751 seconds
[2026-07-16 13:27:35,135][root][INFO] - Cost-to-go evaluation time for node 6: 0.8205 seconds
[2026-07-16 13:27:35,142][root][INFO] - Solver iteration: 0
[2026-07-16 13:27:35,143][root][INFO] - 	 *Phase: INITIAL
[2026-07-16 13:27:35,143][root][INFO] - 	 *lowest F value: -2.08058 | # live points: 1000
[2026-07-16 13:27:35,150][root][INFO] - Phase INITIAL is over.
[2026-07-16 13:27:35,937][root][INFO] - Backward constraint evaluation time for node 6: 0.7750 seconds
[2026-07-16 13:27:36,755][root][INFO] - Cost-to-go evaluation time for node 6: 0.8170 seconds
[2026-07-16 13:27:36,755][root][INFO] - [s] SQP feasible:  bwd-cls 100/100 (100%), bwd-CTG 100/100 (100%)
[2026-07-16 13:27:36,755][root][INFO] - [s] SQP converged: bwd-cls 100/100 (100%), bwd-CTG 100/100 (100%)
[2026-07-16 13:27:36,764][root][INFO] - Solver iteration: 1
[2026-07-16 13:27:36,764][root][INFO] - 	 *Phase: DETERMINISTIC
[2026-07-16 13:27:36,764][root][INFO] - 	 *lowest F value: -1.61014 | # live points: 1000 | # proposals: 100
[2026-07-16 13:27:36,764][root][INFO] - 	 *Fraction of live points in DS~nominal: 1.0000
[2026-07-16 13:27:36,764][root][INFO] - 	 *Evidence estimate: 0.00000
[2026-07-16 13:27:36,764][root][INFO] - Phase DETERMINISTIC is over.
[2026-07-16 13:27:36,764][root][INFO] - Phase NMVP_SEARCH is skipped.
[2026-07-16 13:27:37,554][root][INFO] - Backward constraint evaluation time for node 6: 0.7738 seconds
[2026-07-16 13:27:38,370][root][INFO] - Cost-to-go evaluation time for node 6: 0.8145 seconds
[2026-07-16 13:27:39,153][root][INFO] - Backward constraint evaluation time for node 6: 0.7758 seconds
[2026-07-16 13:27:39,973][root][INFO] - Cost-to-go evaluation time for node 6: 0.8186 seconds
[2026-07-16 13:27:40,755][root][INFO] - Backward constraint evaluation time for node 6: 0.7748 seconds
[2026-07-16 13:27:41,572][root][INFO] - Cost-to-go evaluation time for node 6: 0.8154 seconds
[2026-07-16 13:27:42,355][root][INFO] - Backward constraint evaluation time for node 6: 0.7751 seconds
[2026-07-16 13:27:43,173][root][INFO] - Cost-to-go evaluation time for node 6: 0.8176 seconds
[2026-07-16 13:27:43,957][root][INFO] - Backward constraint evaluation time for node 6: 0.7757 seconds
[2026-07-16 13:27:44,777][root][INFO] - Cost-to-go evaluation time for node 6: 0.8190 seconds
[2026-07-16 13:27:45,558][root][INFO] - Backward constraint evaluation time for node 6: 0.7733 seconds
[2026-07-16 13:27:46,376][root][INFO] - Cost-to-go evaluation time for node 6: 0.8167 seconds
[2026-07-16 13:27:47,159][root][INFO] - Backward constraint evaluation time for node 6: 0.7760 seconds
[2026-07-16 13:27:47,978][root][INFO] - Cost-to-go evaluation time for node 6: 0.8176 seconds
[2026-07-16 13:27:48,761][root][INFO] - Backward constraint evaluation time for node 6: 0.7750 seconds
[2026-07-16 13:27:49,580][root][INFO] - Cost-to-go evaluation time for node 6: 0.8183 seconds
[2026-07-16 13:27:50,363][root][INFO] - Backward constraint evaluation time for node 6: 0.7757 seconds
[2026-07-16 13:27:51,183][root][INFO] - Cost-to-go evaluation time for node 6: 0.8185 seconds
[2026-07-16 13:27:51,965][root][INFO] - Backward constraint evaluation time for node 6: 0.7740 seconds
[2026-07-16 13:27:52,787][root][INFO] - Cost-to-go evaluation time for node 6: 0.8211 seconds
[2026-07-16 13:27:52,787][root][INFO] - [s] SQP feasible:  bwd-cls 1000/1000 (100%), bwd-CTG 1000/1000 (100%)
[2026-07-16 13:27:52,787][root][INFO] - [s] SQP converged: bwd-cls 1000/1000 (100%), bwd-CTG 1000/1000 (100%)
[2026-07-16 13:27:52,793][root][INFO] - Solver iteration: 1
[2026-07-16 13:27:52,793][root][INFO] - 	 *Phase: TRANSITION
[2026-07-16 13:27:52,793][root][INFO] - 	 *lowest F value: 1.00000 | # live points: 1000
[2026-07-16 13:27:52,802][root][INFO] - Phase TRANSITION is over.
[2026-07-16 13:27:53,591][root][INFO] - Backward constraint evaluation time for node 6: 0.7755 seconds
[2026-07-16 13:27:54,408][root][INFO] - Cost-to-go evaluation time for node 6: 0.8165 seconds
[2026-07-16 13:27:54,409][root][INFO] - [s] SQP feasible:  bwd-cls 100/100 (100%), bwd-CTG 100/100 (100%)
[2026-07-16 13:27:54,409][root][INFO] - [s] SQP converged: bwd-cls 100/100 (100%), bwd-CTG 100/100 (100%)
[2026-07-16 13:27:54,415][root][INFO] - Solver iteration: 2
[2026-07-16 13:27:54,415][root][INFO] - 	 *Phase: PROBABILISTIC
[2026-07-16 13:27:54,415][root][INFO] - 	 *lowest F value: 1.00000 | # live points: 1000 | # proposals: 100
[2026-07-16 13:27:54,415][root][INFO] - 	 *Fraction of live points in DS~100.00%: 1.0000
[2026-07-16 13:27:54,415][root][INFO] - 	 *Evidence estimate: 2.30038
[2026-07-16 13:27:54,415][root][INFO] - Phase PROBABILISTIC is over.
[2026-07-16 13:27:54,511][root][INFO] - Design Space Characterization is done.
[2026-07-16 13:27:54,512][root][INFO] - Time taken to solve the problem: 39.150474071502686 seconds
[2026-07-16 13:27:54,528][root][INFO] - Node 6: bwd-cls — feasible 2200/2200 (100.0%), converged 2200/2200 (100.0%)
[2026-07-16 13:27:54,528][root][INFO] - Node 6: bwd-CTG — feasible 2200/2200 (100.0%), converged 2200/2200 (100.0%)
[2026-07-16 13:28:33,596][root][INFO] - training_performance (regressor): {'mse': Array(9.80428567e-05, dtype=float64), 'standardised_mape': Array(0.02649105, dtype=float64)} | best_hyperparams={'hidden_size': [100, 100], 'activation_function': 'gelu', 'output_units': 1} | best_avg_val_loss=0.0002952
[2026-07-16 13:28:35,517][root][INFO] - training_performance: {'acc': 0.9670406732117812, 'tn': np.int64(1998), 'fp': np.int64(0), 'fn': np.int64(141), 'tp': np.int64(2139)}
[2026-07-16 13:28:36,296][root][INFO] - ------- Characterising node 5 according to precedence order -------
[2026-07-16 13:28:36,297][root][INFO] - Bounds: {'d1': {'d1': [np.float64(290.0), np.float64(302.0)]}, 'd2': {'d2': [np.float64(0.78), np.float64(0.97)]}, 'd3': {'d3': [np.float64(314.0), np.float64(332.0)]}, 'd4': {'d4': [np.float64(290.0), np.float64(302.0)]}, 'd5': {'d5': [np.float64(0.8), np.float64(0.95)]}}
[2026-07-16 13:28:36,297][root][INFO] - EXTENDED DS DIM.: 5
[2026-07-16 13:28:36,452][root][INFO] - Integration took 0.1046299934387207 seconds
[2026-07-16 13:28:38,982][root][INFO] - Backward constraint evaluation time for node 5: 2.1094 seconds
[2026-07-16 13:28:41,693][root][INFO] - Cost-to-go evaluation time for node 5: 2.4326 seconds
[2026-07-16 13:28:42,558][root][INFO] - Backward constraint evaluation time for node 5: 0.7737 seconds
[2026-07-16 13:28:43,404][root][INFO] - Cost-to-go evaluation time for node 5: 0.8444 seconds
[2026-07-16 13:28:44,184][root][INFO] - Backward constraint evaluation time for node 5: 0.7723 seconds
[2026-07-16 13:28:45,027][root][INFO] - Cost-to-go evaluation time for node 5: 0.8423 seconds
[2026-07-16 13:28:45,807][root][INFO] - Backward constraint evaluation time for node 5: 0.7720 seconds
[2026-07-16 13:28:46,648][root][INFO] - Cost-to-go evaluation time for node 5: 0.8394 seconds
[2026-07-16 13:28:47,427][root][INFO] - Backward constraint evaluation time for node 5: 0.7715 seconds
[2026-07-16 13:28:48,268][root][INFO] - Cost-to-go evaluation time for node 5: 0.8400 seconds
[2026-07-16 13:28:49,049][root][INFO] - Backward constraint evaluation time for node 5: 0.7724 seconds
[2026-07-16 13:28:49,894][root][INFO] - Cost-to-go evaluation time for node 5: 0.8442 seconds
[2026-07-16 13:28:50,676][root][INFO] - Backward constraint evaluation time for node 5: 0.7743 seconds
[2026-07-16 13:28:51,521][root][INFO] - Cost-to-go evaluation time for node 5: 0.8443 seconds
[2026-07-16 13:28:52,302][root][INFO] - Backward constraint evaluation time for node 5: 0.7728 seconds
[2026-07-16 13:28:53,150][root][INFO] - Cost-to-go evaluation time for node 5: 0.8474 seconds
[2026-07-16 13:28:53,933][root][INFO] - Backward constraint evaluation time for node 5: 0.7749 seconds
[2026-07-16 13:28:54,780][root][INFO] - Cost-to-go evaluation time for node 5: 0.8456 seconds
[2026-07-16 13:28:55,560][root][INFO] - Backward constraint evaluation time for node 5: 0.7726 seconds
[2026-07-16 13:28:56,404][root][INFO] - Cost-to-go evaluation time for node 5: 0.8431 seconds
[2026-07-16 13:28:56,412][root][INFO] - Solver iteration: 0
[2026-07-16 13:28:56,412][root][INFO] - 	 *Phase: INITIAL
[2026-07-16 13:28:56,412][root][INFO] - 	 *lowest F value: -2.08058 | # live points: 1000
[2026-07-16 13:28:56,418][root][INFO] - Phase INITIAL is over.
[2026-07-16 13:28:57,207][root][INFO] - Backward constraint evaluation time for node 5: 0.7770 seconds
[2026-07-16 13:28:58,048][root][INFO] - Cost-to-go evaluation time for node 5: 0.8406 seconds
[2026-07-16 13:28:58,049][root][INFO] - [s] SQP feasible:  bwd-cls 100/100 (100%), bwd-CTG 100/100 (100%)
[2026-07-16 13:28:58,049][root][INFO] - [s] SQP converged: bwd-cls 100/100 (100%), bwd-CTG 100/100 (100%)
[2026-07-16 13:28:58,057][root][INFO] - Solver iteration: 1
[2026-07-16 13:28:58,057][root][INFO] - 	 *Phase: DETERMINISTIC
[2026-07-16 13:28:58,057][root][INFO] - 	 *lowest F value: -1.61014 | # live points: 1000 | # proposals: 100
[2026-07-16 13:28:58,057][root][INFO] - 	 *Fraction of live points in DS~nominal: 1.0000
[2026-07-16 13:28:58,057][root][INFO] - 	 *Evidence estimate: 0.00000
[2026-07-16 13:28:58,057][root][INFO] - Phase DETERMINISTIC is over.
[2026-07-16 13:28:58,057][root][INFO] - Phase NMVP_SEARCH is skipped.
[2026-07-16 13:28:58,845][root][INFO] - Backward constraint evaluation time for node 5: 0.7711 seconds
[2026-07-16 13:28:59,685][root][INFO] - Cost-to-go evaluation time for node 5: 0.8398 seconds
[2026-07-16 13:29:00,468][root][INFO] - Backward constraint evaluation time for node 5: 0.7747 seconds
[2026-07-16 13:29:01,312][root][INFO] - Cost-to-go evaluation time for node 5: 0.8435 seconds
[2026-07-16 13:29:02,092][root][INFO] - Backward constraint evaluation time for node 5: 0.7715 seconds
[2026-07-16 13:29:02,933][root][INFO] - Cost-to-go evaluation time for node 5: 0.8409 seconds
[2026-07-16 13:29:03,717][root][INFO] - Backward constraint evaluation time for node 5: 0.7762 seconds
[2026-07-16 13:29:04,566][root][INFO] - Cost-to-go evaluation time for node 5: 0.8471 seconds
[2026-07-16 13:29:05,348][root][INFO] - Backward constraint evaluation time for node 5: 0.7741 seconds
[2026-07-16 13:29:06,191][root][INFO] - Cost-to-go evaluation time for node 5: 0.8427 seconds
[2026-07-16 13:29:06,972][root][INFO] - Backward constraint evaluation time for node 5: 0.7732 seconds
[2026-07-16 13:29:07,814][root][INFO] - Cost-to-go evaluation time for node 5: 0.8408 seconds
[2026-07-16 13:29:08,596][root][INFO] - Backward constraint evaluation time for node 5: 0.7740 seconds
[2026-07-16 13:29:09,442][root][INFO] - Cost-to-go evaluation time for node 5: 0.8445 seconds
[2026-07-16 13:29:10,223][root][INFO] - Backward constraint evaluation time for node 5: 0.7735 seconds
[2026-07-16 13:29:11,067][root][INFO] - Cost-to-go evaluation time for node 5: 0.8434 seconds
[2026-07-16 13:29:11,852][root][INFO] - Backward constraint evaluation time for node 5: 0.7764 seconds
[2026-07-16 13:29:12,696][root][INFO] - Cost-to-go evaluation time for node 5: 0.8429 seconds
[2026-07-16 13:29:13,476][root][INFO] - Backward constraint evaluation time for node 5: 0.7729 seconds
[2026-07-16 13:29:14,322][root][INFO] - Cost-to-go evaluation time for node 5: 0.8446 seconds
[2026-07-16 13:29:14,323][root][INFO] - [s] SQP feasible:  bwd-cls 1000/1000 (100%), bwd-CTG 1000/1000 (100%)
[2026-07-16 13:29:14,323][root][INFO] - [s] SQP converged: bwd-cls 1000/1000 (100%), bwd-CTG 1000/1000 (100%)
[2026-07-16 13:29:14,328][root][INFO] - Solver iteration: 1
[2026-07-16 13:29:14,328][root][INFO] - 	 *Phase: TRANSITION
[2026-07-16 13:29:14,328][root][INFO] - 	 *lowest F value: 1.00000 | # live points: 1000
[2026-07-16 13:29:14,337][root][INFO] - Phase TRANSITION is over.
[2026-07-16 13:29:15,125][root][INFO] - Backward constraint evaluation time for node 5: 0.7748 seconds
[2026-07-16 13:29:15,968][root][INFO] - Cost-to-go evaluation time for node 5: 0.8422 seconds
[2026-07-16 13:29:15,969][root][INFO] - [s] SQP feasible:  bwd-cls 100/100 (100%), bwd-CTG 100/100 (100%)
[2026-07-16 13:29:15,969][root][INFO] - [s] SQP converged: bwd-cls 100/100 (100%), bwd-CTG 100/100 (100%)
[2026-07-16 13:29:15,975][root][INFO] - Solver iteration: 2
[2026-07-16 13:29:15,975][root][INFO] - 	 *Phase: PROBABILISTIC
[2026-07-16 13:29:15,975][root][INFO] - 	 *lowest F value: 1.00000 | # live points: 1000 | # proposals: 100
[2026-07-16 13:29:15,975][root][INFO] - 	 *Fraction of live points in DS~100.00%: 1.0000
[2026-07-16 13:29:15,975][root][INFO] - 	 *Evidence estimate: 2.30038
[2026-07-16 13:29:15,975][root][INFO] - Phase PROBABILISTIC is over.
[2026-07-16 13:29:16,084][root][INFO] - Design Space Characterization is done.
[2026-07-16 13:29:16,084][root][INFO] - Time taken to solve the problem: 39.77684473991394 seconds
[2026-07-16 13:29:16,098][root][INFO] - Node 5: bwd-cls — feasible 2200/2200 (100.0%), converged 2200/2200 (100.0%)
[2026-07-16 13:29:16,098][root][INFO] - Node 5: bwd-CTG — feasible 2200/2200 (100.0%), converged 2200/2200 (100.0%)
[2026-07-16 13:29:55,106][root][INFO] - training_performance (regressor): {'mse': Array(0.00015001, dtype=float64), 'standardised_mape': Array(0.02609577, dtype=float64)} | best_hyperparams={'hidden_size': [75, 75], 'activation_function': 'gelu', 'output_units': 1} | best_avg_val_loss=0.0003801
[2026-07-16 13:29:56,998][root][INFO] - training_performance: {'acc': 0.9670406732117812, 'tn': np.int64(1998), 'fp': np.int64(0), 'fn': np.int64(141), 'tp': np.int64(2139)}
[2026-07-16 13:29:57,781][root][INFO] - ------- Characterising node 4 according to precedence order -------
[2026-07-16 13:29:57,783][root][INFO] - Bounds: {'d1': {'d1': [np.float64(290.0), np.float64(302.0)]}, 'd2': {'d2': [np.float64(0.78), np.float64(0.97)]}, 'd3': {'d3': [np.float64(314.0), np.float64(332.0)]}, 'd4': {'d4': [np.float64(290.0), np.float64(302.0)]}, 'd5': {'d5': [np.float64(0.8), np.float64(0.95)]}}
[2026-07-16 13:29:57,783][root][INFO] - EXTENDED DS DIM.: 5
[2026-07-16 13:29:57,941][root][INFO] - Integration took 0.10586905479431152 seconds
[2026-07-16 13:30:00,485][root][INFO] - Backward constraint evaluation time for node 4: 2.1237 seconds
[2026-07-16 13:30:03,100][root][INFO] - Cost-to-go evaluation time for node 4: 2.3385 seconds
[2026-07-16 13:30:03,968][root][INFO] - Backward constraint evaluation time for node 4: 0.7746 seconds
[2026-07-16 13:30:04,791][root][INFO] - Cost-to-go evaluation time for node 4: 0.8216 seconds
[2026-07-16 13:30:05,579][root][INFO] - Backward constraint evaluation time for node 4: 0.7796 seconds
[2026-07-16 13:30:06,395][root][INFO] - Cost-to-go evaluation time for node 4: 0.8155 seconds
[2026-07-16 13:30:07,178][root][INFO] - Backward constraint evaluation time for node 4: 0.7746 seconds
[2026-07-16 13:30:07,995][root][INFO] - Cost-to-go evaluation time for node 4: 0.8165 seconds
[2026-07-16 13:30:08,775][root][INFO] - Backward constraint evaluation time for node 4: 0.7717 seconds
[2026-07-16 13:30:09,593][root][INFO] - Cost-to-go evaluation time for node 4: 0.8176 seconds
[2026-07-16 13:30:10,373][root][INFO] - Backward constraint evaluation time for node 4: 0.7719 seconds
[2026-07-16 13:30:11,198][root][INFO] - Cost-to-go evaluation time for node 4: 0.8238 seconds
[2026-07-16 13:30:11,984][root][INFO] - Backward constraint evaluation time for node 4: 0.7783 seconds
[2026-07-16 13:30:12,807][root][INFO] - Cost-to-go evaluation time for node 4: 0.8220 seconds
[2026-07-16 13:30:13,589][root][INFO] - Backward constraint evaluation time for node 4: 0.7745 seconds
[2026-07-16 13:30:14,410][root][INFO] - Cost-to-go evaluation time for node 4: 0.8194 seconds
[2026-07-16 13:30:15,192][root][INFO] - Backward constraint evaluation time for node 4: 0.7742 seconds
[2026-07-16 13:30:16,013][root][INFO] - Cost-to-go evaluation time for node 4: 0.8203 seconds
[2026-07-16 13:30:16,797][root][INFO] - Backward constraint evaluation time for node 4: 0.7761 seconds
[2026-07-16 13:30:17,617][root][INFO] - Cost-to-go evaluation time for node 4: 0.8192 seconds
[2026-07-16 13:30:17,625][root][INFO] - Solver iteration: 0
[2026-07-16 13:30:17,625][root][INFO] - 	 *Phase: INITIAL
[2026-07-16 13:30:17,625][root][INFO] - 	 *lowest F value: -2.08058 | # live points: 1000
[2026-07-16 13:30:17,632][root][INFO] - Phase INITIAL is over.
[2026-07-16 13:30:18,418][root][INFO] - Backward constraint evaluation time for node 4: 0.7744 seconds
[2026-07-16 13:30:19,242][root][INFO] - Cost-to-go evaluation time for node 4: 0.8236 seconds
[2026-07-16 13:30:19,243][root][INFO] - [s] SQP feasible:  bwd-cls 100/100 (100%), bwd-CTG 100/100 (100%)
[2026-07-16 13:30:19,243][root][INFO] - [s] SQP converged: bwd-cls 100/100 (100%), bwd-CTG 100/100 (100%)
[2026-07-16 13:30:19,251][root][INFO] - Solver iteration: 1
[2026-07-16 13:30:19,251][root][INFO] - 	 *Phase: DETERMINISTIC
[2026-07-16 13:30:19,251][root][INFO] - 	 *lowest F value: -1.61014 | # live points: 1000 | # proposals: 100
[2026-07-16 13:30:19,251][root][INFO] - 	 *Fraction of live points in DS~nominal: 1.0000
[2026-07-16 13:30:19,251][root][INFO] - 	 *Evidence estimate: 0.00000
[2026-07-16 13:30:19,251][root][INFO] - Phase DETERMINISTIC is over.
[2026-07-16 13:30:19,251][root][INFO] - Phase NMVP_SEARCH is skipped.
[2026-07-16 13:30:20,044][root][INFO] - Backward constraint evaluation time for node 4: 0.7758 seconds
[2026-07-16 13:30:20,861][root][INFO] - Cost-to-go evaluation time for node 4: 0.8163 seconds
[2026-07-16 13:30:21,642][root][INFO] - Backward constraint evaluation time for node 4: 0.7730 seconds
[2026-07-16 13:30:22,460][root][INFO] - Cost-to-go evaluation time for node 4: 0.8174 seconds
[2026-07-16 13:30:23,246][root][INFO] - Backward constraint evaluation time for node 4: 0.7776 seconds
[2026-07-16 13:30:24,066][root][INFO] - Cost-to-go evaluation time for node 4: 0.8193 seconds
[2026-07-16 13:30:24,848][root][INFO] - Backward constraint evaluation time for node 4: 0.7738 seconds
[2026-07-16 13:30:25,666][root][INFO] - Cost-to-go evaluation time for node 4: 0.8178 seconds
[2026-07-16 13:30:26,449][root][INFO] - Backward constraint evaluation time for node 4: 0.7743 seconds
[2026-07-16 13:30:27,268][root][INFO] - Cost-to-go evaluation time for node 4: 0.8187 seconds
[2026-07-16 13:30:28,049][root][INFO] - Backward constraint evaluation time for node 4: 0.7736 seconds
[2026-07-16 13:30:28,866][root][INFO] - Cost-to-go evaluation time for node 4: 0.8159 seconds
[2026-07-16 13:30:29,648][root][INFO] - Backward constraint evaluation time for node 4: 0.7738 seconds
[2026-07-16 13:30:30,465][root][INFO] - Cost-to-go evaluation time for node 4: 0.8159 seconds
[2026-07-16 13:30:31,245][root][INFO] - Backward constraint evaluation time for node 4: 0.7727 seconds
[2026-07-16 13:30:32,067][root][INFO] - Cost-to-go evaluation time for node 4: 0.8209 seconds
[2026-07-16 13:30:32,851][root][INFO] - Backward constraint evaluation time for node 4: 0.7757 seconds
[2026-07-16 13:30:33,669][root][INFO] - Cost-to-go evaluation time for node 4: 0.8169 seconds
[2026-07-16 13:30:34,451][root][INFO] - Backward constraint evaluation time for node 4: 0.7747 seconds
[2026-07-16 13:30:35,276][root][INFO] - Cost-to-go evaluation time for node 4: 0.8238 seconds
[2026-07-16 13:30:35,277][root][INFO] - [s] SQP feasible:  bwd-cls 1000/1000 (100%), bwd-CTG 1000/1000 (100%)
[2026-07-16 13:30:35,277][root][INFO] - [s] SQP converged: bwd-cls 1000/1000 (100%), bwd-CTG 1000/1000 (100%)
[2026-07-16 13:30:35,282][root][INFO] - Solver iteration: 1
[2026-07-16 13:30:35,282][root][INFO] - 	 *Phase: TRANSITION
[2026-07-16 13:30:35,282][root][INFO] - 	 *lowest F value: 1.00000 | # live points: 1000
[2026-07-16 13:30:35,291][root][INFO] - Phase TRANSITION is over.
[2026-07-16 13:30:36,078][root][INFO] - Backward constraint evaluation time for node 4: 0.7746 seconds
[2026-07-16 13:30:36,897][root][INFO] - Cost-to-go evaluation time for node 4: 0.8183 seconds
[2026-07-16 13:30:36,898][root][INFO] - [s] SQP feasible:  bwd-cls 100/100 (100%), bwd-CTG 100/100 (100%)
[2026-07-16 13:30:36,898][root][INFO] - [s] SQP converged: bwd-cls 100/100 (100%), bwd-CTG 100/100 (100%)
[2026-07-16 13:30:36,904][root][INFO] - Solver iteration: 2
[2026-07-16 13:30:36,904][root][INFO] - 	 *Phase: PROBABILISTIC
[2026-07-16 13:30:36,904][root][INFO] - 	 *lowest F value: 1.00000 | # live points: 1000 | # proposals: 100
[2026-07-16 13:30:36,904][root][INFO] - 	 *Fraction of live points in DS~100.00%: 1.0000
[2026-07-16 13:30:36,904][root][INFO] - 	 *Evidence estimate: 2.30038
[2026-07-16 13:30:36,904][root][INFO] - Phase PROBABILISTIC is over.
[2026-07-16 13:30:37,011][root][INFO] - Design Space Characterization is done.
[2026-07-16 13:30:37,011][root][INFO] - Time taken to solve the problem: 39.21770000457764 seconds
[2026-07-16 13:30:37,022][root][INFO] - Node 4: bwd-cls — feasible 2200/2200 (100.0%), converged 2200/2200 (100.0%)
[2026-07-16 13:30:37,022][root][INFO] - Node 4: bwd-CTG — feasible 2200/2200 (100.0%), converged 2200/2200 (100.0%)
[2026-07-16 13:31:16,495][root][INFO] - training_performance (regressor): {'mse': Array(0.00015208, dtype=float64), 'standardised_mape': Array(0.02214359, dtype=float64)} | best_hyperparams={'hidden_size': [75, 75], 'activation_function': 'gelu', 'output_units': 1} | best_avg_val_loss=0.0003471
[2026-07-16 13:31:18,365][root][INFO] - training_performance: {'acc': 0.9670406732117812, 'tn': np.int64(1998), 'fp': np.int64(0), 'fn': np.int64(141), 'tp': np.int64(2139)}
[2026-07-16 13:31:19,156][root][INFO] - ------- Characterising node 3 according to precedence order -------
[2026-07-16 13:31:19,157][root][INFO] - Bounds: {'d1': {'d1': [np.float64(290.0), np.float64(302.0)]}, 'd2': {'d2': [np.float64(0.78), np.float64(0.97)]}, 'd3': {'d3': [np.float64(314.0), np.float64(332.0)]}, 'd4': {'d4': [np.float64(290.0), np.float64(302.0)]}, 'd5': {'d5': [np.float64(0.8), np.float64(0.95)]}}
[2026-07-16 13:31:19,157][root][INFO] - EXTENDED DS DIM.: 5
[2026-07-16 13:31:19,312][root][INFO] - Integration took 0.10367202758789062 seconds
[2026-07-16 13:31:21,884][root][INFO] - Backward constraint evaluation time for node 3: 2.1336 seconds
[2026-07-16 13:31:24,484][root][INFO] - Cost-to-go evaluation time for node 3: 2.3264 seconds
[2026-07-16 13:31:25,350][root][INFO] - Backward constraint evaluation time for node 3: 0.7738 seconds
[2026-07-16 13:31:26,169][root][INFO] - Cost-to-go evaluation time for node 3: 0.8181 seconds
[2026-07-16 13:31:26,950][root][INFO] - Backward constraint evaluation time for node 3: 0.7735 seconds
[2026-07-16 13:31:27,769][root][INFO] - Cost-to-go evaluation time for node 3: 0.8175 seconds
[2026-07-16 13:31:28,549][root][INFO] - Backward constraint evaluation time for node 3: 0.7722 seconds
[2026-07-16 13:31:29,369][root][INFO] - Cost-to-go evaluation time for node 3: 0.8191 seconds
[2026-07-16 13:31:30,151][root][INFO] - Backward constraint evaluation time for node 3: 0.7740 seconds
[2026-07-16 13:31:30,969][root][INFO] - Cost-to-go evaluation time for node 3: 0.8174 seconds
[2026-07-16 13:31:31,754][root][INFO] - Backward constraint evaluation time for node 3: 0.7763 seconds
[2026-07-16 13:31:32,576][root][INFO] - Cost-to-go evaluation time for node 3: 0.8215 seconds
[2026-07-16 13:31:33,356][root][INFO] - Backward constraint evaluation time for node 3: 0.7722 seconds
[2026-07-16 13:31:34,177][root][INFO] - Cost-to-go evaluation time for node 3: 0.8192 seconds
[2026-07-16 13:31:34,958][root][INFO] - Backward constraint evaluation time for node 3: 0.7736 seconds
[2026-07-16 13:31:35,780][root][INFO] - Cost-to-go evaluation time for node 3: 0.8207 seconds
[2026-07-16 13:31:36,561][root][INFO] - Backward constraint evaluation time for node 3: 0.7733 seconds
[2026-07-16 13:31:37,382][root][INFO] - Cost-to-go evaluation time for node 3: 0.8199 seconds
[2026-07-16 13:31:38,162][root][INFO] - Backward constraint evaluation time for node 3: 0.7727 seconds
[2026-07-16 13:31:38,981][root][INFO] - Cost-to-go evaluation time for node 3: 0.8185 seconds
[2026-07-16 13:31:38,989][root][INFO] - Solver iteration: 0
[2026-07-16 13:31:38,989][root][INFO] - 	 *Phase: INITIAL
[2026-07-16 13:31:38,989][root][INFO] - 	 *lowest F value: -2.08058 | # live points: 1000
[2026-07-16 13:31:38,995][root][INFO] - Phase INITIAL is over.
[2026-07-16 13:31:39,780][root][INFO] - Backward constraint evaluation time for node 3: 0.7732 seconds
[2026-07-16 13:31:40,604][root][INFO] - Cost-to-go evaluation time for node 3: 0.8230 seconds
[2026-07-16 13:31:40,605][root][INFO] - [s] SQP feasible:  bwd-cls 100/100 (100%), bwd-CTG 100/100 (100%)
[2026-07-16 13:31:40,605][root][INFO] - [s] SQP converged: bwd-cls 100/100 (100%), bwd-CTG 100/100 (100%)
[2026-07-16 13:31:40,613][root][INFO] - Solver iteration: 1
[2026-07-16 13:31:40,613][root][INFO] - 	 *Phase: DETERMINISTIC
[2026-07-16 13:31:40,613][root][INFO] - 	 *lowest F value: -1.61014 | # live points: 1000 | # proposals: 100
[2026-07-16 13:31:40,613][root][INFO] - 	 *Fraction of live points in DS~nominal: 1.0000
[2026-07-16 13:31:40,613][root][INFO] - 	 *Evidence estimate: 0.00000
[2026-07-16 13:31:40,613][root][INFO] - Phase DETERMINISTIC is over.
[2026-07-16 13:31:40,613][root][INFO] - Phase NMVP_SEARCH is skipped.
[2026-07-16 13:31:41,401][root][INFO] - Backward constraint evaluation time for node 3: 0.7724 seconds
[2026-07-16 13:31:42,222][root][INFO] - Cost-to-go evaluation time for node 3: 0.8197 seconds
[2026-07-16 13:31:43,006][root][INFO] - Backward constraint evaluation time for node 3: 0.7763 seconds
[2026-07-16 13:31:43,827][root][INFO] - Cost-to-go evaluation time for node 3: 0.8195 seconds
[2026-07-16 13:31:44,606][root][INFO] - Backward constraint evaluation time for node 3: 0.7707 seconds
[2026-07-16 13:31:45,424][root][INFO] - Cost-to-go evaluation time for node 3: 0.8173 seconds
[2026-07-16 13:31:46,205][root][INFO] - Backward constraint evaluation time for node 3: 0.7731 seconds
[2026-07-16 13:31:47,027][root][INFO] - Cost-to-go evaluation time for node 3: 0.8216 seconds
[2026-07-16 13:31:47,809][root][INFO] - Backward constraint evaluation time for node 3: 0.7736 seconds
[2026-07-16 13:31:48,629][root][INFO] - Cost-to-go evaluation time for node 3: 0.8191 seconds
[2026-07-16 13:31:49,410][root][INFO] - Backward constraint evaluation time for node 3: 0.7727 seconds
[2026-07-16 13:31:50,230][root][INFO] - Cost-to-go evaluation time for node 3: 0.8195 seconds
[2026-07-16 13:31:51,014][root][INFO] - Backward constraint evaluation time for node 3: 0.7759 seconds
[2026-07-16 13:31:51,834][root][INFO] - Cost-to-go evaluation time for node 3: 0.8186 seconds
[2026-07-16 13:31:52,618][root][INFO] - Backward constraint evaluation time for node 3: 0.7765 seconds
[2026-07-16 13:31:53,436][root][INFO] - Cost-to-go evaluation time for node 3: 0.8170 seconds
[2026-07-16 13:31:54,217][root][INFO] - Backward constraint evaluation time for node 3: 0.7736 seconds
[2026-07-16 13:31:55,037][root][INFO] - Cost-to-go evaluation time for node 3: 0.8188 seconds
[2026-07-16 13:31:55,822][root][INFO] - Backward constraint evaluation time for node 3: 0.7773 seconds
[2026-07-16 13:31:56,647][root][INFO] - Cost-to-go evaluation time for node 3: 0.8243 seconds
[2026-07-16 13:31:56,648][root][INFO] - [s] SQP feasible:  bwd-cls 1000/1000 (100%), bwd-CTG 1000/1000 (100%)
[2026-07-16 13:31:56,648][root][INFO] - [s] SQP converged: bwd-cls 1000/1000 (100%), bwd-CTG 1000/1000 (100%)
[2026-07-16 13:31:56,653][root][INFO] - Solver iteration: 1
[2026-07-16 13:31:56,653][root][INFO] - 	 *Phase: TRANSITION
[2026-07-16 13:31:56,653][root][INFO] - 	 *lowest F value: 1.00000 | # live points: 1000
[2026-07-16 13:31:56,662][root][INFO] - Phase TRANSITION is over.
[2026-07-16 13:31:57,447][root][INFO] - Backward constraint evaluation time for node 3: 0.7717 seconds
[2026-07-16 13:31:58,266][root][INFO] - Cost-to-go evaluation time for node 3: 0.8187 seconds
[2026-07-16 13:31:58,267][root][INFO] - [s] SQP feasible:  bwd-cls 100/100 (100%), bwd-CTG 100/100 (100%)
[2026-07-16 13:31:58,267][root][INFO] - [s] SQP converged: bwd-cls 100/100 (100%), bwd-CTG 100/100 (100%)
[2026-07-16 13:31:58,273][root][INFO] - Solver iteration: 2
[2026-07-16 13:31:58,273][root][INFO] - 	 *Phase: PROBABILISTIC
[2026-07-16 13:31:58,273][root][INFO] - 	 *lowest F value: 1.00000 | # live points: 1000 | # proposals: 100
[2026-07-16 13:31:58,273][root][INFO] - 	 *Fraction of live points in DS~100.00%: 1.0000
[2026-07-16 13:31:58,273][root][INFO] - 	 *Evidence estimate: 2.30038
[2026-07-16 13:31:58,273][root][INFO] - Phase PROBABILISTIC is over.
[2026-07-16 13:31:58,382][root][INFO] - Design Space Characterization is done.
[2026-07-16 13:31:58,382][root][INFO] - Time taken to solve the problem: 39.21467208862305 seconds
[2026-07-16 13:31:58,394][root][INFO] - Node 3: bwd-cls — feasible 2200/2200 (100.0%), converged 2200/2200 (100.0%)
[2026-07-16 13:31:58,394][root][INFO] - Node 3: bwd-CTG — feasible 2200/2200 (100.0%), converged 2200/2200 (100.0%)
[2026-07-16 13:32:37,774][root][INFO] - training_performance (regressor): {'mse': Array(0.00014063, dtype=float64), 'standardised_mape': Array(0.02564311, dtype=float64)} | best_hyperparams={'hidden_size': [75, 75], 'activation_function': 'gelu', 'output_units': 1} | best_avg_val_loss=0.0002989
[2026-07-16 13:32:39,698][root][INFO] - training_performance: {'acc': 0.9670406732117812, 'tn': np.int64(1998), 'fp': np.int64(0), 'fn': np.int64(141), 'tp': np.int64(2139)}
[2026-07-16 13:32:40,494][root][INFO] - ------- Characterising node 2 according to precedence order -------
[2026-07-16 13:32:40,495][root][INFO] - Bounds: {'d1': {'d1': [np.float64(290.0), np.float64(302.0)]}, 'd2': {'d2': [np.float64(0.78), np.float64(0.97)]}, 'd3': {'d3': [np.float64(314.0), np.float64(332.0)]}, 'd4': {'d4': [np.float64(290.0), np.float64(302.0)]}, 'd5': {'d5': [np.float64(0.8), np.float64(0.95)]}}
[2026-07-16 13:32:40,496][root][INFO] - EXTENDED DS DIM.: 5
[2026-07-16 13:32:40,651][root][INFO] - Integration took 0.10368728637695312 seconds
[2026-07-16 13:32:43,188][root][INFO] - Backward constraint evaluation time for node 2: 2.1165 seconds
[2026-07-16 13:32:45,779][root][INFO] - Cost-to-go evaluation time for node 2: 2.3092 seconds
[2026-07-16 13:32:46,651][root][INFO] - Backward constraint evaluation time for node 2: 0.7752 seconds
[2026-07-16 13:32:47,471][root][INFO] - Cost-to-go evaluation time for node 2: 0.8193 seconds
[2026-07-16 13:32:48,252][root][INFO] - Backward constraint evaluation time for node 2: 0.7726 seconds
[2026-07-16 13:32:49,070][root][INFO] - Cost-to-go evaluation time for node 2: 0.8172 seconds
[2026-07-16 13:32:49,854][root][INFO] - Backward constraint evaluation time for node 2: 0.7758 seconds
[2026-07-16 13:32:50,683][root][INFO] - Cost-to-go evaluation time for node 2: 0.8282 seconds
[2026-07-16 13:32:51,465][root][INFO] - Backward constraint evaluation time for node 2: 0.7743 seconds
[2026-07-16 13:32:52,284][root][INFO] - Cost-to-go evaluation time for node 2: 0.8184 seconds
[2026-07-16 13:32:53,066][root][INFO] - Backward constraint evaluation time for node 2: 0.7734 seconds
[2026-07-16 13:32:53,883][root][INFO] - Cost-to-go evaluation time for node 2: 0.8162 seconds
[2026-07-16 13:32:54,665][root][INFO] - Backward constraint evaluation time for node 2: 0.7740 seconds
[2026-07-16 13:32:55,491][root][INFO] - Cost-to-go evaluation time for node 2: 0.8252 seconds
[2026-07-16 13:32:56,273][root][INFO] - Backward constraint evaluation time for node 2: 0.7738 seconds
[2026-07-16 13:32:57,092][root][INFO] - Cost-to-go evaluation time for node 2: 0.8182 seconds
[2026-07-16 13:32:57,874][root][INFO] - Backward constraint evaluation time for node 2: 0.7740 seconds
[2026-07-16 13:32:58,691][root][INFO] - Cost-to-go evaluation time for node 2: 0.8158 seconds
[2026-07-16 13:32:59,471][root][INFO] - Backward constraint evaluation time for node 2: 0.7719 seconds
[2026-07-16 13:33:00,287][root][INFO] - Cost-to-go evaluation time for node 2: 0.8154 seconds
[2026-07-16 13:33:00,294][root][INFO] - Solver iteration: 0
[2026-07-16 13:33:00,294][root][INFO] - 	 *Phase: INITIAL
[2026-07-16 13:33:00,294][root][INFO] - 	 *lowest F value: -2.08058 | # live points: 1000
[2026-07-16 13:33:00,301][root][INFO] - Phase INITIAL is over.
[2026-07-16 13:33:01,087][root][INFO] - Backward constraint evaluation time for node 2: 0.7736 seconds
[2026-07-16 13:33:01,909][root][INFO] - Cost-to-go evaluation time for node 2: 0.8219 seconds
[2026-07-16 13:33:01,910][root][INFO] - [s] SQP feasible:  bwd-cls 100/100 (100%), bwd-CTG 100/100 (100%)
[2026-07-16 13:33:01,910][root][INFO] - [s] SQP converged: bwd-cls 100/100 (100%), bwd-CTG 100/100 (100%)
[2026-07-16 13:33:01,918][root][INFO] - Solver iteration: 1
[2026-07-16 13:33:01,919][root][INFO] - 	 *Phase: DETERMINISTIC
[2026-07-16 13:33:01,919][root][INFO] - 	 *lowest F value: -1.61014 | # live points: 1000 | # proposals: 100
[2026-07-16 13:33:01,919][root][INFO] - 	 *Fraction of live points in DS~nominal: 1.0000
[2026-07-16 13:33:01,919][root][INFO] - 	 *Evidence estimate: 0.00000
[2026-07-16 13:33:01,919][root][INFO] - Phase DETERMINISTIC is over.
[2026-07-16 13:33:01,919][root][INFO] - Phase NMVP_SEARCH is skipped.
[2026-07-16 13:33:02,710][root][INFO] - Backward constraint evaluation time for node 2: 0.7754 seconds
[2026-07-16 13:33:03,531][root][INFO] - Cost-to-go evaluation time for node 2: 0.8201 seconds
[2026-07-16 13:33:04,313][root][INFO] - Backward constraint evaluation time for node 2: 0.7741 seconds
[2026-07-16 13:33:05,135][root][INFO] - Cost-to-go evaluation time for node 2: 0.8212 seconds
[2026-07-16 13:33:05,916][root][INFO] - Backward constraint evaluation time for node 2: 0.7723 seconds
[2026-07-16 13:33:06,734][root][INFO] - Cost-to-go evaluation time for node 2: 0.8175 seconds
[2026-07-16 13:33:07,515][root][INFO] - Backward constraint evaluation time for node 2: 0.7732 seconds
[2026-07-16 13:33:08,332][root][INFO] - Cost-to-go evaluation time for node 2: 0.8160 seconds
[2026-07-16 13:33:09,113][root][INFO] - Backward constraint evaluation time for node 2: 0.7725 seconds
[2026-07-16 13:33:09,930][root][INFO] - Cost-to-go evaluation time for node 2: 0.8163 seconds
[2026-07-16 13:33:10,712][root][INFO] - Backward constraint evaluation time for node 2: 0.7744 seconds
[2026-07-16 13:33:11,531][root][INFO] - Cost-to-go evaluation time for node 2: 0.8178 seconds
[2026-07-16 13:33:12,317][root][INFO] - Backward constraint evaluation time for node 2: 0.7784 seconds
[2026-07-16 13:33:13,134][root][INFO] - Cost-to-go evaluation time for node 2: 0.8157 seconds
[2026-07-16 13:33:13,915][root][INFO] - Backward constraint evaluation time for node 2: 0.7728 seconds
[2026-07-16 13:33:14,733][root][INFO] - Cost-to-go evaluation time for node 2: 0.8171 seconds
[2026-07-16 13:33:15,516][root][INFO] - Backward constraint evaluation time for node 2: 0.7753 seconds
[2026-07-16 13:33:16,333][root][INFO] - Cost-to-go evaluation time for node 2: 0.8155 seconds
[2026-07-16 13:33:17,116][root][INFO] - Backward constraint evaluation time for node 2: 0.7753 seconds
[2026-07-16 13:33:17,939][root][INFO] - Cost-to-go evaluation time for node 2: 0.8224 seconds
[2026-07-16 13:33:17,940][root][INFO] - [s] SQP feasible:  bwd-cls 1000/1000 (100%), bwd-CTG 1000/1000 (100%)
[2026-07-16 13:33:17,940][root][INFO] - [s] SQP converged: bwd-cls 1000/1000 (100%), bwd-CTG 1000/1000 (100%)
[2026-07-16 13:33:17,945][root][INFO] - Solver iteration: 1
[2026-07-16 13:33:17,945][root][INFO] - 	 *Phase: TRANSITION
[2026-07-16 13:33:17,945][root][INFO] - 	 *lowest F value: 1.00000 | # live points: 1000
[2026-07-16 13:33:17,954][root][INFO] - Phase TRANSITION is over.
[2026-07-16 13:33:18,743][root][INFO] - Backward constraint evaluation time for node 2: 0.7762 seconds
[2026-07-16 13:33:19,563][root][INFO] - Cost-to-go evaluation time for node 2: 0.8189 seconds
[2026-07-16 13:33:19,564][root][INFO] - [s] SQP feasible:  bwd-cls 100/100 (100%), bwd-CTG 100/100 (100%)
[2026-07-16 13:33:19,564][root][INFO] - [s] SQP converged: bwd-cls 100/100 (100%), bwd-CTG 100/100 (100%)
[2026-07-16 13:33:19,570][root][INFO] - Solver iteration: 2
[2026-07-16 13:33:19,570][root][INFO] - 	 *Phase: PROBABILISTIC
[2026-07-16 13:33:19,570][root][INFO] - 	 *lowest F value: 1.00000 | # live points: 1000 | # proposals: 100
[2026-07-16 13:33:19,570][root][INFO] - 	 *Fraction of live points in DS~100.00%: 1.0000
[2026-07-16 13:33:19,570][root][INFO] - 	 *Evidence estimate: 2.30038
[2026-07-16 13:33:19,570][root][INFO] - Phase PROBABILISTIC is over.
[2026-07-16 13:33:19,677][root][INFO] - Design Space Characterization is done.
[2026-07-16 13:33:19,677][root][INFO] - Time taken to solve the problem: 39.17091989517212 seconds
[2026-07-16 13:33:19,690][root][INFO] - Node 2: bwd-cls — feasible 2200/2200 (100.0%), converged 2200/2200 (100.0%)
[2026-07-16 13:33:19,690][root][INFO] - Node 2: bwd-CTG — feasible 2200/2200 (100.0%), converged 2200/2200 (100.0%)
[2026-07-16 13:33:59,316][root][INFO] - training_performance (regressor): {'mse': Array(0.00014067, dtype=float64), 'standardised_mape': Array(0.02940943, dtype=float64)} | best_hyperparams={'hidden_size': [75, 75], 'activation_function': 'gelu', 'output_units': 1} | best_avg_val_loss=0.0002786
[2026-07-16 13:34:01,227][root][INFO] - training_performance: {'acc': 0.9670406732117812, 'tn': np.int64(1998), 'fp': np.int64(0), 'fn': np.int64(141), 'tp': np.int64(2139)}
[2026-07-16 13:34:02,008][root][INFO] - ------- Characterising node 1 according to precedence order -------
[2026-07-16 13:34:02,009][root][INFO] - Bounds: {'d1': {'d1': [np.float64(290.0), np.float64(302.0)]}, 'd2': {'d2': [np.float64(0.78), np.float64(0.97)]}, 'd3': {'d3': [np.float64(314.0), np.float64(332.0)]}, 'd4': {'d4': [np.float64(290.0), np.float64(302.0)]}, 'd5': {'d5': [np.float64(0.8), np.float64(0.95)]}}
[2026-07-16 13:34:02,009][root][INFO] - EXTENDED DS DIM.: 5
[2026-07-16 13:34:02,165][root][INFO] - Integration took 0.10436010360717773 seconds
[2026-07-16 13:34:04,725][root][INFO] - Backward constraint evaluation time for node 1: 2.1403 seconds
[2026-07-16 13:34:07,309][root][INFO] - Cost-to-go evaluation time for node 1: 2.3007 seconds
[2026-07-16 13:34:08,176][root][INFO] - Backward constraint evaluation time for node 1: 0.7716 seconds
[2026-07-16 13:34:08,994][root][INFO] - Cost-to-go evaluation time for node 1: 0.8161 seconds
[2026-07-16 13:34:09,774][root][INFO] - Backward constraint evaluation time for node 1: 0.7723 seconds
[2026-07-16 13:34:10,591][root][INFO] - Cost-to-go evaluation time for node 1: 0.8157 seconds
[2026-07-16 13:34:11,373][root][INFO] - Backward constraint evaluation time for node 1: 0.7744 seconds
[2026-07-16 13:34:12,196][root][INFO] - Cost-to-go evaluation time for node 1: 0.8224 seconds
[2026-07-16 13:34:12,977][root][INFO] - Backward constraint evaluation time for node 1: 0.7733 seconds
[2026-07-16 13:34:13,796][root][INFO] - Cost-to-go evaluation time for node 1: 0.8179 seconds
[2026-07-16 13:34:14,578][root][INFO] - Backward constraint evaluation time for node 1: 0.7740 seconds
[2026-07-16 13:34:15,397][root][INFO] - Cost-to-go evaluation time for node 1: 0.8183 seconds
[2026-07-16 13:34:16,178][root][INFO] - Backward constraint evaluation time for node 1: 0.7727 seconds
[2026-07-16 13:34:16,995][root][INFO] - Cost-to-go evaluation time for node 1: 0.8161 seconds
[2026-07-16 13:34:17,774][root][INFO] - Backward constraint evaluation time for node 1: 0.7708 seconds
[2026-07-16 13:34:18,592][root][INFO] - Cost-to-go evaluation time for node 1: 0.8171 seconds
[2026-07-16 13:34:19,375][root][INFO] - Backward constraint evaluation time for node 1: 0.7750 seconds
[2026-07-16 13:34:20,192][root][INFO] - Cost-to-go evaluation time for node 1: 0.8161 seconds
[2026-07-16 13:34:20,973][root][INFO] - Backward constraint evaluation time for node 1: 0.7736 seconds
[2026-07-16 13:34:21,790][root][INFO] - Cost-to-go evaluation time for node 1: 0.8158 seconds
[2026-07-16 13:34:21,798][root][INFO] - Solver iteration: 0
[2026-07-16 13:34:21,798][root][INFO] - 	 *Phase: INITIAL
[2026-07-16 13:34:21,798][root][INFO] - 	 *lowest F value: -2.08058 | # live points: 1000
[2026-07-16 13:34:21,804][root][INFO] - Phase INITIAL is over.
[2026-07-16 13:34:22,590][root][INFO] - Backward constraint evaluation time for node 1: 0.7742 seconds
[2026-07-16 13:34:23,411][root][INFO] - Cost-to-go evaluation time for node 1: 0.8198 seconds
[2026-07-16 13:34:23,411][root][INFO] - [s] SQP feasible:  bwd-cls 100/100 (100%), bwd-CTG 100/100 (100%)
[2026-07-16 13:34:23,411][root][INFO] - [s] SQP converged: bwd-cls 100/100 (100%), bwd-CTG 100/100 (100%)
[2026-07-16 13:34:23,420][root][INFO] - Solver iteration: 1
[2026-07-16 13:34:23,420][root][INFO] - 	 *Phase: DETERMINISTIC
[2026-07-16 13:34:23,420][root][INFO] - 	 *lowest F value: -1.61014 | # live points: 1000 | # proposals: 100
[2026-07-16 13:34:23,420][root][INFO] - 	 *Fraction of live points in DS~nominal: 1.0000
[2026-07-16 13:34:23,420][root][INFO] - 	 *Evidence estimate: 0.00000
[2026-07-16 13:34:23,420][root][INFO] - Phase DETERMINISTIC is over.
[2026-07-16 13:34:23,420][root][INFO] - Phase NMVP_SEARCH is skipped.
[2026-07-16 13:34:24,209][root][INFO] - Backward constraint evaluation time for node 1: 0.7735 seconds
[2026-07-16 13:34:25,027][root][INFO] - Cost-to-go evaluation time for node 1: 0.8164 seconds
[2026-07-16 13:34:25,808][root][INFO] - Backward constraint evaluation time for node 1: 0.7733 seconds
[2026-07-16 13:34:26,626][root][INFO] - Cost-to-go evaluation time for node 1: 0.8170 seconds
[2026-07-16 13:34:27,408][root][INFO] - Backward constraint evaluation time for node 1: 0.7743 seconds
[2026-07-16 13:34:28,224][root][INFO] - Cost-to-go evaluation time for node 1: 0.8153 seconds
[2026-07-16 13:34:29,003][root][INFO] - Backward constraint evaluation time for node 1: 0.7711 seconds
[2026-07-16 13:34:29,818][root][INFO] - Cost-to-go evaluation time for node 1: 0.8145 seconds
[2026-07-16 13:34:30,599][root][INFO] - Backward constraint evaluation time for node 1: 0.7721 seconds
[2026-07-16 13:34:31,417][root][INFO] - Cost-to-go evaluation time for node 1: 0.8172 seconds
[2026-07-16 13:34:32,205][root][INFO] - Backward constraint evaluation time for node 1: 0.7788 seconds
[2026-07-16 13:34:33,023][root][INFO] - Cost-to-go evaluation time for node 1: 0.8170 seconds
[2026-07-16 13:34:33,806][root][INFO] - Backward constraint evaluation time for node 1: 0.7749 seconds
[2026-07-16 13:34:34,623][root][INFO] - Cost-to-go evaluation time for node 1: 0.8166 seconds
[2026-07-16 13:34:35,403][root][INFO] - Backward constraint evaluation time for node 1: 0.7721 seconds
[2026-07-16 13:34:36,222][root][INFO] - Cost-to-go evaluation time for node 1: 0.8175 seconds
[2026-07-16 13:34:37,004][root][INFO] - Backward constraint evaluation time for node 1: 0.7748 seconds
[2026-07-16 13:34:37,820][root][INFO] - Cost-to-go evaluation time for node 1: 0.8149 seconds
[2026-07-16 13:34:38,601][root][INFO] - Backward constraint evaluation time for node 1: 0.7726 seconds
[2026-07-16 13:34:39,420][root][INFO] - Cost-to-go evaluation time for node 1: 0.8183 seconds
[2026-07-16 13:34:39,421][root][INFO] - [s] SQP feasible:  bwd-cls 1000/1000 (100%), bwd-CTG 1000/1000 (100%)
[2026-07-16 13:34:39,421][root][INFO] - [s] SQP converged: bwd-cls 1000/1000 (100%), bwd-CTG 1000/1000 (100%)
[2026-07-16 13:34:39,426][root][INFO] - Solver iteration: 1
[2026-07-16 13:34:39,426][root][INFO] - 	 *Phase: TRANSITION
[2026-07-16 13:34:39,426][root][INFO] - 	 *lowest F value: 1.00000 | # live points: 1000
[2026-07-16 13:34:39,436][root][INFO] - Phase TRANSITION is over.
[2026-07-16 13:34:40,222][root][INFO] - Backward constraint evaluation time for node 1: 0.7732 seconds
[2026-07-16 13:34:41,040][root][INFO] - Cost-to-go evaluation time for node 1: 0.8170 seconds
[2026-07-16 13:34:41,041][root][INFO] - [s] SQP feasible:  bwd-cls 100/100 (100%), bwd-CTG 100/100 (100%)
[2026-07-16 13:34:41,041][root][INFO] - [s] SQP converged: bwd-cls 100/100 (100%), bwd-CTG 100/100 (100%)
[2026-07-16 13:34:41,047][root][INFO] - Solver iteration: 2
[2026-07-16 13:34:41,047][root][INFO] - 	 *Phase: PROBABILISTIC
[2026-07-16 13:34:41,047][root][INFO] - 	 *lowest F value: 1.00000 | # live points: 1000 | # proposals: 100
[2026-07-16 13:34:41,047][root][INFO] - 	 *Fraction of live points in DS~100.00%: 1.0000
[2026-07-16 13:34:41,047][root][INFO] - 	 *Evidence estimate: 2.30038
[2026-07-16 13:34:41,047][root][INFO] - Phase PROBABILISTIC is over.
[2026-07-16 13:34:41,155][root][INFO] - Design Space Characterization is done.
[2026-07-16 13:34:41,155][root][INFO] - Time taken to solve the problem: 39.135432958602905 seconds
[2026-07-16 13:34:41,167][root][INFO] - Node 1: bwd-cls — feasible 2200/2200 (100.0%), converged 2200/2200 (100.0%)
[2026-07-16 13:34:41,167][root][INFO] - Node 1: bwd-CTG — feasible 2200/2200 (100.0%), converged 2200/2200 (100.0%)
[2026-07-16 13:35:20,688][root][INFO] - training_performance (regressor): {'mse': Array(0.00010865, dtype=float64), 'standardised_mape': Array(0.03151502, dtype=float64)} | best_hyperparams={'hidden_size': [100, 100], 'activation_function': 'gelu', 'output_units': 1} | best_avg_val_loss=0.0002924
[2026-07-16 13:35:22,553][root][INFO] - training_performance: {'acc': 0.9670406732117812, 'tn': np.int64(1998), 'fp': np.int64(0), 'fn': np.int64(141), 'tp': np.int64(2139)}
[2026-07-16 13:35:23,357][root][INFO] - ------- Characterising node 0 according to precedence order -------
[2026-07-16 13:35:23,358][root][INFO] - Bounds: {'d1': {'d1': [290, 302]}, 'd2': {'d2': [0.8, 0.95]}}
[2026-07-16 13:35:23,358][root][INFO] - EXTENDED DS DIM.: 2
[2026-07-16 13:35:23,543][root][INFO] - Integration took 0.10424566268920898 seconds
[2026-07-16 13:35:26,091][root][INFO] - Backward constraint evaluation time for node 0: 2.1222 seconds
[2026-07-16 13:35:28,702][root][INFO] - Cost-to-go evaluation time for node 0: 2.3303 seconds
[2026-07-16 13:35:29,590][root][INFO] - Backward constraint evaluation time for node 0: 0.7750 seconds
[2026-07-16 13:35:30,430][root][INFO] - Cost-to-go evaluation time for node 0: 0.8396 seconds
[2026-07-16 13:35:31,226][root][INFO] - Backward constraint evaluation time for node 0: 0.7733 seconds
[2026-07-16 13:35:32,066][root][INFO] - Cost-to-go evaluation time for node 0: 0.8390 seconds
[2026-07-16 13:35:32,863][root][INFO] - Backward constraint evaluation time for node 0: 0.7737 seconds
[2026-07-16 13:35:33,704][root][INFO] - Cost-to-go evaluation time for node 0: 0.8400 seconds
[2026-07-16 13:35:34,496][root][INFO] - Backward constraint evaluation time for node 0: 0.7696 seconds
[2026-07-16 13:35:35,339][root][INFO] - Cost-to-go evaluation time for node 0: 0.8422 seconds
[2026-07-16 13:35:36,134][root][INFO] - Backward constraint evaluation time for node 0: 0.7722 seconds
[2026-07-16 13:35:36,977][root][INFO] - Cost-to-go evaluation time for node 0: 0.8428 seconds
[2026-07-16 13:35:37,772][root][INFO] - Backward constraint evaluation time for node 0: 0.7724 seconds
[2026-07-16 13:35:38,617][root][INFO] - Cost-to-go evaluation time for node 0: 0.8435 seconds
[2026-07-16 13:35:39,413][root][INFO] - Backward constraint evaluation time for node 0: 0.7736 seconds
[2026-07-16 13:35:40,254][root][INFO] - Cost-to-go evaluation time for node 0: 0.8400 seconds
[2026-07-16 13:35:41,050][root][INFO] - Backward constraint evaluation time for node 0: 0.7738 seconds
[2026-07-16 13:35:41,899][root][INFO] - Cost-to-go evaluation time for node 0: 0.8473 seconds
[2026-07-16 13:35:42,697][root][INFO] - Backward constraint evaluation time for node 0: 0.7758 seconds
[2026-07-16 13:35:43,549][root][INFO] - Cost-to-go evaluation time for node 0: 0.8516 seconds
[2026-07-16 13:35:43,556][root][INFO] - Solver iteration: 0
[2026-07-16 13:35:43,556][root][INFO] - 	 *Phase: INITIAL
[2026-07-16 13:35:43,556][root][INFO] - 	 *lowest F value: -1.70802 | # live points: 1000
[2026-07-16 13:35:43,563][root][INFO] - Phase INITIAL is over.
[2026-07-16 13:35:44,365][root][INFO] - Backward constraint evaluation time for node 0: 0.7747 seconds
[2026-07-16 13:35:45,214][root][INFO] - Cost-to-go evaluation time for node 0: 0.8483 seconds
[2026-07-16 13:35:45,215][root][INFO] - [s] SQP feasible:  bwd-cls 100/100 (100%), bwd-CTG 100/100 (100%)
[2026-07-16 13:35:45,215][root][INFO] - [s] SQP converged: bwd-cls 100/100 (100%), bwd-CTG 100/100 (100%)
[2026-07-16 13:35:45,224][root][INFO] - Solver iteration: 1
[2026-07-16 13:35:45,224][root][INFO] - 	 *Phase: DETERMINISTIC
[2026-07-16 13:35:45,224][root][INFO] - 	 *lowest F value: -1.57952 | # live points: 1000 | # proposals: 100
[2026-07-16 13:35:45,224][root][INFO] - 	 *Fraction of live points in DS~nominal: 1.0000
[2026-07-16 13:35:45,224][root][INFO] - 	 *Evidence estimate: 0.00000
[2026-07-16 13:35:45,224][root][INFO] - Phase DETERMINISTIC is over.
[2026-07-16 13:35:45,224][root][INFO] - Phase NMVP_SEARCH is skipped.
[2026-07-16 13:35:46,030][root][INFO] - Backward constraint evaluation time for node 0: 0.7738 seconds
[2026-07-16 13:35:46,874][root][INFO] - Cost-to-go evaluation time for node 0: 0.8430 seconds
[2026-07-16 13:35:47,669][root][INFO] - Backward constraint evaluation time for node 0: 0.7713 seconds
[2026-07-16 13:35:48,511][root][INFO] - Cost-to-go evaluation time for node 0: 0.8407 seconds
[2026-07-16 13:35:49,307][root][INFO] - Backward constraint evaluation time for node 0: 0.7735 seconds
[2026-07-16 13:35:50,149][root][INFO] - Cost-to-go evaluation time for node 0: 0.8409 seconds
[2026-07-16 13:35:50,951][root][INFO] - Backward constraint evaluation time for node 0: 0.7801 seconds
[2026-07-16 13:35:51,789][root][INFO] - Cost-to-go evaluation time for node 0: 0.8371 seconds
[2026-07-16 13:35:52,585][root][INFO] - Backward constraint evaluation time for node 0: 0.7730 seconds
[2026-07-16 13:35:53,424][root][INFO] - Cost-to-go evaluation time for node 0: 0.8374 seconds
[2026-07-16 13:35:54,219][root][INFO] - Backward constraint evaluation time for node 0: 0.7723 seconds
[2026-07-16 13:35:55,058][root][INFO] - Cost-to-go evaluation time for node 0: 0.8388 seconds
[2026-07-16 13:35:55,852][root][INFO] - Backward constraint evaluation time for node 0: 0.7720 seconds
[2026-07-16 13:35:56,693][root][INFO] - Cost-to-go evaluation time for node 0: 0.8395 seconds
[2026-07-16 13:35:57,491][root][INFO] - Backward constraint evaluation time for node 0: 0.7750 seconds
[2026-07-16 13:35:58,328][root][INFO] - Cost-to-go evaluation time for node 0: 0.8369 seconds
[2026-07-16 13:35:59,124][root][INFO] - Backward constraint evaluation time for node 0: 0.7733 seconds
[2026-07-16 13:35:59,972][root][INFO] - Cost-to-go evaluation time for node 0: 0.8469 seconds
[2026-07-16 13:36:00,768][root][INFO] - Backward constraint evaluation time for node 0: 0.7729 seconds
[2026-07-16 13:36:01,616][root][INFO] - Cost-to-go evaluation time for node 0: 0.8472 seconds
[2026-07-16 13:36:01,616][root][INFO] - [s] SQP feasible:  bwd-cls 1000/1000 (100%), bwd-CTG 1000/1000 (100%)
[2026-07-16 13:36:01,616][root][INFO] - [s] SQP converged: bwd-cls 1000/1000 (100%), bwd-CTG 1000/1000 (100%)
[2026-07-16 13:36:01,622][root][INFO] - Solver iteration: 1
[2026-07-16 13:36:01,622][root][INFO] - 	 *Phase: TRANSITION
[2026-07-16 13:36:01,622][root][INFO] - 	 *lowest F value: 1.00000 | # live points: 1000
[2026-07-16 13:36:01,633][root][INFO] - Phase TRANSITION is over.
[2026-07-16 13:36:02,434][root][INFO] - Backward constraint evaluation time for node 0: 0.7737 seconds
[2026-07-16 13:36:03,281][root][INFO] - Cost-to-go evaluation time for node 0: 0.8466 seconds
[2026-07-16 13:36:03,282][root][INFO] - [s] SQP feasible:  bwd-cls 100/100 (100%), bwd-CTG 100/100 (100%)
[2026-07-16 13:36:03,282][root][INFO] - [s] SQP converged: bwd-cls 100/100 (100%), bwd-CTG 100/100 (100%)
[2026-07-16 13:36:03,288][root][INFO] - Solver iteration: 2
[2026-07-16 13:36:03,288][root][INFO] - 	 *Phase: PROBABILISTIC
[2026-07-16 13:36:03,288][root][INFO] - 	 *lowest F value: 1.00000 | # live points: 1000 | # proposals: 100
[2026-07-16 13:36:03,288][root][INFO] - 	 *Fraction of live points in DS~100.00%: 1.0000
[2026-07-16 13:36:03,288][root][INFO] - 	 *Evidence estimate: 2.30322
[2026-07-16 13:36:03,288][root][INFO] - Phase PROBABILISTIC is over.
[2026-07-16 13:36:03,394][root][INFO] - Design Space Characterization is done.
[2026-07-16 13:36:03,394][root][INFO] - Time taken to solve the problem: 40.02583384513855 seconds
[2026-07-16 13:36:03,406][root][INFO] - Node 0: bwd-cls — feasible 2200/2200 (100.0%), converged 2200/2200 (100.0%)
[2026-07-16 13:36:03,406][root][INFO] - Node 0: bwd-CTG — feasible 2200/2200 (100.0%), converged 2200/2200 (100.0%)
[2026-07-16 13:36:34,298][root][INFO] - training_performance (regressor): {'mse': Array(3.5315623e-05, dtype=float64), 'standardised_mape': Array(0.01529637, dtype=float64)} | best_hyperparams={'hidden_size': [50, 50, 25], 'activation_function': 'gelu', 'output_units': 1} | best_avg_val_loss=3.551e-05
[2026-07-16 13:36:35,452][root][INFO] - classification model skipped — all samples are feasible
[2026-07-16 13:36:37,880][root][INFO] - Integration took 0.09129810333251953 seconds
[2026-07-16 13:36:38,253][root][INFO] - Rollout node 0: feasible 1/1, mean node-cost -1.825, mean cost-to-go (optimiser objective) -120.5, optimiser viable 1/1
[2026-07-16 13:36:38,253][root][INFO] - Rollout node 0 per-constraint feasible-frac=[1.0, 1.0] worst-margin=[0.0, 0.0]
[2026-07-16 13:36:38,261][root][INFO] - Rollout node 0 state-in(traj0)=[0.8, 330.0, 296.0] decision(traj0)=[297.21]
[2026-07-16 13:36:38,305][root][INFO] - Rollout through node 0: mean cost-so-far -1.825, feasible paths 1/1
[2026-07-16 13:36:39,717][root][INFO] - Integration took 0.05833292007446289 seconds
[2026-07-16 13:36:40,002][root][INFO] - Rollout node 1: feasible 1/1, mean node-cost -2.404, mean cost-to-go (optimiser objective) -118.6, optimiser viable 1/1
[2026-07-16 13:36:40,002][root][INFO] - Rollout node 1 per-constraint feasible-frac=[1.0, 1.0] worst-margin=[0.0, 0.0]
[2026-07-16 13:36:40,002][root][INFO] - Rollout node 1 state-in(traj0)=[0.83, 324.47, 297.21] decision(traj0)=[301.0]
[2026-07-16 13:36:40,002][root][INFO] - Rollout through node 1: mean cost-so-far -4.229, feasible paths 1/1
[2026-07-16 13:36:41,232][root][INFO] - Integration took 0.05771207809448242 seconds
[2026-07-16 13:36:41,516][root][INFO] - Rollout node 2: feasible 1/1, mean node-cost -2.763, mean cost-to-go (optimiser objective) -116.3, optimiser viable 1/1
[2026-07-16 13:36:41,516][root][INFO] - Rollout node 2 per-constraint feasible-frac=[1.0, 1.0] worst-margin=[0.0, 0.0]
[2026-07-16 13:36:41,516][root][INFO] - Rollout node 2 state-in(traj0)=[0.85, 324.91, 301.0] decision(traj0)=[301.2]
[2026-07-16 13:36:41,517][root][INFO] - Rollout through node 2: mean cost-so-far -6.992, feasible paths 1/1
[2026-07-16 13:36:42,508][root][INFO] - Integration took 0.057086944580078125 seconds
[2026-07-16 13:36:43,026][root][INFO] - Rollout node 3: feasible 1/1, mean node-cost -2.492, mean cost-to-go (optimiser objective) -113.9, optimiser viable 1/1
[2026-07-16 13:36:43,026][root][INFO] - Rollout node 3 per-constraint feasible-frac=[1.0, 1.0] worst-margin=[0.0, 0.0]
[2026-07-16 13:36:43,026][root][INFO] - Rollout node 3 state-in(traj0)=[0.86, 325.54, 301.2] decision(traj0)=[300.92]
[2026-07-16 13:36:43,027][root][INFO] - Rollout through node 3: mean cost-so-far -9.484, feasible paths 1/1
[2026-07-16 13:36:44,022][root][INFO] - Integration took 0.05730605125427246 seconds
[2026-07-16 13:36:44,311][root][INFO] - Rollout node 4: feasible 1/1, mean node-cost -2.395, mean cost-to-go (optimiser objective) -111.7, optimiser viable 1/1
[2026-07-16 13:36:44,311][root][INFO] - Rollout node 4 per-constraint feasible-frac=[1.0, 1.0] worst-margin=[0.0, 0.0]
[2026-07-16 13:36:44,311][root][INFO] - Rollout node 4 state-in(traj0)=[0.86, 325.77, 300.92] decision(traj0)=[300.37]
[2026-07-16 13:36:44,311][root][INFO] - Rollout through node 4: mean cost-so-far -11.88, feasible paths 1/1
[2026-07-16 13:36:45,573][root][INFO] - Integration took 0.06080198287963867 seconds
[2026-07-16 13:36:45,860][root][INFO] - Rollout node 5: feasible 1/1, mean node-cost -2.34, mean cost-to-go (optimiser objective) -109.4, optimiser viable 1/1
[2026-07-16 13:36:45,860][root][INFO] - Rollout node 5 per-constraint feasible-frac=[1.0, 1.0] worst-margin=[0.0, 0.0]
[2026-07-16 13:36:45,860][root][INFO] - Rollout node 5 state-in(traj0)=[0.86, 325.42, 300.37] decision(traj0)=[301.77]
[2026-07-16 13:36:45,861][root][INFO] - Rollout through node 5: mean cost-so-far -14.22, feasible paths 1/1
[2026-07-16 13:36:46,841][root][INFO] - Integration took 0.05775094032287598 seconds
[2026-07-16 13:36:47,128][root][INFO] - Rollout node 6: feasible 1/1, mean node-cost -2.504, mean cost-to-go (optimiser objective) -107.2, optimiser viable 1/1
[2026-07-16 13:36:47,128][root][INFO] - Rollout node 6 per-constraint feasible-frac=[1.0, 1.0] worst-margin=[0.0, 0.0]
[2026-07-16 13:36:47,128][root][INFO] - Rollout node 6 state-in(traj0)=[0.86, 326.55, 301.77] decision(traj0)=[302.0]
[2026-07-16 13:36:47,129][root][INFO] - Rollout through node 6: mean cost-so-far -16.72, feasible paths 1/1
[2026-07-16 13:36:48,436][root][INFO] - Integration took 0.057402849197387695 seconds
[2026-07-16 13:36:48,725][root][INFO] - Rollout node 7: feasible 1/1, mean node-cost -2.719, mean cost-to-go (optimiser objective) -104.6, optimiser viable 1/1
[2026-07-16 13:36:48,725][root][INFO] - Rollout node 7 per-constraint feasible-frac=[1.0, 1.0] worst-margin=[0.0, 0.0]
[2026-07-16 13:36:48,725][root][INFO] - Rollout node 7 state-in(traj0)=[0.86, 327.51, 302.0] decision(traj0)=[300.83]
[2026-07-16 13:36:48,725][root][INFO] - Rollout through node 7: mean cost-so-far -19.44, feasible paths 1/1
[2026-07-16 13:36:49,716][root][INFO] - Integration took 0.05782508850097656 seconds
[2026-07-16 13:36:50,001][root][INFO] - Rollout node 8: feasible 1/1, mean node-cost -2.806, mean cost-to-go (optimiser objective) -102.3, optimiser viable 1/1
[2026-07-16 13:36:50,001][root][INFO] - Rollout node 8 per-constraint feasible-frac=[1.0, 1.0] worst-margin=[0.0, 0.0]
[2026-07-16 13:36:50,001][root][INFO] - Rollout node 8 state-in(traj0)=[0.85, 326.94, 300.83] decision(traj0)=[301.45]
[2026-07-16 13:36:50,001][root][INFO] - Rollout through node 8: mean cost-so-far -22.25, feasible paths 1/1
[2026-07-16 13:36:51,382][root][INFO] - Integration took 0.05742216110229492 seconds
[2026-07-16 13:36:51,670][root][INFO] - Rollout node 9: feasible 1/1, mean node-cost -2.84, mean cost-to-go (optimiser objective) -99.97, optimiser viable 1/1
[2026-07-16 13:36:51,670][root][INFO] - Rollout node 9 per-constraint feasible-frac=[1.0, 1.0] worst-margin=[0.0, 0.0]
[2026-07-16 13:36:51,670][root][INFO] - Rollout node 9 state-in(traj0)=[0.85, 327.12, 301.45] decision(traj0)=[300.96]
[2026-07-16 13:36:51,671][root][INFO] - Rollout through node 9: mean cost-so-far -25.09, feasible paths 1/1
[2026-07-16 13:36:52,643][root][INFO] - Integration took 0.05784893035888672 seconds
[2026-07-16 13:36:52,933][root][INFO] - Rollout node 10: feasible 1/1, mean node-cost -2.765, mean cost-to-go (optimiser objective) -97.65, optimiser viable 1/1
[2026-07-16 13:36:52,933][root][INFO] - Rollout node 10 per-constraint feasible-frac=[1.0, 1.0] worst-margin=[0.0, 0.0]
[2026-07-16 13:36:52,933][root][INFO] - Rollout node 10 state-in(traj0)=[0.85, 326.75, 300.96] decision(traj0)=[300.48]
[2026-07-16 13:36:52,934][root][INFO] - Rollout through node 10: mean cost-so-far -27.85, feasible paths 1/1
[2026-07-16 13:36:54,668][root][INFO] - Integration took 0.05782914161682129 seconds
[2026-07-16 13:36:54,959][root][INFO] - Rollout node 11: feasible 1/1, mean node-cost -2.635, mean cost-to-go (optimiser objective) -95.24, optimiser viable 1/1
[2026-07-16 13:36:54,959][root][INFO] - Rollout node 11 per-constraint feasible-frac=[1.0, 1.0] worst-margin=[0.0, 0.0]
[2026-07-16 13:36:54,960][root][INFO] - Rollout node 11 state-in(traj0)=[0.86, 326.04, 300.48] decision(traj0)=[301.71]
[2026-07-16 13:36:54,960][root][INFO] - Rollout through node 11: mean cost-so-far -30.49, feasible paths 1/1
[2026-07-16 13:36:55,959][root][INFO] - Integration took 0.057784080505371094 seconds
[2026-07-16 13:36:56,246][root][INFO] - Rollout node 12: feasible 1/1, mean node-cost -2.722, mean cost-to-go (optimiser objective) -93.14, optimiser viable 1/1
[2026-07-16 13:36:56,246][root][INFO] - Rollout node 12 per-constraint feasible-frac=[1.0, 1.0] worst-margin=[0.0, 0.0]
[2026-07-16 13:36:56,247][root][INFO] - Rollout node 12 state-in(traj0)=[0.86, 326.8, 301.71] decision(traj0)=[302.0]
[2026-07-16 13:36:56,247][root][INFO] - Rollout through node 12: mean cost-so-far -33.21, feasible paths 1/1
[2026-07-16 13:36:57,242][root][INFO] - Integration took 0.057820796966552734 seconds
[2026-07-16 13:36:57,528][root][INFO] - Rollout node 13: feasible 1/1, mean node-cost -2.854, mean cost-to-go (optimiser objective) -90.54, optimiser viable 1/1
[2026-07-16 13:36:57,528][root][INFO] - Rollout node 13 per-constraint feasible-frac=[1.0, 1.0] worst-margin=[0.0, 0.0]
[2026-07-16 13:36:57,528][root][INFO] - Rollout node 13 state-in(traj0)=[0.85, 327.6, 302.0] decision(traj0)=[300.62]
[2026-07-16 13:36:57,529][root][INFO] - Rollout through node 13: mean cost-so-far -36.07, feasible paths 1/1
[2026-07-16 13:36:59,059][root][INFO] - Integration took 0.5977599620819092 seconds
[2026-07-16 13:36:59,350][root][INFO] - Rollout node 14: feasible 1/1, mean node-cost -2.777, mean cost-to-go (optimiser objective) -88.34, optimiser viable 1/1
[2026-07-16 13:36:59,350][root][INFO] - Rollout node 14 per-constraint feasible-frac=[1.0, 1.0] worst-margin=[0.0, 0.0]
[2026-07-16 13:36:59,350][root][INFO] - Rollout node 14 state-in(traj0)=[0.85, 326.74, 300.62] decision(traj0)=[300.08]
[2026-07-16 13:36:59,351][root][INFO] - Rollout through node 14: mean cost-so-far -38.84, feasible paths 1/1
[2026-07-16 13:37:00,343][root][INFO] - Integration took 0.05839896202087402 seconds
[2026-07-16 13:37:00,638][root][INFO] - Rollout node 15: feasible 1/1, mean node-cost -2.558, mean cost-to-go (optimiser objective) -85.87, optimiser viable 1/1
[2026-07-16 13:37:00,638][root][INFO] - Rollout node 15 per-constraint feasible-frac=[1.0, 1.0] worst-margin=[0.0, 0.0]
[2026-07-16 13:37:00,638][root][INFO] - Rollout node 15 state-in(traj0)=[0.86, 325.66, 300.08] decision(traj0)=[301.08]
[2026-07-16 13:37:00,639][root][INFO] - Rollout through node 15: mean cost-so-far -41.4, feasible paths 1/1
[2026-07-16 13:37:01,614][root][INFO] - Integration took 0.05810999870300293 seconds
[2026-07-16 13:37:01,908][root][INFO] - Rollout node 16: feasible 1/1, mean node-cost -2.473, mean cost-to-go (optimiser objective) -83.48, optimiser viable 1/1
[2026-07-16 13:37:01,908][root][INFO] - Rollout node 16 per-constraint feasible-frac=[1.0, 1.0] worst-margin=[0.0, 0.0]
[2026-07-16 13:37:01,908][root][INFO] - Rollout node 16 state-in(traj0)=[0.86, 325.96, 301.08] decision(traj0)=[300.68]
[2026-07-16 13:37:01,909][root][INFO] - Rollout through node 16: mean cost-so-far -43.87, feasible paths 1/1
[2026-07-16 13:37:02,900][root][INFO] - Integration took 0.05785775184631348 seconds
[2026-07-16 13:37:03,195][root][INFO] - Rollout node 17: feasible 1/1, mean node-cost -2.436, mean cost-to-go (optimiser objective) -81.19, optimiser viable 1/1
[2026-07-16 13:37:03,195][root][INFO] - Rollout node 17 per-constraint feasible-frac=[1.0, 1.0] worst-margin=[0.0, 0.0]
[2026-07-16 13:37:03,195][root][INFO] - Rollout node 17 state-in(traj0)=[0.86, 325.82, 300.68] decision(traj0)=[301.36]
[2026-07-16 13:37:03,196][root][INFO] - Rollout through node 17: mean cost-so-far -46.31, feasible paths 1/1
[2026-07-16 13:37:04,840][root][INFO] - Integration took 0.06389403343200684 seconds
[2026-07-16 13:37:05,132][root][INFO] - Rollout node 18: feasible 1/1, mean node-cost -2.484, mean cost-to-go (optimiser objective) -78.92, optimiser viable 1/1
[2026-07-16 13:37:05,132][root][INFO] - Rollout node 18 per-constraint feasible-frac=[1.0, 1.0] worst-margin=[0.0, 0.0]
[2026-07-16 13:37:05,132][root][INFO] - Rollout node 18 state-in(traj0)=[0.86, 326.39, 301.36] decision(traj0)=[300.92]
[2026-07-16 13:37:05,133][root][INFO] - Rollout through node 18: mean cost-so-far -48.79, feasible paths 1/1
[2026-07-16 13:37:06,121][root][INFO] - Integration took 0.05820202827453613 seconds
[2026-07-16 13:37:06,412][root][INFO] - Rollout node 19: feasible 1/1, mean node-cost -2.533, mean cost-to-go (optimiser objective) -76.69, optimiser viable 1/1
[2026-07-16 13:37:06,413][root][INFO] - Rollout node 19 per-constraint feasible-frac=[1.0, 1.0] worst-margin=[0.0, 0.0]
[2026-07-16 13:37:06,413][root][INFO] - Rollout node 19 state-in(traj0)=[0.86, 326.32, 300.92] decision(traj0)=[301.46]
[2026-07-16 13:37:06,414][root][INFO] - Rollout through node 19: mean cost-so-far -51.33, feasible paths 1/1
[2026-07-16 13:37:07,417][root][INFO] - Integration took 0.05822014808654785 seconds
[2026-07-16 13:37:07,709][root][INFO] - Rollout node 20: feasible 1/1, mean node-cost -2.621, mean cost-to-go (optimiser objective) -74.39, optimiser viable 1/1
[2026-07-16 13:37:07,709][root][INFO] - Rollout node 20 per-constraint feasible-frac=[1.0, 1.0] worst-margin=[0.0, 0.0]
[2026-07-16 13:37:07,709][root][INFO] - Rollout node 20 state-in(traj0)=[0.86, 326.78, 301.46] decision(traj0)=[301.08]
[2026-07-16 13:37:07,710][root][INFO] - Rollout through node 20: mean cost-so-far -53.95, feasible paths 1/1
[2026-07-16 13:37:08,697][root][INFO] - Integration took 0.05878591537475586 seconds
[2026-07-16 13:37:08,992][root][INFO] - Rollout node 21: feasible 1/1, mean node-cost -2.683, mean cost-to-go (optimiser objective) -72.11, optimiser viable 1/1
[2026-07-16 13:37:08,992][root][INFO] - Rollout node 21 per-constraint feasible-frac=[1.0, 1.0] worst-margin=[0.0, 0.0]
[2026-07-16 13:37:08,992][root][INFO] - Rollout node 21 state-in(traj0)=[0.86, 326.7, 301.08] decision(traj0)=[301.45]
[2026-07-16 13:37:08,993][root][INFO] - Rollout through node 21: mean cost-so-far -56.63, feasible paths 1/1
[2026-07-16 13:37:10,762][root][INFO] - Integration took 0.059439897537231445 seconds
[2026-07-16 13:37:11,056][root][INFO] - Rollout node 22: feasible 1/1, mean node-cost -2.744, mean cost-to-go (optimiser objective) -69.71, optimiser viable 1/1
[2026-07-16 13:37:11,056][root][INFO] - Rollout node 22 per-constraint feasible-frac=[1.0, 1.0] worst-margin=[0.0, 0.0]
[2026-07-16 13:37:11,056][root][INFO] - Rollout node 22 state-in(traj0)=[0.86, 326.99, 301.45] decision(traj0)=[300.99]
[2026-07-16 13:37:11,057][root][INFO] - Rollout through node 22: mean cost-so-far -59.38, feasible paths 1/1
[2026-07-16 13:37:12,059][root][INFO] - Integration took 0.06086421012878418 seconds
[2026-07-16 13:37:12,355][root][INFO] - Rollout node 23: feasible 1/1, mean node-cost -2.75, mean cost-to-go (optimiser objective) -67.43, optimiser viable 1/1
[2026-07-16 13:37:12,355][root][INFO] - Rollout node 23 per-constraint feasible-frac=[1.0, 1.0] worst-margin=[0.0, 0.0]
[2026-07-16 13:37:12,355][root][INFO] - Rollout node 23 state-in(traj0)=[0.86, 326.72, 300.99] decision(traj0)=[301.32]
[2026-07-16 13:37:12,356][root][INFO] - Rollout through node 23: mean cost-so-far -62.13, feasible paths 1/1
[2026-07-16 13:37:13,357][root][INFO] - Integration took 0.058484792709350586 seconds
[2026-07-16 13:37:13,650][root][INFO] - Rollout node 24: feasible 1/1, mean node-cost -2.76, mean cost-to-go (optimiser objective) -64.99, optimiser viable 1/1
[2026-07-16 13:37:13,650][root][INFO] - Rollout node 24 per-constraint feasible-frac=[1.0, 1.0] worst-margin=[0.0, 0.0]
[2026-07-16 13:37:13,650][root][INFO] - Rollout node 24 state-in(traj0)=[0.86, 326.85, 301.32] decision(traj0)=[301.11]
[2026-07-16 13:37:13,651][root][INFO] - Rollout through node 24: mean cost-so-far -64.89, feasible paths 1/1
[2026-07-16 13:37:14,657][root][INFO] - Integration took 0.06134772300720215 seconds
[2026-07-16 13:37:14,949][root][INFO] - Rollout node 25: feasible 1/1, mean node-cost -2.767, mean cost-to-go (optimiser objective) -62.63, optimiser viable 1/1
[2026-07-16 13:37:14,949][root][INFO] - Rollout node 25 per-constraint feasible-frac=[1.0, 1.0] worst-margin=[0.0, 0.0]
[2026-07-16 13:37:14,949][root][INFO] - Rollout node 25 state-in(traj0)=[0.86, 326.74, 301.11] decision(traj0)=[301.54]
[2026-07-16 13:37:14,950][root][INFO] - Rollout through node 25: mean cost-so-far -67.65, feasible paths 1/1
[2026-07-16 13:37:15,947][root][INFO] - Integration took 0.05822324752807617 seconds
[2026-07-16 13:37:16,236][root][INFO] - Rollout node 26: feasible 1/1, mean node-cost -2.811, mean cost-to-go (optimiser objective) -60.2, optimiser viable 1/1
[2026-07-16 13:37:16,236][root][INFO] - Rollout node 26 per-constraint feasible-frac=[1.0, 1.0] worst-margin=[0.0, 0.0]
[2026-07-16 13:37:16,237][root][INFO] - Rollout node 26 state-in(traj0)=[0.85, 327.08, 301.54] decision(traj0)=[301.09]
[2026-07-16 13:37:16,237][root][INFO] - Rollout through node 26: mean cost-so-far -70.46, feasible paths 1/1
[2026-07-16 13:37:18,152][root][INFO] - Integration took 0.05837702751159668 seconds
[2026-07-16 13:37:18,444][root][INFO] - Rollout node 27: feasible 1/1, mean node-cost -2.791, mean cost-to-go (optimiser objective) -57.79, optimiser viable 1/1
[2026-07-16 13:37:18,444][root][INFO] - Rollout node 27 per-constraint feasible-frac=[1.0, 1.0] worst-margin=[0.0, 0.0]
[2026-07-16 13:37:18,444][root][INFO] - Rollout node 27 state-in(traj0)=[0.85, 326.86, 301.09] decision(traj0)=[300.84]
[2026-07-16 13:37:18,445][root][INFO] - Rollout through node 27: mean cost-so-far -73.25, feasible paths 1/1
[2026-07-16 13:37:19,446][root][INFO] - Integration took 0.05949902534484863 seconds
[2026-07-16 13:37:19,733][root][INFO] - Rollout node 28: feasible 1/1, mean node-cost -2.692, mean cost-to-go (optimiser objective) -55.42, optimiser viable 1/1
[2026-07-16 13:37:19,733][root][INFO] - Rollout node 28 per-constraint feasible-frac=[1.0, 1.0] worst-margin=[0.0, 0.0]
[2026-07-16 13:37:19,734][root][INFO] - Rollout node 28 state-in(traj0)=[0.86, 326.46, 300.84] decision(traj0)=[300.67]
[2026-07-16 13:37:19,734][root][INFO] - Rollout through node 28: mean cost-so-far -75.95, feasible paths 1/1
[2026-07-16 13:37:20,724][root][INFO] - Integration took 0.05848336219787598 seconds
[2026-07-16 13:37:21,022][root][INFO] - Rollout node 29: feasible 1/1, mean node-cost -2.589, mean cost-to-go (optimiser objective) -53.06, optimiser viable 1/1
[2026-07-16 13:37:21,022][root][INFO] - Rollout node 29 per-constraint feasible-frac=[1.0, 1.0] worst-margin=[0.0, 0.0]
[2026-07-16 13:37:21,022][root][INFO] - Rollout node 29 state-in(traj0)=[0.86, 326.05, 300.67] decision(traj0)=[301.35]
[2026-07-16 13:37:21,023][root][INFO] - Rollout through node 29: mean cost-so-far -78.53, feasible paths 1/1
[2026-07-16 13:37:22,027][root][INFO] - Integration took 0.05877494812011719 seconds
[2026-07-16 13:37:22,317][root][INFO] - Rollout node 30: feasible 1/1, mean node-cost -2.594, mean cost-to-go (optimiser objective) -50.66, optimiser viable 1/1
[2026-07-16 13:37:22,317][root][INFO] - Rollout node 30 per-constraint feasible-frac=[1.0, 1.0] worst-margin=[0.0, 0.0]
[2026-07-16 13:37:22,317][root][INFO] - Rollout node 30 state-in(traj0)=[0.86, 326.47, 301.35] decision(traj0)=[301.14]
[2026-07-16 13:37:22,318][root][INFO] - Rollout through node 30: mean cost-so-far -81.13, feasible paths 1/1
[2026-07-16 13:37:23,467][root][INFO] - Integration took 0.06309390068054199 seconds
[2026-07-16 13:37:23,758][root][INFO] - Rollout node 31: feasible 1/1, mean node-cost -2.635, mean cost-to-go (optimiser objective) -48.13, optimiser viable 1/1
[2026-07-16 13:37:23,758][root][INFO] - Rollout node 31 per-constraint feasible-frac=[1.0, 1.0] worst-margin=[0.0, 0.0]
[2026-07-16 13:37:23,759][root][INFO] - Rollout node 31 state-in(traj0)=[0.86, 326.55, 301.14] decision(traj0)=[301.51]
[2026-07-16 13:37:23,759][root][INFO] - Rollout through node 31: mean cost-so-far -83.76, feasible paths 1/1
[2026-07-16 13:37:25,989][root][INFO] - Integration took 0.0591120719909668 seconds
[2026-07-16 13:37:26,280][root][INFO] - Rollout node 32: feasible 1/1, mean node-cost -2.739, mean cost-to-go (optimiser objective) -45.82, optimiser viable 1/1
[2026-07-16 13:37:26,280][root][INFO] - Rollout node 32 per-constraint feasible-frac=[1.0, 1.0] worst-margin=[0.0, 0.0]
[2026-07-16 13:37:26,280][root][INFO] - Rollout node 32 state-in(traj0)=[0.86, 326.96, 301.51] decision(traj0)=[301.56]
[2026-07-16 13:37:26,281][root][INFO] - Rollout through node 32: mean cost-so-far -86.5, feasible paths 1/1
[2026-07-16 13:37:27,471][root][INFO] - Integration took 0.06247401237487793 seconds
[2026-07-16 13:37:27,765][root][INFO] - Rollout node 33: feasible 1/1, mean node-cost -2.853, mean cost-to-go (optimiser objective) -43.35, optimiser viable 1/1
[2026-07-16 13:37:27,765][root][INFO] - Rollout node 33 per-constraint feasible-frac=[1.0, 1.0] worst-margin=[0.0, 0.0]
[2026-07-16 13:37:27,765][root][INFO] - Rollout node 33 state-in(traj0)=[0.85, 327.27, 301.56] decision(traj0)=[301.27]
[2026-07-16 13:37:27,766][root][INFO] - Rollout through node 33: mean cost-so-far -89.36, feasible paths 1/1
[2026-07-16 13:37:28,971][root][INFO] - Integration took 0.058465003967285156 seconds
[2026-07-16 13:37:29,263][root][INFO] - Rollout node 34: feasible 1/1, mean node-cost -2.938, mean cost-to-go (optimiser objective) -41.11, optimiser viable 1/1
[2026-07-16 13:37:29,263][root][INFO] - Rollout node 34 per-constraint feasible-frac=[1.0, 1.0] worst-margin=[0.0, 0.0]
[2026-07-16 13:37:29,263][root][INFO] - Rollout node 34 state-in(traj0)=[0.85, 327.16, 301.27] decision(traj0)=[302.0]
[2026-07-16 13:37:29,263][root][INFO] - Rollout through node 34: mean cost-so-far -92.29, feasible paths 1/1
[2026-07-16 13:37:30,414][root][INFO] - Integration took 0.05830121040344238 seconds
[2026-07-16 13:37:30,706][root][INFO] - Rollout node 35: feasible 1/1, mean node-cost -2.965, mean cost-to-go (optimiser objective) -38.55, optimiser viable 1/1
[2026-07-16 13:37:30,706][root][INFO] - Rollout node 35 per-constraint feasible-frac=[1.0, 1.0] worst-margin=[0.0, 0.0]
[2026-07-16 13:37:30,706][root][INFO] - Rollout node 35 state-in(traj0)=[0.85, 327.8, 302.0] decision(traj0)=[301.36]
[2026-07-16 13:37:30,707][root][INFO] - Rollout through node 35: mean cost-so-far -95.26, feasible paths 1/1
[2026-07-16 13:37:31,693][root][INFO] - Integration took 0.05872201919555664 seconds
[2026-07-16 13:37:31,988][root][INFO] - Rollout node 36: feasible 1/1, mean node-cost -2.926, mean cost-to-go (optimiser objective) -36.2, optimiser viable 1/1
[2026-07-16 13:37:31,988][root][INFO] - Rollout node 36 per-constraint feasible-frac=[1.0, 1.0] worst-margin=[0.0, 0.0]
[2026-07-16 13:37:31,988][root][INFO] - Rollout node 36 state-in(traj0)=[0.85, 327.57, 301.36] decision(traj0)=[301.32]
[2026-07-16 13:37:31,989][root][INFO] - Rollout through node 36: mean cost-so-far -98.18, feasible paths 1/1
[2026-07-16 13:37:33,002][root][INFO] - Integration took 0.058744192123413086 seconds
[2026-07-16 13:37:33,302][root][INFO] - Rollout node 37: feasible 1/1, mean node-cost -2.977, mean cost-to-go (optimiser objective) -33.87, optimiser viable 1/1
[2026-07-16 13:37:33,302][root][INFO] - Rollout node 37 per-constraint feasible-frac=[1.0, 1.0] worst-margin=[0.0, 0.0]
[2026-07-16 13:37:33,302][root][INFO] - Rollout node 37 state-in(traj0)=[0.85, 327.34, 301.32] decision(traj0)=[300.65]
[2026-07-16 13:37:33,303][root][INFO] - Rollout through node 37: mean cost-so-far -101.2, feasible paths 1/1
[2026-07-16 13:37:35,508][root][INFO] - Integration took 0.06167125701904297 seconds
[2026-07-16 13:37:35,801][root][INFO] - Rollout node 38: feasible 1/1, mean node-cost -2.865, mean cost-to-go (optimiser objective) -31.57, optimiser viable 1/1
[2026-07-16 13:37:35,801][root][INFO] - Rollout node 38 per-constraint feasible-frac=[1.0, 1.0] worst-margin=[0.0, 0.0]
[2026-07-16 13:37:35,801][root][INFO] - Rollout node 38 state-in(traj0)=[0.85, 326.54, 300.65] decision(traj0)=[301.05]
[2026-07-16 13:37:35,802][root][INFO] - Rollout through node 38: mean cost-so-far -104, feasible paths 1/1
[2026-07-16 13:37:36,813][root][INFO] - Integration took 0.05902600288391113 seconds
[2026-07-16 13:37:37,101][root][INFO] - Rollout node 39: feasible 1/1, mean node-cost -2.744, mean cost-to-go (optimiser objective) -29.02, optimiser viable 1/1
[2026-07-16 13:37:37,101][root][INFO] - Rollout node 39 per-constraint feasible-frac=[1.0, 1.0] worst-margin=[0.0, 0.0]
[2026-07-16 13:37:37,101][root][INFO] - Rollout node 39 state-in(traj0)=[0.85, 326.42, 301.05] decision(traj0)=[301.41]
[2026-07-16 13:37:37,102][root][INFO] - Rollout through node 39: mean cost-so-far -106.8, feasible paths 1/1
[2026-07-16 13:37:38,101][root][INFO] - Integration took 0.06042885780334473 seconds
[2026-07-16 13:37:38,396][root][INFO] - Rollout node 40: feasible 1/1, mean node-cost -2.686, mean cost-to-go (optimiser objective) -26.65, optimiser viable 1/1
[2026-07-16 13:37:38,397][root][INFO] - Rollout node 40 per-constraint feasible-frac=[1.0, 1.0] worst-margin=[0.0, 0.0]
[2026-07-16 13:37:38,397][root][INFO] - Rollout node 40 state-in(traj0)=[0.86, 326.74, 301.41] decision(traj0)=[300.44]
[2026-07-16 13:37:38,397][root][INFO] - Rollout through node 40: mean cost-so-far -109.5, feasible paths 1/1
[2026-07-16 13:37:39,552][root][INFO] - Integration took 0.058748722076416016 seconds
[2026-07-16 13:37:39,846][root][INFO] - Rollout node 41: feasible 1/1, mean node-cost -2.601, mean cost-to-go (optimiser objective) -24.03, optimiser viable 1/1
[2026-07-16 13:37:39,847][root][INFO] - Rollout node 41 per-constraint feasible-frac=[1.0, 1.0] worst-margin=[0.0, 0.0]
[2026-07-16 13:37:39,847][root][INFO] - Rollout node 41 state-in(traj0)=[0.86, 326.02, 300.44] decision(traj0)=[302.0]
[2026-07-16 13:37:39,847][root][INFO] - Rollout through node 41: mean cost-so-far -112.1, feasible paths 1/1
[2026-07-16 13:37:40,870][root][INFO] - Integration took 0.05921316146850586 seconds
[2026-07-16 13:37:41,163][root][INFO] - Rollout node 42: feasible 1/1, mean node-cost -2.726, mean cost-to-go (optimiser objective) -21.51, optimiser viable 1/1
[2026-07-16 13:37:41,163][root][INFO] - Rollout node 42 per-constraint feasible-frac=[1.0, 1.0] worst-margin=[0.0, 0.0]
[2026-07-16 13:37:41,163][root][INFO] - Rollout node 42 state-in(traj0)=[0.86, 327.08, 302.0] decision(traj0)=[301.37]
[2026-07-16 13:37:41,163][root][INFO] - Rollout through node 42: mean cost-so-far -114.8, feasible paths 1/1
[2026-07-16 13:37:42,370][root][INFO] - Integration took 0.05888009071350098 seconds
[2026-07-16 13:37:42,665][root][INFO] - Rollout node 43: feasible 1/1, mean node-cost -2.867, mean cost-to-go (optimiser objective) -19.01, optimiser viable 1/1
[2026-07-16 13:37:42,666][root][INFO] - Rollout node 43 per-constraint feasible-frac=[1.0, 1.0] worst-margin=[0.0, 0.0]
[2026-07-16 13:37:42,666][root][INFO] - Rollout node 43 state-in(traj0)=[0.85, 327.16, 301.37] decision(traj0)=[302.0]
[2026-07-16 13:37:42,666][root][INFO] - Rollout through node 43: mean cost-so-far -117.7, feasible paths 1/1
[2026-07-16 13:37:45,233][root][INFO] - Integration took 0.05890202522277832 seconds
[2026-07-16 13:37:45,525][root][INFO] - Rollout node 44: feasible 1/1, mean node-cost -2.989, mean cost-to-go (optimiser objective) -16.26, optimiser viable 1/1
[2026-07-16 13:37:45,525][root][INFO] - Rollout node 44 per-constraint feasible-frac=[1.0, 1.0] worst-margin=[0.0, 0.0]
[2026-07-16 13:37:45,525][root][INFO] - Rollout node 44 state-in(traj0)=[0.85, 327.82, 302.0] decision(traj0)=[300.54]
[2026-07-16 13:37:45,525][root][INFO] - Rollout through node 44: mean cost-so-far -120.6, feasible paths 1/1
[2026-07-16 13:37:47,201][root][INFO] - Integration took 0.05920886993408203 seconds
[2026-07-16 13:37:47,494][root][INFO] - Rollout node 45: feasible 1/1, mean node-cost -2.925, mean cost-to-go (optimiser objective) -13.82, optimiser viable 1/1
[2026-07-16 13:37:47,494][root][INFO] - Rollout node 45 per-constraint feasible-frac=[1.0, 1.0] worst-margin=[0.0, 0.0]
[2026-07-16 13:37:47,494][root][INFO] - Rollout node 45 state-in(traj0)=[0.85, 326.78, 300.54] decision(traj0)=[301.57]
[2026-07-16 13:37:47,494][root][INFO] - Rollout through node 45: mean cost-so-far -123.6, feasible paths 1/1
[2026-07-16 13:37:48,739][root][INFO] - Integration took 0.06307721138000488 seconds
[2026-07-16 13:37:49,034][root][INFO] - Rollout node 46: feasible 1/1, mean node-cost -2.916, mean cost-to-go (optimiser objective) -11.23, optimiser viable 1/1
[2026-07-16 13:37:49,034][root][INFO] - Rollout node 46 per-constraint feasible-frac=[1.0, 1.0] worst-margin=[0.0, 0.0]
[2026-07-16 13:37:49,034][root][INFO] - Rollout node 46 state-in(traj0)=[0.85, 327.08, 301.57] decision(traj0)=[301.38]
[2026-07-16 13:37:49,035][root][INFO] - Rollout through node 46: mean cost-so-far -126.5, feasible paths 1/1
[2026-07-16 13:37:50,258][root][INFO] - Integration took 0.059333086013793945 seconds
[2026-07-16 13:37:50,552][root][INFO] - Rollout node 47: feasible 1/1, mean node-cost -2.886, mean cost-to-go (optimiser objective) -8.369, optimiser viable 1/1
[2026-07-16 13:37:50,552][root][INFO] - Rollout node 47 per-constraint feasible-frac=[1.0, 1.0] worst-margin=[0.0, 0.0]
[2026-07-16 13:37:50,552][root][INFO] - Rollout node 47 state-in(traj0)=[0.85, 327.12, 301.38] decision(traj0)=[300.75]
[2026-07-16 13:37:50,553][root][INFO] - Rollout through node 47: mean cost-so-far -129.4, feasible paths 1/1
[2026-07-16 13:37:51,775][root][INFO] - Integration took 0.05907082557678223 seconds
[2026-07-16 13:37:52,071][root][INFO] - Rollout node 48: feasible 1/1, mean node-cost -2.805, mean cost-to-go (optimiser objective) -5.612, optimiser viable 1/1
[2026-07-16 13:37:52,071][root][INFO] - Rollout node 48 per-constraint feasible-frac=[1.0, 1.0] worst-margin=[0.0, 0.0]
[2026-07-16 13:37:52,071][root][INFO] - Rollout node 48 state-in(traj0)=[0.85, 326.53, 300.75] decision(traj0)=[301.91]
[2026-07-16 13:37:52,072][root][INFO] - Rollout through node 48: mean cost-so-far -132.2, feasible paths 1/1
[2026-07-16 13:37:53,328][root][INFO] - Integration took 0.06316709518432617 seconds
[2026-07-16 13:37:53,624][root][INFO] - Rollout node 49: feasible 1/1, mean node-cost -2.905, mean cost-to-go (optimiser objective) -2.755, optimiser viable 1/1
[2026-07-16 13:37:53,624][root][INFO] - Rollout node 49 per-constraint feasible-frac=[1.0, 1.0] worst-margin=[0.0, 0.0]
[2026-07-16 13:37:53,624][root][INFO] - Rollout node 49 state-in(traj0)=[0.85, 327.27, 301.91] decision(traj0)=[301.68]
[2026-07-16 13:37:53,625][root][INFO] - Rollout through node 49: mean cost-so-far -135.1, feasible paths 1/1
[2026-07-16 13:37:53,627][root][INFO] - Saved 1 rollout trajectories over 50 nodes.
[2026-07-16 13:37:53,627][root][INFO] - Rollout plot: node 0, action_len=1, n_design=1, assigned=1.
[2026-07-16 13:37:53,627][root][INFO] - Rollout plot: node 1, action_len=1, n_design=1, assigned=1.
[2026-07-16 13:37:53,627][root][INFO] - Rollout plot: node 2, action_len=1, n_design=1, assigned=1.
[2026-07-16 13:37:53,627][root][INFO] - Rollout plot: node 3, action_len=1, n_design=1, assigned=1.
[2026-07-16 13:37:53,627][root][INFO] - Rollout plot: node 4, action_len=1, n_design=1, assigned=1.
[2026-07-16 13:37:53,627][root][INFO] - Rollout plot: node 5, action_len=1, n_design=1, assigned=1.
[2026-07-16 13:37:53,627][root][INFO] - Rollout plot: node 6, action_len=1, n_design=1, assigned=1.
[2026-07-16 13:37:53,627][root][INFO] - Rollout plot: node 7, action_len=1, n_design=1, assigned=1.
[2026-07-16 13:37:53,627][root][INFO] - Rollout plot: node 8, action_len=1, n_design=1, assigned=1.
[2026-07-16 13:37:53,627][root][INFO] - Rollout plot: node 9, action_len=1, n_design=1, assigned=1.
[2026-07-16 13:37:53,627][root][INFO] - Rollout plot: node 10, action_len=1, n_design=1, assigned=1.
[2026-07-16 13:37:53,628][root][INFO] - Rollout plot: node 11, action_len=1, n_design=1, assigned=1.
[2026-07-16 13:37:53,628][root][INFO] - Rollout plot: node 12, action_len=1, n_design=1, assigned=1.
[2026-07-16 13:37:53,628][root][INFO] - Rollout plot: node 13, action_len=1, n_design=1, assigned=1.
[2026-07-16 13:37:53,628][root][INFO] - Rollout plot: node 14, action_len=1, n_design=1, assigned=1.
[2026-07-16 13:37:53,628][root][INFO] - Rollout plot: node 15, action_len=1, n_design=1, assigned=1.
[2026-07-16 13:37:53,628][root][INFO] - Rollout plot: node 16, action_len=1, n_design=1, assigned=1.
[2026-07-16 13:37:53,628][root][INFO] - Rollout plot: node 17, action_len=1, n_design=1, assigned=1.
[2026-07-16 13:37:53,628][root][INFO] - Rollout plot: node 18, action_len=1, n_design=1, assigned=1.
[2026-07-16 13:37:53,628][root][INFO] - Rollout plot: node 19, action_len=1, n_design=1, assigned=1.
[2026-07-16 13:37:53,628][root][INFO] - Rollout plot: node 20, action_len=1, n_design=1, assigned=1.
[2026-07-16 13:37:53,628][root][INFO] - Rollout plot: node 21, action_len=1, n_design=1, assigned=1.
[2026-07-16 13:37:53,628][root][INFO] - Rollout plot: node 22, action_len=1, n_design=1, assigned=1.
[2026-07-16 13:37:53,628][root][INFO] - Rollout plot: node 23, action_len=1, n_design=1, assigned=1.
[2026-07-16 13:37:53,628][root][INFO] - Rollout plot: node 24, action_len=1, n_design=1, assigned=1.
[2026-07-16 13:37:53,628][root][INFO] - Rollout plot: node 25, action_len=1, n_design=1, assigned=1.
[2026-07-16 13:37:53,628][root][INFO] - Rollout plot: node 26, action_len=1, n_design=1, assigned=1.
[2026-07-16 13:37:53,628][root][INFO] - Rollout plot: node 27, action_len=1, n_design=1, assigned=1.
[2026-07-16 13:37:53,628][root][INFO] - Rollout plot: node 28, action_len=1, n_design=1, assigned=1.
[2026-07-16 13:37:53,628][root][INFO] - Rollout plot: node 29, action_len=1, n_design=1, assigned=1.
[2026-07-16 13:37:53,628][root][INFO] - Rollout plot: node 30, action_len=1, n_design=1, assigned=1.
[2026-07-16 13:37:53,628][root][INFO] - Rollout plot: node 31, action_len=1, n_design=1, assigned=1.
[2026-07-16 13:37:53,628][root][INFO] - Rollout plot: node 32, action_len=1, n_design=1, assigned=1.
[2026-07-16 13:37:53,628][root][INFO] - Rollout plot: node 33, action_len=1, n_design=1, assigned=1.
[2026-07-16 13:37:53,628][root][INFO] - Rollout plot: node 34, action_len=1, n_design=1, assigned=1.
[2026-07-16 13:37:53,628][root][INFO] - Rollout plot: node 35, action_len=1, n_design=1, assigned=1.
[2026-07-16 13:37:53,628][root][INFO] - Rollout plot: node 36, action_len=1, n_design=1, assigned=1.
[2026-07-16 13:37:53,628][root][INFO] - Rollout plot: node 37, action_len=1, n_design=1, assigned=1.
[2026-07-16 13:37:53,628][root][INFO] - Rollout plot: node 38, action_len=1, n_design=1, assigned=1.
[2026-07-16 13:37:53,628][root][INFO] - Rollout plot: node 39, action_len=1, n_design=1, assigned=1.
[2026-07-16 13:37:53,628][root][INFO] - Rollout plot: node 40, action_len=1, n_design=1, assigned=1.
[2026-07-16 13:37:53,628][root][INFO] - Rollout plot: node 41, action_len=1, n_design=1, assigned=1.
[2026-07-16 13:37:53,628][root][INFO] - Rollout plot: node 42, action_len=1, n_design=1, assigned=1.
[2026-07-16 13:37:53,628][root][INFO] - Rollout plot: node 43, action_len=1, n_design=1, assigned=1.
[2026-07-16 13:37:53,628][root][INFO] - Rollout plot: node 44, action_len=1, n_design=1, assigned=1.
[2026-07-16 13:37:53,628][root][INFO] - Rollout plot: node 45, action_len=1, n_design=1, assigned=1.
[2026-07-16 13:37:53,628][root][INFO] - Rollout plot: node 46, action_len=1, n_design=1, assigned=1.
[2026-07-16 13:37:53,628][root][INFO] - Rollout plot: node 47, action_len=1, n_design=1, assigned=1.
[2026-07-16 13:37:53,628][root][INFO] - Rollout plot: node 48, action_len=1, n_design=1, assigned=1.
[2026-07-16 13:37:53,628][root][INFO] - Rollout plot: node 49, action_len=1, n_design=1, assigned=1.
[2026-07-16 13:37:53,646][root][INFO] - Saved rollout policy (50-d): {'u0_node_0': np.float64(297.20948374383397), 'u0_node_1': np.float64(300.9993192489413), 'u0_node_2': np.float64(301.19505218491), 'u0_node_3': np.float64(300.9230735496603), 'u0_node_4': np.float64(300.3693881443282), 'u0_node_5': np.float64(301.7748009661921), 'u0_node_6': np.float64(302.0), 'u0_node_7': np.float64(300.83270991840095), 'u0_node_8': np.float64(301.4511097922479), 'u0_node_9': np.float64(300.9569671267062), 'u0_node_10': np.float64(300.47578749526275), 'u0_node_11': np.float64(301.7148424338385), 'u0_node_12': np.float64(302.0), 'u0_node_13': np.float64(300.6153188023661), 'u0_node_14': np.float64(300.0847734177038), 'u0_node_15': np.float64(301.0824039825146), 'u0_node_16': np.float64(300.68404661818323), 'u0_node_17': np.float64(301.36333986622833), 'u0_node_18': np.float64(300.9172773162841), 'u0_node_19': np.float64(301.4591817214186), 'u0_node_20': np.float64(301.080810438257), 'u0_node_21': np.float64(301.44845442086364), 'u0_node_22': np.float64(300.99336273422693), 'u0_node_23': np.float64(301.3188873826961), 'u0_node_24': np.float64(301.1139474681901), 'u0_node_25': np.float64(301.5443405032901), 'u0_node_26': np.float64(301.0929210510794), 'u0_node_27': np.float64(300.8376068765956), 'u0_node_28': np.float64(300.6674001308889), 'u0_node_29': np.float64(301.3454735268337), 'u0_node_30': np.float64(301.1385633589242), 'u0_node_31': np.float64(301.5123417747039), 'u0_node_32': np.float64(301.55866780165456), 'u0_node_33': np.float64(301.2702244207754), 'u0_node_34': np.float64(302.0), 'u0_node_35': np.float64(301.35530009541003), 'u0_node_36': np.float64(301.31702702736885), 'u0_node_37': np.float64(300.6522274276018), 'u0_node_38': np.float64(301.0506146856409), 'u0_node_39': np.float64(301.41331275794835), 'u0_node_40': np.float64(300.4428726662601), 'u0_node_41': np.float64(302.0), 'u0_node_42': np.float64(301.36560818533474), 'u0_node_43': np.float64(302.0), 'u0_node_44': np.float64(300.5354586528536), 'u0_node_45': np.float64(301.56644144842426), 'u0_node_46': np.float64(301.3839842262514), 'u0_node_47': np.float64(300.7506810441928), 'u0_node_48': np.float64(301.90716031404173), 'u0_node_49': np.float64(301.6844834973603)}
[2026-07-16 13:37:53,646][root][INFO] - Average cost-to-go (rollout, root to terminal): -135.1
[2026-07-16 13:37:53,646][root][INFO] - Rollout MC summary (N=1): realised cost mean=-135.1 std=0 [p10=-135.1 median=-135.1 p90=-135.1]; feasible paths=1/1 (100.0%)
[2026-07-16 13:37:53,819][root][INFO] - Function evaluations for node 0: 2200
[2026-07-16 13:37:53,819][root][INFO] - Function evaluations for node 1: 2200
[2026-07-16 13:37:53,819][root][INFO] - Function evaluations for node 2: 2200
[2026-07-16 13:37:53,819][root][INFO] - Function evaluations for node 3: 2200
[2026-07-16 13:37:53,819][root][INFO] - Function evaluations for node 4: 2200
[2026-07-16 13:37:53,819][root][INFO] - Function evaluations for node 5: 2200
[2026-07-16 13:37:53,819][root][INFO] - Function evaluations for node 6: 2200
[2026-07-16 13:37:53,819][root][INFO] - Function evaluations for node 7: 2200
[2026-07-16 13:37:53,819][root][INFO] - Function evaluations for node 8: 2200
[2026-07-16 13:37:53,819][root][INFO] - Function evaluations for node 9: 2200
[2026-07-16 13:37:53,819][root][INFO] - Function evaluations for node 10: 2200
[2026-07-16 13:37:53,819][root][INFO] - Function evaluations for node 11: 2200
[2026-07-16 13:37:53,819][root][INFO] - Function evaluations for node 12: 2200
[2026-07-16 13:37:53,819][root][INFO] - Function evaluations for node 13: 2200
[2026-07-16 13:37:53,819][root][INFO] - Function evaluations for node 14: 2200
[2026-07-16 13:37:53,819][root][INFO] - Function evaluations for node 15: 2200
[2026-07-16 13:37:53,819][root][INFO] - Function evaluations for node 16: 2200
[2026-07-16 13:37:53,819][root][INFO] - Function evaluations for node 17: 2200
[2026-07-16 13:37:53,819][root][INFO] - Function evaluations for node 18: 2200
[2026-07-16 13:37:53,819][root][INFO] - Function evaluations for node 19: 2200
[2026-07-16 13:37:53,819][root][INFO] - Function evaluations for node 20: 2200
[2026-07-16 13:37:53,819][root][INFO] - Function evaluations for node 21: 2200
[2026-07-16 13:37:53,819][root][INFO] - Function evaluations for node 22: 2200
[2026-07-16 13:37:53,819][root][INFO] - Function evaluations for node 23: 2200
[2026-07-16 13:37:53,819][root][INFO] - Function evaluations for node 24: 2200
[2026-07-16 13:37:53,819][root][INFO] - Function evaluations for node 25: 2200
[2026-07-16 13:37:53,819][root][INFO] - Function evaluations for node 26: 2200
[2026-07-16 13:37:53,819][root][INFO] - Function evaluations for node 27: 2200
[2026-07-16 13:37:53,819][root][INFO] - Function evaluations for node 28: 2200
[2026-07-16 13:37:53,819][root][INFO] - Function evaluations for node 29: 2200
[2026-07-16 13:37:53,820][root][INFO] - Function evaluations for node 30: 2200
[2026-07-16 13:37:53,820][root][INFO] - Function evaluations for node 31: 2200
[2026-07-16 13:37:53,820][root][INFO] - Function evaluations for node 32: 2200
[2026-07-16 13:37:53,820][root][INFO] - Function evaluations for node 33: 2200
[2026-07-16 13:37:53,820][root][INFO] - Function evaluations for node 34: 2200
[2026-07-16 13:37:53,820][root][INFO] - Function evaluations for node 35: 2200
[2026-07-16 13:37:53,820][root][INFO] - Function evaluations for node 36: 2200
[2026-07-16 13:37:53,820][root][INFO] - Function evaluations for node 37: 2200
[2026-07-16 13:37:53,820][root][INFO] - Function evaluations for node 38: 2200
[2026-07-16 13:37:53,820][root][INFO] - Function evaluations for node 39: 2200
[2026-07-16 13:37:53,820][root][INFO] - Function evaluations for node 40: 2200
[2026-07-16 13:37:53,820][root][INFO] - Function evaluations for node 41: 2200
[2026-07-16 13:37:53,820][root][INFO] - Function evaluations for node 42: 2200
[2026-07-16 13:37:53,820][root][INFO] - Function evaluations for node 43: 2200
[2026-07-16 13:37:53,820][root][INFO] - Function evaluations for node 44: 2200
[2026-07-16 13:37:53,820][root][INFO] - Function evaluations for node 45: 2200
[2026-07-16 13:37:53,820][root][INFO] - Function evaluations for node 46: 2200
[2026-07-16 13:37:53,820][root][INFO] - Function evaluations for node 47: 2200
[2026-07-16 13:37:53,820][root][INFO] - Function evaluations for node 48: 2200
[2026-07-16 13:37:53,820][root][INFO] - Function evaluations for node 49: 2200
[2026-07-16 13:37:54,616][root][INFO] - Saved rollout trajectory plot to rollout_trajectory.png (rollout)
